level_encoded,event_encoded,hour,seconds_since_last_log,ip_frequency,true_label,predicted,anomaly_score
2,4,0,0.0,252,0,0,0.07955027514576096
0,8,0,19.0,53,1,1,-0.04120452419414766
0,7,0,6.0,53,1,0,0.008687214184076142
1,4,0,1.0,242,0,0,0.10167198681189538
2,9,0,5.0,261,0,0,0.035051690969439386
1,0,0,14.0,210,0,0,0.020176705160458663
0,3,0,15.0,53,1,1,-0.010674039267083879
0,3,0,7.0,53,1,0,0.007641032343541521
1,2,0,2.0,256,0,0,0.09961552530720796
0,4,0,4.0,256,0,0,0.11558578893204718
0,7,0,13.0,55,1,1,-0.009736740401254051
0,7,0,6.0,53,1,0,0.008687214184076142
0,7,0,14.0,75,1,1,-0.014017769712859951
0,2,0,3.0,270,0,0,0.09678386507735415
0,3,0,12.0,67,1,0,0.0039495278958698865
0,1,0,13.0,75,1,1,-0.020109095569618596
1,9,0,7.0,248,0,0,0.07179518506259586
0,8,0,7.0,55,1,1,-0.006914070009032325
0,1,0,4.0,55,1,1,-0.01727588446654793
0,1,0,7.0,53,1,1,-0.019296840910608903
0,8,0,28.0,67,1,1,-0.047185322518353834
2,2,0,3.0,270,0,0,0.0720707973133079
0,7,0,4.0,67,1,0,0.012572195520546448
0,8,0,2.0,67,1,1,-0.009308044645075064
0,5,0,3.0,75,1,0,0.011682731396909896
1,4,0,6.0,261,0,0,0.11097483672379183
1,4,0,1.0,233,0,0,0.0950098315705864
0,9,0,1.0,258,0,0,0.05259033067319108
0,7,0,5.0,53,1,0,0.008481315117476185
0,8,0,4.0,53,1,1,-0.010566478923297429
0,7,0,3.0,67,1,0,0.010888380269930886
0,3,0,2.0,53,1,0,0.0020204930168745694
0,3,0,3.0,75,1,0,0.005288940704433642
0,1,0,4.0,55,1,1,-0.01727588446654793
0,5,0,8.0,75,1,0,0.014192591651239095
2,6,0,19.0,248,0,0,0.08582825058529397
0,5,0,8.0,75,1,0,0.014192591651239095
0,7,0,7.0,53,1,0,0.010498540839805615
2,9,0,2.0,242,0,0,0.044383450683455616
2,6,0,14.0,257,0,0,0.08392103442018473
2,9,0,7.0,248,0,0,0.04937987646054676
0,8,0,3.0,55,1,1,-0.010035627042023987
0,5,0,17.0,75,1,1,-0.008061355494036415
0,4,0,10.0,261,0,0,0.10434720056402924
0,7,0,8.0,67,1,0,0.01236330254475937
0,1,0,4.0,53,1,1,-0.017696655934691163
0,8,0,6.0,55,1,1,-0.007535123965585755
2,2,0,29.0,270,0,0,0.045820376133245744
0,7,0,16.0,53,1,1,-0.017041346272793634
0,8,0,15.0,67,1,1,-0.025091500728400495
0,8,0,7.0,67,1,1,-0.0008050967357622341
2,4,0,10.0,261,0,0,0.0926801061709771
0,3,0,0.0,55,1,1,-0.009609020911023669
0,0,0,6.0,210,0,0,0.04750384001114838
0,5,0,1.0,55,1,0,0.0008061648657174958
0,3,0,11.0,55,1,1,-0.001294458572574042
1,6,0,4.0,233,0,0,0.09108231452721383
0,7,0,17.0,67,1,1,-0.0136045125120825
1,2,0,13.0,253,0,0,0.10042913448896096
0,1,0,19.0,53,1,1,-0.038348181282036875
2,6,0,10.0,261,0,0,0.08023623402116697
2,2,0,3.0,234,0,0,0.07499423199986521
2,2,0,26.0,244,0,0,0.07781194449161699
0,1,0,28.0,67,1,1,-0.03885882398059981
0,1,0,4.0,55,1,1,-0.01727588446654793
0,9,0,0.0,234,0,0,0.04493117408457614
0,0,0,1.0,244,0,0,0.08076827284063981
0,3,0,10.0,53,1,1,-0.0013904907589521454
0,1,0,0.0,67,1,1,-0.021936080219263743
2,6,0,38.0,258,0,0,0.050801477372998005
1,2,0,1.0,244,0,0,0.09810373088729318
1,2,0,0.0,258,0,0,0.08463648592255502
0,3,0,3.0,53,1,0,0.0071924547187615095
2,2,0,3.0,210,0,0,0.020549814371288555
1,2,0,4.0,256,0,0,0.10224773840296864
0,3,0,23.0,67,1,1,-0.011677788959034263
2,9,0,18.0,270,0,0,0.021949302396311765
0,3,0,2.0,75,1,0,0.0005092288224073371
2,9,0,1.0,248,0,0,0.0420959117779407
2,6,0,15.0,252,0,0,0.0954841724910116
0,0,0,36.0,233,0,0,0.03574559967619173
0,7,0,3.0,55,1,0,0.005876140297354837
0,6,0,16.0,249,0,0,0.09820046835037044
2,4,0,11.0,242,0,0,0.09125877544772154
0,1,0,11.0,67,1,1,-0.01598791540874145
2,4,0,15.0,249,0,0,0.0991522221197203
2,0,0,1.0,233,0,0,0.04048653441363381
0,8,0,6.0,75,1,1,-0.01256777647582119
0,1,0,6.0,75,1,1,-0.005603165160325552
0,7,0,5.0,75,1,0,0.0034377148629282095
0,8,0,7.0,67,1,1,-0.0008050967357622341
0,8,0,2.0,67,1,1,-0.009308044645075064
0,3,0,3.0,53,1,0,0.0071924547187615095
1,2,0,25.0,242,0,0,0.08485030217705081
0,3,0,5.0,55,1,0,0.008759609645730082
0,8,0,6.0,67,1,1,-0.0018299844889905215
1,6,0,13.0,257,0,0,0.0996223847403358
0,5,0,12.0,55,1,0,0.002145255932025414
0,4,0,5.0,248,0,0,0.12276410080486355
0,8,0,9.0,75,1,1,-0.01466530943366362
0,1,0,6.0,67,1,1,-0.005826695331856313
0,6,0,5.0,248,0,0,0.11414362076340157
2,6,0,23.0,253,0,0,0.0773116937388304
1,2,0,31.0,248,0,0,0.08271599953329256
0,7,0,5.0,53,1,0,0.008481315117476185
2,6,0,4.0,236,0,0,0.0811667342857566
0,0,0,12.0,257,0,0,0.08011720662740252
0,5,0,20.0,53,1,1,-0.01691275549228266
0,7,0,1.0,53,1,1,-0.008701007979676989
0,7,0,1.0,75,1,1,-0.01070039498258768
0,5,0,3.0,67,1,0,0.018798829232696934
0,7,0,3.0,55,1,0,0.005876140297354837
0,8,0,3.0,53,1,1,-0.012535079782035385
1,9,0,5.0,257,0,0,0.06719669746827595
0,5,0,7.0,53,1,0,0.018256373878667964
2,2,0,7.0,257,0,0,0.09247616472508391
0,3,0,6.0,67,1,0,0.013092375563300007
2,6,0,12.0,210,0,0,0.017364470403312793
0,5,0,9.0,55,1,0,0.011171004800395568
1,6,0,1.0,272,0,0,0.07144314511190819
0,0,0,20.0,248,0,0,0.07721504204230312
0,1,0,7.0,67,1,1,-0.005413952200379879
0,7,0,1.0,55,1,1,-0.00801729912788407
0,4,0,21.0,248,0,0,0.1030198735804414
0,8,0,6.0,67,1,1,-0.0018299844889905215
2,4,0,15.0,249,0,0,0.0991522221197203
1,4,0,1.0,244,0,0,0.10681266863596661
0,1,0,1.0,75,1,1,-0.016976851110768187
2,6,0,5.0,249,0,0,0.09641807439960781
1,9,0,18.0,256,0,0,0.06371221132621852
2,2,0,30.0,270,0,0,0.046276510547741956
0,1,0,4.0,67,1,1,-0.008980144998788075
0,5,0,30.0,75,1,1,-0.026675756773380965
1,2,0,15.0,236,0,0,0.09072254680701985
0,1,0,3.0,67,1,1,-0.009518527937795063
1,6,0,9.0,233,0,0,0.09853283806801649
2,0,0,4.0,249,0,0,0.07329253995731821
2,6,0,31.0,233,0,0,0.04780186861026203
1,2,0,5.0,261,0,0,0.1022941015925678
0,7,0,3.0,67,1,0,0.010888380269930886
1,4,0,6.0,257,0,0,0.11464341309127501
0,3,0,14.0,75,1,1,-0.003627827846546472
0,7,0,3.0,55,1,0,0.005876140297354837
1,9,0,3.0,257,0,0,0.06257718896128595
0,9,0,34.0,270,0,0,0.019291776439551378
2,4,0,10.0,257,0,0,0.10024525504035531
1,0,0,6.0,272,0,0,0.056991883183299064
0,5,0,7.0,75,1,0,0.018310797308420113
0,3,0,5.0,67,1,0,0.01585305671226589
1,4,0,10.0,257,0,0,0.10944744845094817
0,1,0,3.0,75,1,1,-0.008730963200263897
0,3,0,1.0,55,1,1,-0.005056123982721705
0,5,0,7.0,75,1,0,0.018310797308420113
1,2,0,4.0,236,0,0,0.09746629117722283
0,0,0,5.0,234,0,0,0.08180163829486176
0,5,0,4.0,67,1,0,0.02066744838067791
0,8,0,11.0,55,1,1,-0.016988351119989975
2,4,0,21.0,257,0,0,0.0843948530812283
2,0,0,14.0,270,0,0,0.04898598769954021
0,3,0,9.0,55,1,0,0.001736631801589561
0,5,0,5.0,55,1,0,0.017037961659290723
0,7,0,2.0,75,1,1,-0.005505877519721758
0,7,0,26.0,55,1,1,-0.0391239653808626
2,2,0,18.0,257,0,0,0.08249055811933492
0,0,0,6.0,272,0,0,0.06375798301416968
0,8,0,2.0,55,1,1,-0.018271040622887647
0,8,0,2.0,53,1,1,-0.02080399312209613
0,5,0,0.0,75,1,1,-0.00355945322286777
0,5,0,5.0,75,1,0,0.014902558988315162
1,9,0,7.0,272,0,0,0.04893207351364082
1,2,0,0.0,233,0,0,0.08044292172889977
0,7,0,17.0,75,1,1,-0.020146541871199908
0,4,0,8.0,272,0,0,0.0865567464593372
0,3,0,4.0,55,1,0,0.006608873117932013
2,4,0,5.0,252,0,0,0.10375065546836737
0,1,0,0.0,53,1,1,-0.029145116393996418
2,0,0,13.0,272,0,0,0.04027136273456844
0,6,0,5.0,261,0,0,0.10163802357960638
0,8,0,1.0,67,1,1,-0.01615002332514437
2,2,0,8.0,256,0,0,0.09270672731029572
2,0,0,0.0,257,0,0,0.05202689851750231
0,3,0,1.0,67,1,0,0.0004244831941151439
1,4,0,5.0,270,0,0,0.09662706514908259
0,3,0,7.0,75,1,0,0.011807761007582074
0,1,0,6.0,53,1,1,-0.019296840910608903
2,4,0,17.0,257,0,0,0.09046687108879614
1,4,0,0.0,261,0,0,0.09544154810395589
0,0,0,3.0,253,0,0,0.08591276166855877
0,0,0,0.0,236,0,0,0.06890935384259567
2,9,0,7.0,234,0,0,0.035130169606605754
0,1,0,2.0,75,1,1,-0.013535806175729026
0,8,0,3.0,67,1,1,-0.003158113088988168
0,5,0,19.0,67,1,1,-0.008498372809145782
0,3,0,4.0,75,1,0,0.007618887423790133
0,8,0,3.0,55,1,1,-0.010035627042023987
0,9,0,2.0,270,0,0,0.04544611653565633
0,3,0,2.0,55,1,0,0.001469648665296197
0,8,0,7.0,75,1,1,-0.011256305424626745
0,5,0,15.0,55,1,1,-0.005504232192207081
0,5,0,7.0,67,1,0,0.025152992338284386
0,9,0,12.0,210,0,0,0.022706980640148644
0,4,0,17.0,270,0,0,0.08333012217145108
0,7,0,20.0,67,1,1,-0.02668014986366729
0,8,0,11.0,53,1,1,-0.021206952255698575
0,0,0,11.0,256,0,0,0.08061594208457701
1,0,0,7.0,272,0,0,0.053121006882220656
0,7,0,14.0,75,1,1,-0.014017769712859951
1,0,0,4.0,233,0,0,0.06878079577271823
2,9,0,20.0,270,0,0,0.018008201590837047
0,3,0,4.0,75,1,0,0.007618887423790133
0,3,0,2.0,55,1,0,0.001469648665296197
1,9,0,5.0,272,0,0,0.045455263905111565
2,2,0,10.0,242,0,0,0.08796082734347077
0,2,0,4.0,270,0,0,0.09758357231675197
1,2,0,27.0,252,0,0,0.08321760725616467
0,9,0,3.0,257,0,0,0.0653369588985715
0,6,0,3.0,261,0,0,0.10086323200020109
1,2,0,12.0,248,0,0,0.10833105655397085
1,6,0,5.0,248,0,0,0.10778461282368368
0,5,0,5.0,67,1,0,0.022514010013664376
2,9,0,21.0,270,0,0,0.015606715143703376
0,7,0,2.0,75,1,1,-0.005505877519721758
0,5,0,14.0,53,1,1,-0.0019336524533252186
0,5,0,10.0,53,1,0,0.006467214640452967
0,3,0,3.0,67,1,0,0.0104759309978395
0,3,0,16.0,67,1,1,-0.004402063850967197
0,1,0,2.0,55,1,1,-0.021090497808208264
2,9,0,3.0,234,0,0,0.03336832957914948
0,7,0,5.0,53,1,0,0.008481315117476185
2,9,0,2.0,256,0,0,0.04284286086329192
1,0,0,9.0,210,0,0,0.018782445255852154
2,9,0,16.0,210,0,1,-0.02264145933273365
1,9,0,19.0,270,0,0,0.04113141263595632
0,8,0,2.0,75,1,1,-0.020450607809503807
0,3,0,5.0,53,1,0,0.006478589188945172
0,8,0,1.0,67,1,1,-0.01615002332514437
2,2,0,26.0,248,0,0,0.08205364180189179
0,7,0,7.0,53,1,0,0.010498540839805615
1,0,0,11.0,244,0,0,0.07626607588206391
0,1,0,2.0,67,1,1,-0.0143295425437866
2,9,0,14.0,256,0,0,0.04422538124092634
0,3,0,0.0,53,1,1,-0.009463257994172802
0,5,0,18.0,67,1,1,-0.007316958563986287
0,8,0,6.0,75,1,1,-0.01256777647582119
0,7,0,20.0,67,1,1,-0.02668014986366729
0,7,0,0.0,67,1,1,-0.008373182194618356
0,1,0,7.0,53,1,1,-0.019296840910608903
2,6,0,0.0,261,0,0,0.06004171131120184
0,7,0,2.0,67,1,0,0.006096309389406307
1,4,0,4.0,242,0,0,0.10645721690752158
0,3,0,2.0,55,1,0,0.001469648665296197
0,8,0,2.0,55,1,1,-0.018271040622887647
0,0,0,4.0,249,0,0,0.09301906802588678
0,8,0,3.0,75,1,1,-0.014189020453420187
2,2,0,3.0,248,0,0,0.09664907262656774
0,5,0,2.0,75,1,0,0.006289595878263832
0,9,0,3.0,261,0,0,0.05922167490676489
0,5,0,14.0,75,1,1,-0.0006325816145540397
1,0,0,3.0,236,0,0,0.06846599889321792
2,6,0,4.0,242,0,0,0.08864512311581896
0,7,0,18.0,55,1,1,-0.02434906012242799
0,5,0,15.0,75,1,1,-0.003228216080595203
0,8,0,1.0,55,1,1,-0.026002239565993346
0,7,0,27.0,67,1,1,-0.03705443131221886
0,3,0,7.0,53,1,0,0.007641032343541521
2,4,0,6.0,244,0,0,0.0991471411234699
0,3,0,5.0,67,1,0,0.01585305671226589
0,3,0,22.0,75,1,1,-0.01552779214805966
2,6,0,2.0,257,0,0,0.08424878339207065
0,7,0,23.0,67,1,1,-0.029488784236380794
0,8,0,6.0,75,1,1,-0.01256777647582119
0,9,0,8.0,270,0,0,0.04755454493830402
0,3,0,29.0,75,1,1,-0.024519330084629476
0,5,0,2.0,53,1,0,0.007006861806188369
0,3,0,42.0,67,1,1,-0.03771932991324267
0,9,0,2.0,261,0,0,0.05679712821755556
0,3,0,13.0,67,1,0,0.0027294851687743593
0,7,0,4.0,55,1,0,0.009187255008674233
0,7,0,12.0,55,1,1,-0.003692210368455018
0,8,0,12.0,75,1,1,-0.022042878236487873
2,6,0,26.0,261,0,0,0.06310157890046264
2,9,0,3.0,270,0,0,0.019015903407684553
2,9,0,5.0,257,0,0,0.044986563925434986
0,1,0,8.0,75,1,1,-0.009803206574634182
0,5,0,13.0,67,1,0,0.005753504572832413
0,5,0,13.0,75,1,0,0.0007278638571455165
0,8,0,36.0,67,1,1,-0.059695707914233065
0,9,0,6.0,244,0,0,0.07008767766640567
0,3,0,3.0,67,1,0,0.0104759309978395
0,5,0,3.0,75,1,0,0.011682731396909896
0,7,0,2.0,75,1,1,-0.005505877519721758
1,6,0,4.0,257,0,0,0.1023106378228742
0,4,0,8.0,258,0,0,0.10958968257248225
0,8,0,2.0,55,1,1,-0.018271040622887647
0,3,0,3.0,53,1,0,0.0071924547187615095
0,1,0,3.0,67,1,1,-0.009518527937795063
0,8,0,13.0,75,1,1,-0.026986911508902756
0,8,0,6.0,53,1,1,-0.010856413812573185
2,6,0,15.0,253,0,0,0.0942680511008065
0,1,0,5.0,55,1,1,-0.015039217708774921
0,5,0,4.0,55,1,0,0.01605339586747978
0,4,0,4.0,257,0,0,0.11558578893204718
0,3,0,7.0,75,1,0,0.011807761007582074
0,8,0,7.0,53,1,1,-0.009816266484218739
2,9,0,2.0,210,0,1,-0.018210395038645633
0,7,0,11.0,55,1,0,0.00028839095382837687
0,5,0,2.0,55,1,0,0.0068650096378447545
0,3,0,9.0,75,1,0,0.005858645446916166
1,9,0,7.0,253,0,0,0.07108447745573188
2,9,0,5.0,248,0,0,0.05028623840881097
0,0,0,8.0,248,0,0,0.09401588390287197
0,1,0,34.0,55,1,1,-0.05532541747518749
1,6,0,4.0,270,0,0,0.0800024939516435
0,9,0,4.0,236,0,0,0.06414127879294251
0,5,0,21.0,53,1,1,-0.01961528529220591
0,8,0,8.0,55,1,1,-0.00922475719926752
0,7,0,6.0,67,1,0,0.01410098085044087
0,7,0,3.0,75,1,1,-0.0006208824438034277
0,8,0,3.0,75,1,1,-0.014189020453420187
0,9,0,6.0,248,0,0,0.07255553570396023
0,1,0,1.0,55,1,1,-0.02657837159227483
0,3,0,8.0,67,1,0,0.012151944237951628
0,8,0,5.0,55,1,1,-0.006833050565753229
1,0,0,3.0,272,0,0,0.05196449646549317
0,6,0,1.0,272,0,0,0.07898159624341794
0,2,0,19.0,210,0,0,0.05878552184851893
1,2,0,0.0,256,0,0,0.08568654701042544
0,3,0,18.0,67,1,1,-0.009658732866954178
0,5,0,2.0,53,1,0,0.007006861806188369
0,7,0,11.0,75,1,1,-0.002440079937994666
0,1,0,11.0,75,1,1,-0.014922022835672233
0,5,0,6.0,53,1,0,0.014992362295792483
0,7,0,6.0,53,1,0,0.008687214184076142
1,6,0,11.0,261,0,0,0.09584145373086728
0,5,0,0.0,75,1,1,-0.00355945322286777
2,6,0,3.0,253,0,0,0.09203343419415788
0,0,0,31.0,252,0,0,0.06578122964024469
2,6,0,15.0,248,0,0,0.09524094958920992
0,1,0,5.0,67,1,1,-0.005035943311412661
0,3,0,7.0,75,1,0,0.011807761007582074
0,5,0,2.0,53,1,0,0.007006861806188369
0,7,0,14.0,67,1,1,-0.006299070481765923
0,2,0,5.0,249,0,0,0.11735667563195668
0,1,0,4.0,75,1,1,-0.007840374868333444
0,5,0,2.0,75,1,0,0.006289595878263832
1,6,0,2.0,249,0,0,0.0998099231646784
1,4,0,1.0,244,0,0,0.10681266863596661
0,1,0,7.0,75,1,1,-0.004778260329629802
0,1,0,2.0,75,1,1,-0.013535806175729026
0,3,0,5.0,53,1,0,0.006478589188945172
0,8,0,14.0,67,1,1,-0.021131471682043323
0,7,0,4.0,55,1,0,0.009187255008674233
0,8,0,2.0,55,1,1,-0.018271040622887647
0,5,0,4.0,75,1,0,0.013914413832920136
0,6,0,14.0,257,0,0,0.09645019133587962
0,6,0,1.0,253,0,0,0.10207259849233807
0,9,0,2.0,234,0,0,0.06186806847764992
0,0,0,8.0,253,0,0,0.08726601556889513
0,2,0,1.0,236,0,0,0.10649687939838587
1,6,0,8.0,234,0,0,0.0929516591569507
1,0,0,10.0,258,0,0,0.07007697645676503
0,2,0,9.0,248,0,0,0.11885178920671974
0,3,0,11.0,67,1,0,0.006179546969600214
0,5,0,12.0,67,1,0,0.007775321663304857
0,1,0,1.0,75,1,1,-0.016976851110768187
0,5,0,2.0,53,1,0,0.007006861806188369
1,6,0,8.0,233,0,0,0.09329759280929306
0,1,0,1.0,67,1,1,-0.01855498157621671
0,7,0,16.0,53,1,1,-0.017041346272793634
0,5,0,3.0,75,1,0,0.011682731396909896
0,1,0,2.0,75,1,1,-0.013535806175729026
2,6,0,21.0,272,0,0,0.04694606797294332
0,7,0,2.0,67,1,0,0.006096309389406307
0,1,0,3.0,53,1,1,-0.015807136564715996
0,8,0,5.0,55,1,1,-0.006833050565753229
0,9,0,3.0,242,0,0,0.06999997144244074
0,1,0,28.0,53,1,1,-0.049938876319528536
0,7,0,4.0,67,1,0,0.012572195520546448
0,1,0,7.0,75,1,1,-0.004778260329629802
1,9,0,2.0,234,0,0,0.04976122259867566
0,2,0,0.0,272,0,0,0.08071165313503126
0,8,0,9.0,55,1,1,-0.012910830904327986
0,8,0,3.0,67,1,1,-0.003158113088988168
0,1,0,7.0,75,1,1,-0.004778260329629802
0,3,0,1.0,67,1,0,0.0004244831941151439
1,4,0,11.0,256,0,0,0.11032739623255439
0,7,0,1.0,53,1,1,-0.008701007979676989
0,1,0,0.0,55,1,1,-0.02957392113932833
0,8,0,16.0,75,1,1,-0.031844398078726965
2,6,0,11.0,257,0,0,0.08812938137326731
2,2,0,32.0,236,0,0,0.0655571002785712
0,1,0,16.0,75,1,1,-0.025709777930301825
0,3,0,14.0,75,1,1,-0.003627827846546472
0,1,0,3.0,75,1,1,-0.008730963200263897
0,7,0,5.0,55,1,0,0.009950823730706326
1,9,0,7.0,257,0,0,0.07143231300184016
0,7,0,7.0,75,1,0,0.0054118953080062315
2,4,0,12.0,270,0,0,0.07200819295449934
0,6,0,4.0,248,0,0,0.11449900690232229
0,5,0,31.0,53,1,1,-0.036588338339623494
0,7,0,0.0,75,1,1,-0.018630185060884763
1,6,0,12.0,233,0,0,0.09769744258743973
2,4,0,6.0,233,0,0,0.0794174650503986
0,5,0,6.0,75,1,0,0.015188925127011643
0,7,0,2.0,55,1,1,-0.0009160816783129189
0,1,0,4.0,55,1,1,-0.01727588446654793
0,1,0,3.0,53,1,1,-0.015807136564715996
2,4,0,2.0,272,0,0,0.06272434461143328
0,3,0,8.0,67,1,0,0.012151944237951628
0,7,0,9.0,75,1,0,0.0005920452517647057
0,5,0,8.0,53,1,0,0.01413778582195191
0,0,0,6.0,210,0,0,0.04750384001114838
0,5,0,4.0,67,1,0,0.02066744838067791
1,0,0,5.0,257,0,0,0.074874681467069
0,6,0,11.0,257,0,0,0.10459709264797618
0,5,0,1.0,67,1,0,0.00822595146046634
2,2,0,9.0,261,0,0,0.08734465573886463
0,1,0,7.0,55,1,1,-0.01719042339483412
0,8,0,23.0,55,1,1,-0.04623748156774654
2,4,0,2.0,248,0,0,0.09432955629039996
1,4,0,6.0,252,0,0,0.11270295950376957
0,7,0,5.0,53,1,0,0.008481315117476185
0,7,0,4.0,75,1,0,0.0022585056651924784
0,8,0,5.0,75,1,1,-0.011026563688706914
1,6,0,2.0,270,0,0,0.0776144404585517
0,5,0,27.0,53,1,1,-0.028926830300200046
0,8,0,4.0,75,1,1,-0.01185992927563384
0,6,0,13.0,248,0,0,0.10560247084415547
0,1,0,5.0,55,1,1,-0.015039217708774921
0,8,0,16.0,75,1,1,-0.031844398078726965
2,6,0,2.0,272,0,0,0.056340946423832694
0,8,0,3.0,67,1,1,-0.003158113088988168
0,6,1,37.0,253,0,0,0.06736624863822949
1,4,1,7.0,249,0,0,0.1257478786088692
0,6,1,24.0,253,0,0,0.09043745827161198
2,9,1,11.0,252,0,0,0.07046103185989405
0,2,1,23.0,248,0,0,0.10089714303431485
0,0,1,8.0,257,0,0,0.08838710018048945
2,4,1,49.0,236,0,0,0.04870387845153046
2,2,1,15.0,256,0,0,0.10710422773292538
0,2,1,8.0,272,0,0,0.09103509284583167
2,4,1,8.0,236,0,0,0.10217301888909758
0,2,1,6.0,234,0,0,0.10467858119453272
2,9,1,5.0,234,0,0,0.05505015537691782
2,0,1,8.0,210,0,0,0.006909996808209029
2,9,1,13.0,236,0,0,0.053173427759145575
0,4,1,17.0,270,0,0,0.09440320463667795
2,6,1,21.0,257,0,0,0.09163322349494463
0,2,1,15.0,210,0,0,0.06427648367565952
2,4,1,2.0,257,0,0,0.10603793415526963
0,9,1,0.0,248,0,0,0.05795920147320832
2,2,1,0.0,257,0,0,0.08377031532232337
2,2,1,2.0,270,0,0,0.07770325803615907
0,4,1,17.0,210,0,0,0.05489276930944886
0,4,1,5.0,234,0,0,0.10909359611317321
1,9,1,78.0,248,0,1,-0.017650131980846973
0,0,1,10.0,248,0,0,0.09514425344169053
2,9,1,34.0,257,0,0,0.03546622487462647
0,9,1,46.0,252,0,0,0.03739250499399993
1,9,1,11.0,270,0,0,0.06471702324490969
0,9,1,36.0,257,0,0,0.043850261338172714
1,2,1,18.0,236,0,0,0.10136639700610872
1,6,1,1.0,256,0,0,0.1071218652810213
2,9,1,23.0,257,0,0,0.047725344612819964
2,2,1,14.0,261,0,0,0.09912426833493837
1,2,1,6.0,261,0,0,0.11368441919602584
0,4,1,5.0,258,0,0,0.11411917497119112
2,2,1,28.0,256,0,0,0.08711882553267214
0,9,1,8.0,253,0,0,0.08168240717139397
2,6,1,18.0,233,0,0,0.07962507298693788
0,0,1,12.0,257,0,0,0.08515874025215942
0,0,1,14.0,253,0,0,0.08650888663983858
1,6,1,28.0,249,0,0,0.10048278618369966
1,6,1,78.0,233,0,1,-0.009387363090228362
1,9,1,36.0,252,0,0,0.057044063173097403
2,2,1,8.0,248,0,0,0.11631389223853428
0,0,1,24.0,210,0,0,0.026655240181054474
1,9,1,9.0,248,0,0,0.0891344691390692
2,4,1,7.0,261,0,0,0.10813378404122365
0,4,1,45.0,270,0,0,0.04505533125842942
2,0,1,58.0,233,0,1,-0.021140290036495202
2,2,1,21.0,257,0,0,0.09524081684340713
0,2,1,65.0,253,0,0,0.00836667634045396
0,4,1,31.0,270,0,0,0.07477512144141318
2,9,1,18.0,248,0,0,0.06357843699696675
1,6,1,19.0,249,0,0,0.11381568086886867
1,0,1,19.0,242,0,0,0.0793332042360092
2,2,1,47.0,248,0,0,0.05867922786110025
2,9,1,5.0,270,0,0,0.04296173705915407
2,0,1,23.0,258,0,0,0.06573251763986387
0,6,1,8.0,270,0,0,0.10204382476221985
2,0,1,0.0,233,0,0,0.04584935465416207
0,0,1,5.0,210,0,0,0.043379057851993696
0,2,1,10.0,258,0,0,0.10748887231120102
2,0,1,4.0,244,0,0,0.08777822711388339
1,0,1,5.0,248,0,0,0.09615381649606058
0,9,1,27.0,236,0,0,0.045294537669356205
1,0,1,2.0,236,0,0,0.07576953474493187
2,4,1,18.0,257,0,0,0.10532882713044756
1,2,1,18.0,257,0,0,0.1075308731372443
0,4,1,16.0,261,0,0,0.10253876641387882
2,9,1,6.0,248,0,0,0.0713481686410593
1,6,1,19.0,257,0,0,0.11298171960380815
2,2,1,17.0,257,0,0,0.1017099799149016
0,4,1,2.0,258,0,0,0.11127807522611893
0,6,1,11.0,258,0,0,0.10789504926578963
1,9,1,6.0,261,0,0,0.07306186261638237
2,0,1,41.0,233,0,0,0.02273953023884301
1,6,1,8.0,257,0,0,0.1214122630561616
1,2,1,23.0,272,0,0,0.08224355283915996
1,6,1,2.0,257,0,0,0.11100933750695785
2,2,1,36.0,234,0,0,0.06921328672010585
2,0,1,12.0,210,0,0,0.007710616201265563
0,6,1,36.0,270,0,0,0.05720348664059227
1,2,1,7.0,253,0,0,0.11448294592554037
0,9,1,6.0,270,0,0,0.06091366681490429
0,0,1,8.0,258,0,0,0.08732068209536781
2,0,1,23.0,253,0,0,0.06966779733093276
2,4,1,51.0,256,0,0,0.05585301866087877
2,0,1,6.0,256,0,0,0.0914153105096347
2,4,1,1.0,252,0,0,0.10020875357102033
1,9,1,28.0,244,0,0,0.06364590685451565
1,9,1,6.0,236,0,0,0.06697189276210147
0,0,1,14.0,210,0,0,0.039036648266300045
1,2,1,3.0,248,0,0,0.1107075443480191
0,9,1,3.0,270,0,0,0.05446731549757455
1,2,1,7.0,256,0,0,0.11421455703724354
1,2,1,11.0,248,0,0,0.11910073578825586
2,9,1,5.0,252,0,0,0.06718362927490495
0,6,1,26.0,261,0,0,0.08558975204361152
1,0,1,6.0,272,0,0,0.07076989645492959
2,9,1,36.0,210,0,1,-0.030763087010477252
1,9,1,29.0,261,0,0,0.06081613770487815
2,4,1,52.0,248,0,0,0.05099124972204261
0,0,1,2.0,252,0,0,0.08649900355630369
1,6,1,3.0,261,0,0,0.10110978251120661
1,0,1,19.0,253,0,0,0.08412325168486634
1,0,1,2.0,252,0,0,0.08264024767440303
2,9,1,5.0,257,0,0,0.06320075089868404
1,0,1,4.0,270,0,0,0.07475439874485157
2,0,1,6.0,249,0,0,0.09076099975996532
0,4,1,4.0,270,0,0,0.10400829745953799
0,9,1,3.0,234,0,0,0.06517572788052428
0,0,1,3.0,272,0,0,0.06487934990274002
0,0,1,2.0,248,0,0,0.08796981706158591
2,9,1,26.0,234,0,0,0.045851761439912764
2,6,1,5.0,253,0,0,0.11198533428704721
1,6,1,7.0,249,0,0,0.11869352119450532
1,2,1,14.0,234,0,0,0.10555215769744275
2,4,1,17.0,257,0,0,0.10766038542889161
2,4,1,20.0,261,0,0,0.09496041068871952
0,0,1,17.0,270,0,0,0.06073270014641485
2,9,1,14.0,258,0,0,0.06124659106003727
1,6,1,22.0,248,0,0,0.11123188771039694
1,6,1,5.0,257,0,0,0.11878309370341589
0,2,1,30.0,270,0,0,0.07588856631574681
2,4,1,39.0,248,0,0,0.07876188716911514
2,2,1,30.0,242,0,0,0.08590427174623605
1,4,1,1.0,252,0,0,0.11464233083490932
1,0,1,3.0,256,0,0,0.08377856801576666
1,2,1,0.0,270,0,0,0.08627387550401622
0,6,1,2.0,210,0,0,0.05360597777340037
2,9,1,12.0,236,0,0,0.05751629246100587
0,6,1,3.0,261,0,0,0.10371793080731828
1,9,1,1.0,234,0,0,0.055451803423818835
1,6,1,16.0,248,0,0,0.11927020104579289
2,0,1,1.0,210,0,0,0.0009216606683738471
2,2,1,9.0,252,0,0,0.11159950477867386
0,9,1,19.0,257,0,0,0.058595218413656
0,9,1,39.0,272,0,0,0.02008301689863512
1,4,1,5.0,272,0,0,0.10178300618789138
1,0,1,5.0,270,0,0,0.0795211879018275
0,9,1,15.0,248,0,0,0.0763394613763112
1,6,1,40.0,253,0,0,0.07680427397300738
0,2,1,35.0,248,0,0,0.08548555197215524
0,6,1,9.0,261,0,0,0.11017229105173038
0,6,1,13.0,234,0,0,0.09210322771887669
2,4,1,14.0,249,0,0,0.1165534047618546
1,2,1,8.0,248,0,0,0.11559034451531786
1,9,1,0.0,234,0,0,0.05359154572700631
0,6,1,5.0,252,0,0,0.11209781743286801
0,6,1,1.0,234,0,0,0.0897911060568688
1,6,1,19.0,210,0,0,0.044234719811034884
2,6,1,3.0,248,0,0,0.10562843669353528
1,6,1,19.0,236,0,0,0.10145290038408161
1,9,1,39.0,256,0,0,0.05252732245323033
0,0,1,8.0,258,0,0,0.08732068209536781
1,6,1,72.0,257,0,0,0.016011807158113345
2,9,1,32.0,257,0,0,0.03854391408902602
1,6,1,4.0,257,0,0,0.11621573309821676
2,4,1,28.0,253,0,0,0.09788149464166573
1,0,1,28.0,257,0,0,0.07137218825843406
1,9,1,11.0,270,0,0,0.06471702324490969
0,9,1,17.0,272,0,0,0.0458180640705842
2,6,1,11.0,261,0,0,0.09607675111644476
0,4,1,25.0,272,0,0,0.07774662242148245
1,4,1,23.0,272,0,0,0.0875312723927435
2,9,1,17.0,249,0,0,0.06609457874549973
1,9,1,49.0,270,0,0,0.017841426992333154
1,4,1,0.0,210,0,0,0.04605643216512434
2,0,1,21.0,249,0,0,0.07365515797009403
2,0,1,1.0,234,0,0,0.05148114725158415
2,4,1,17.0,252,0,0,0.11271136947414562
2,0,1,55.0,253,0,0,0.010852478778943908
2,0,1,20.0,257,0,0,0.07193259444659439
0,9,1,11.0,234,0,0,0.06486969825202615
0,4,1,17.0,261,0,0,0.10157616183782048
0,6,1,10.0,257,0,0,0.1106013129484979
0,0,1,36.0,234,0,0,0.042573344143504
1,9,1,14.0,258,0,0,0.08230088012094572
0,4,1,8.0,258,0,0,0.11506995795743669
1,4,1,27.0,233,0,0,0.10411737481086913
2,0,1,30.0,257,0,0,0.05913435598027672
2,0,1,5.0,248,0,0,0.09078070383679115
2,2,1,27.0,253,0,0,0.09512295137407378
2,6,1,15.0,249,0,0,0.10971989342346705
1,9,1,5.0,270,0,0,0.05959030894430761
0,2,1,1.0,248,0,0,0.10958416645733693
1,9,1,91.0,261,0,1,-0.036507651897099924
1,9,1,0.0,258,0,0,0.06056138147723
0,9,1,5.0,270,0,0,0.05803082122359482
0,6,1,7.0,242,0,0,0.11288421529317605
2,4,1,8.0,258,0,0,0.11318520411364441
0,0,1,30.0,257,0,0,0.06533953933031045
0,2,1,3.0,242,0,0,0.11409130588986521
1,6,1,2.0,236,0,0,0.09410769757697046
0,4,1,2.0,234,0,0,0.10511540146278586
1,4,1,5.0,252,0,0,0.12461041491196284
0,2,1,45.0,257,0,0,0.05335247383291619
0,2,1,1.0,236,0,0,0.10238512900051377
0,0,1,19.0,270,0,0,0.05415006496667252
1,2,1,6.0,272,0,0,0.09683893583973646
0,2,1,0.0,248,0,0,0.10256381325419095
1,6,1,8.0,244,0,0,0.11256745389357303
2,4,1,10.0,252,0,0,0.12040207814784587
0,2,1,7.0,210,0,0,0.06277115290616864
2,2,1,10.0,249,0,0,0.11542161477837554
0,0,1,45.0,253,0,0,0.03851768697346747
1,6,1,9.0,257,0,0,0.12374557636887556
0,0,1,44.0,272,0,0,0.010841923445300328
2,9,1,6.0,236,0,0,0.05775437816471485
1,6,1,10.0,236,0,0,0.10804302092852713
0,0,1,22.0,234,0,0,0.06395799983892192
2,2,1,8.0,236,0,0,0.09857461051430827
1,6,1,4.0,257,0,0,0.11621573309821676
2,6,1,6.0,257,0,0,0.10640815145958604
0,6,2,90.0,261,0,1,-0.03115031595964357
1,0,2,17.0,256,0,0,0.09458484848078086
1,0,2,4.0,270,0,0,0.08353106172697788
2,0,2,37.0,270,0,0,0.03492195945334087
1,4,2,36.0,253,0,0,0.10030361221251771
2,9,2,17.0,258,0,0,0.0678033860429843
0,0,2,79.0,272,0,1,-0.047178895038387014
0,6,2,1.0,272,0,0,0.08769788514409571
0,2,2,30.0,261,0,0,0.09086959238011949
0,6,2,50.0,233,0,0,0.022236239890180864
0,4,2,47.0,257,0,0,0.07076464588369447
0,6,2,25.0,236,0,0,0.0836995710712215
0,0,2,64.0,210,0,1,-0.04045567286742768
2,9,2,15.0,253,0,0,0.07764474547927946
1,4,2,30.0,272,0,0,0.0855633260126365
2,2,2,50.0,234,0,0,0.04854272512463009
0,9,2,16.0,257,0,0,0.07489289180207592
1,6,2,22.0,248,0,0,0.11485806463334369
0,0,2,6.0,257,0,0,0.10187333845821589
0,0,2,30.0,252,0,0,0.07980347653398612
1,6,2,38.0,272,0,0,0.054972296895721584
1,2,2,1.0,236,0,0,0.10608333812381338
2,0,2,38.0,210,0,1,-0.01544939282046831
1,9,2,10.0,248,0,0,0.09407981132477405
0,9,2,4.0,257,0,0,0.07994037686168132
2,6,2,24.0,236,0,0,0.08698941946719851
0,0,2,13.0,270,0,0,0.07691427271973539
2,9,2,6.0,256,0,0,0.07803618709876603
0,4,2,12.0,233,0,0,0.10489776769860476
1,4,2,36.0,210,0,0,0.024211076843500767
2,4,2,1.0,236,0,0,0.09296398400625483
2,0,2,9.0,233,0,0,0.07411678283081358
0,6,2,17.0,270,0,0,0.09343294288993731
2,0,2,11.0,242,0,0,0.08780658428197141
2,6,2,79.0,272,0,1,-0.0298318666427696
2,6,2,17.0,248,0,0,0.11502316436079846
0,4,2,16.0,272,0,0,0.09165745675888382
2,4,2,9.0,270,0,0,0.09738398148260663
2,9,2,78.0,257,0,1,-0.02447316666494026
2,2,2,10.0,257,0,0,0.11647121840356722
1,0,2,11.0,234,0,0,0.08966774955125856
0,4,2,6.0,249,0,0,0.12664840281912304
0,9,2,14.0,252,0,0,0.08334335521618297
1,4,2,22.0,248,0,0,0.12714704399557503
0,2,2,2.0,270,0,0,0.1013568800562833
2,0,2,32.0,258,0,0,0.06620563928192247
0,2,2,13.0,257,0,0,0.11513146664918822
1,2,2,3.0,242,0,0,0.11594117677693855
1,2,2,30.0,270,0,0,0.08715363064640946
0,0,2,7.0,253,0,0,0.10303544413001575
1,4,2,4.0,272,0,0,0.10622232141551202
2,0,2,1.0,234,0,0,0.05949445447814694
2,0,2,8.0,233,0,0,0.07342008015125356
2,6,2,2.0,242,0,0,0.10475681193938985
2,6,2,24.0,257,0,0,0.09626125424609122
1,9,2,19.0,210,0,0,0.01493715580686994
1,2,2,13.0,252,0,0,0.12497740197980178
2,0,2,0.0,256,0,0,0.0733674476325561
0,4,2,26.0,256,0,0,0.11198982601888835
2,9,2,64.0,258,0,1,-0.009149290700685375
2,4,2,60.0,236,0,0,0.029332247419336932
2,0,2,39.0,272,0,0,0.023705941292258226
2,6,2,6.0,261,0,0,0.10477737564054423
0,0,2,7.0,210,0,0,0.04347828766420203
1,0,2,16.0,252,0,0,0.0973776425265036
1,9,2,10.0,210,0,0,0.021840484576232333
0,2,2,16.0,261,0,0,0.10673895199721933
0,4,2,54.0,270,0,0,0.03294179268956865
1,0,2,4.0,261,0,0,0.09143201199609785
0,4,2,16.0,234,0,0,0.10107271163986709
1,6,2,5.0,261,0,0,0.1104931596258939
2,9,2,11.0,252,0,0,0.07865794356287004
1,9,2,15.0,261,0,0,0.08468063475153542
1,0,2,1.0,270,0,0,0.07588626711382074
2,0,2,7.0,244,0,0,0.09619886436846192
0,4,2,10.0,236,0,0,0.10998805270878137
1,4,2,5.0,253,0,0,0.13007221262414087
2,2,2,7.0,272,0,0,0.08564672274797291
1,9,2,5.0,256,0,0,0.08899522127680393
2,2,2,20.0,234,0,0,0.0941255543146634
2,0,2,20.0,257,0,0,0.08304630251191736
2,2,2,6.0,256,0,0,0.12112944516349716
2,0,2,11.0,249,0,0,0.09394443319110957
0,2,2,90.0,261,0,1,-0.047315427939396026
0,4,2,46.0,270,0,0,0.049002933519668224
1,0,2,67.0,270,0,1,-0.0029186946638511957
2,0,2,2.0,270,0,0,0.06320533826986152
1,6,2,24.0,256,0,0,0.10463131423412253
0,0,2,3.0,272,0,0,0.07462933719621445
2,0,2,88.0,272,0,1,-0.05790078794221054
1,4,2,14.0,253,0,0,0.13222402639447434
0,6,2,2.0,256,0,0,0.11194742734774771
0,4,2,2.0,210,0,0,0.05863742510371084
0,9,2,40.0,258,0,0,0.04832013123936152
2,0,2,6.0,261,0,0,0.088251523349133
1,9,2,8.0,258,0,0,0.09102442235837882
1,0,2,4.0,252,0,0,0.0979203686709117
1,4,2,2.0,270,0,0,0.10503963045396847
1,0,2,6.0,270,0,0,0.08724261572530034
2,9,2,41.0,248,0,0,0.04058194049237118
1,6,2,15.0,242,0,0,0.11265221695454103
2,4,2,92.0,272,0,1,-0.045097144170190506
0,6,2,44.0,249,0,0,0.05983408152548897
0,2,2,27.0,242,0,0,0.09545904204041622
0,9,2,42.0,252,0,0,0.05141070159748773
1,4,2,9.0,258,0,0,0.1317013273560893
1,9,2,2.0,253,0,0,0.07679184190595378
0,6,2,55.0,257,0,0,0.04059152340134331
1,2,2,12.0,210,0,0,0.05984586363091304
2,2,2,9.0,261,0,0,0.10830194371752672
2,9,2,26.0,242,0,0,0.06145050976925637
2,2,2,28.0,257,0,0,0.09903054484843032
0,2,2,13.0,248,0,0,0.11924430058669777
0,9,2,0.0,256,0,0,0.06288778481210977
2,4,2,14.0,252,0,0,0.1219515880128757
2,4,2,1.0,242,0,0,0.09874597555642317
2,0,2,20.0,242,0,0,0.07896654034178441
1,0,2,83.0,252,0,1,-0.022766753174060406
2,0,2,7.0,256,0,0,0.09736963974293844
2,4,2,2.0,233,0,0,0.08671432235844323
1,4,2,1.0,233,0,0,0.10439654909755414
2,6,2,7.0,249,0,0,0.11842404858815736
2,2,2,4.0,248,0,0,0.1254345397180594
0,4,2,116.0,242,0,1,-0.045152734268093186
1,9,2,26.0,272,0,0,0.05129966517464635
2,0,2,28.0,248,0,0,0.07751578854413121
1,9,2,12.0,236,0,0,0.08363668967642846
1,6,2,0.0,236,0,0,0.09153158126910166
1,4,2,10.0,270,0,0,0.11316273589737863
0,9,2,11.0,234,0,0,0.06861308940679212
0,0,2,5.0,261,0,0,0.09187036479168897
1,0,2,32.0,233,0,0,0.06938562995340325
1,6,2,9.0,272,0,0,0.0980719345075185
0,2,2,6.0,210,0,0,0.060962504320219546
2,0,2,10.0,272,0,0,0.06211673658364825
0,4,2,5.0,252,0,0,0.1210894844104004
0,2,2,20.0,258,0,0,0.10416063093385575
1,6,2,12.0,270,0,0,0.10246671356757298
2,9,2,47.0,256,0,0,0.02966253959980414
1,6,2,0.0,257,0,0,0.10639380147184252
1,9,2,17.0,236,0,0,0.07489700543352817
0,2,2,34.0,270,0,0,0.07635364794423738
0,2,2,5.0,261,0,0,0.11227776472013412
1,0,2,28.0,270,0,0,0.06463547142561976
2,9,2,20.0,272,0,0,0.03799128479761993
0,0,2,1.0,248,0,0,0.09315767735438996
1,9,2,19.0,248,0,0,0.08762530105928246
0,2,2,0.0,261,0,0,0.09836316030131309
0,0,2,6.0,249,0,0,0.10660785753019847
2,0,2,4.0,252,0,0,0.09679388661210464
2,0,2,13.0,242,0,0,0.08611848602843308
0,2,2,12.0,270,0,0,0.10270450820064714
2,6,2,1.0,252,0,0,0.10454015143267209
0,2,2,49.0,233,0,0,0.029190167578782567
0,2,2,10.0,248,0,0,0.12181345344167133
2,0,2,28.0,244,0,0,0.07605775948681315
0,4,2,10.0,256,0,0,0.1227469814807608
1,4,2,3.0,272,0,0,0.10074541185873587
2,4,2,2.0,261,0,0,0.10333162617647518
2,6,2,20.0,248,0,0,0.11116441373066283
1,4,2,14.0,242,0,0,0.12397069744526429
0,2,2,24.0,244,0,0,0.10556902002939778
1,2,2,43.0,270,0,0,0.055101906148995794
0,9,2,5.0,248,0,0,0.08196515638560631
1,2,2,14.0,233,0,0,0.11060802721012308
2,9,2,9.0,270,0,0,0.050469491799243094
1,9,2,48.0,261,0,0,0.037351304893382564
2,9,2,0.0,256,0,0,0.05010357749115846
0,6,2,15.0,234,0,0,0.09261564141854928
2,2,2,18.0,261,0,0,0.09784871583423937
2,9,2,26.0,234,0,0,0.0550803052314538
2,4,2,13.0,252,0,0,0.12363237304463387
2,0,2,36.0,253,0,0,0.05990292965481625
1,0,2,48.0,242,0,0,0.04386926912546785
2,0,3,9.0,236,0,0,0.08917864834592137
2,9,3,1.0,242,0,0,0.0736855114199575
1,9,3,11.0,236,0,0,0.08944236386302429
0,4,3,5.0,234,0,0,0.11525921132316735
2,0,3,9.0,234,0,0,0.08317765068762706
2,6,3,9.0,257,0,0,0.12333079125094643
2,2,3,15.0,244,0,0,0.13022585549536708
2,9,3,3.0,272,0,0,0.05268162850177638
1,9,3,8.0,261,0,0,0.09555220128940367
1,4,3,11.0,272,0,0,0.11483315114570114
1,0,3,0.0,233,0,0,0.0770814212221359
0,4,3,16.0,233,0,0,0.1047586893672875
1,4,3,1.0,272,0,0,0.10654521783668691
0,6,3,20.0,244,0,0,0.10778059841009557
2,2,3,1.0,257,0,0,0.11386079549328082
2,6,3,5.0,249,0,0,0.1285155265040301
2,6,3,2.0,261,0,0,0.10559270831303036
2,9,3,10.0,270,0,0,0.06345247575022406
0,6,3,8.0,270,0,0,0.1134008357786509
0,0,3,6.0,257,0,0,0.10910996589677352
2,0,3,14.0,270,0,0,0.08363807800148071
1,0,3,25.0,233,0,0,0.082359298972569
0,2,3,21.0,257,0,0,0.116216734529631
1,9,3,2.0,252,0,0,0.08825410045189097
2,2,3,13.0,257,0,0,0.1251969566133142
1,6,3,28.0,244,0,0,0.10866505788088404
0,9,3,7.0,242,0,0,0.08805666816861102
1,4,3,9.0,270,0,0,0.12278427590843788
0,4,3,7.0,258,0,0,0.12830372162347758
1,9,3,27.0,210,0,0,0.007066757423641268
1,4,3,1.0,257,0,0,0.1288286169842025
0,2,3,4.0,244,0,0,0.12700946578478045
1,9,3,17.0,270,0,0,0.07500761765173769
0,2,3,5.0,252,0,0,0.12476197774698577
0,0,3,5.0,272,0,0,0.09174561734441433
1,0,3,2.0,261,0,0,0.09994299086413394
0,6,3,3.0,261,0,0,0.11686037940335653
2,4,3,38.0,257,0,0,0.09807595379279399
1,4,3,40.0,248,0,0,0.0994944608158288
0,0,3,22.0,257,0,0,0.09382531101398917
1,2,3,14.0,248,0,0,0.13772314822610837
1,4,3,1.0,272,0,0,0.10654521783668691
2,4,3,7.0,270,0,0,0.11144027347798385
0,2,3,17.0,210,0,0,0.06451369474621294
0,4,3,12.0,234,0,0,0.1133318735673961
2,2,3,3.0,258,0,0,0.12363271938211279
0,2,3,10.0,248,0,0,0.12912577260223962
1,4,3,3.0,249,0,0,0.1339843489044693
0,2,3,30.0,210,0,0,0.04481666949970997
2,4,3,4.0,236,0,0,0.11531596929148963
1,9,3,28.0,270,0,0,0.060394397855229154
2,6,3,20.0,258,0,0,0.10926478085267805
0,2,3,70.0,258,0,0,0.013973972087446662
0,0,3,55.0,258,0,0,0.027795184416518848
0,6,3,30.0,249,0,0,0.0992482179668499
1,4,3,2.0,257,0,0,0.1328390961321274
2,6,3,3.0,210,0,0,0.026735258133378514
1,6,3,51.0,257,0,0,0.06626114905819169
0,2,3,34.0,253,0,0,0.09767595096953552
2,0,3,21.0,257,0,0,0.09118709450290619
0,6,3,35.0,253,0,0,0.08742614849934183
1,4,3,12.0,242,0,0,0.1346244704897609
2,6,3,30.0,210,0,0,0.006718581253617795
2,6,3,13.0,249,0,0,0.1275780106962946
1,4,3,9.0,249,0,0,0.14194626742328253
0,9,3,60.0,261,0,0,0.017242064799304013
0,2,3,11.0,234,0,0,0.11072313681792911
2,2,3,2.0,256,0,0,0.12378386575716899
1,2,3,9.0,249,0,0,0.13676475010806866
2,9,3,17.0,272,0,0,0.05731590564988964
2,6,3,2.0,270,0,0,0.09171791490649706
1,0,3,3.0,249,0,0,0.10557372546265587
1,0,3,15.0,270,0,0,0.09795524935366151
2,0,3,3.0,257,0,0,0.0996352781665123
1,2,3,1.0,261,0,0,0.12378651556707371
1,2,3,45.0,272,0,0,0.04592412470489382
1,0,3,24.0,248,0,0,0.09840946600928535
0,4,3,11.0,210,0,0,0.06323361761203927
0,6,3,5.0,234,0,0,0.10213093131110784
2,4,3,4.0,257,0,0,0.13372816237829743
1,9,3,19.0,257,0,0,0.10020884543811548
0,0,3,37.0,270,0,0,0.060671756126273735
1,6,3,6.0,252,0,0,0.12706924951163245
1,0,3,6.0,253,0,0,0.10884967283432995
2,6,3,13.0,257,0,0,0.12046628706072499
0,0,3,6.0,258,0,0,0.10776338472231467
1,0,3,4.0,270,0,0,0.09407401466239607
2,9,3,5.0,272,0,0,0.06336383723572547
0,9,3,64.0,270,0,1,-0.011454817127960926
0,4,3,79.0,256,0,1,-0.0016542992752780483
2,9,3,5.0,248,0,0,0.09272231189862445
1,0,3,18.0,272,0,0,0.08498986994957536
1,9,3,3.0,257,0,0,0.09290077894295967
1,6,3,13.0,258,0,0,0.12304748347106037
2,4,3,18.0,252,0,0,0.1277605202931439
2,0,3,79.0,210,0,1,-0.07219833493813732
2,2,3,81.0,272,0,1,-0.020876923037363992
0,6,3,1.0,256,0,0,0.11445550665964893
0,4,3,2.0,256,0,0,0.1265935536774745
2,6,3,45.0,257,0,0,0.06925714269616334
0,9,3,36.0,249,0,0,0.06329841331958408
1,4,3,3.0,270,0,0,0.1171003166858946
2,2,3,19.0,248,0,0,0.12513648672274358
0,2,3,39.0,257,0,0,0.08571425545370914
0,0,3,19.0,236,0,0,0.08609927088189406
2,2,3,10.0,248,0,0,0.1332648153940157
0,9,3,27.0,261,0,0,0.06689445389854165
2,6,3,56.0,257,0,0,0.04035943011421461
1,2,3,40.0,270,0,0,0.07132175469056634
1,9,3,10.0,261,0,0,0.09629512742164092
1,4,3,1.0,270,0,0,0.11232968017144612
2,4,3,7.0,261,0,0,0.12377019476457285
2,0,3,22.0,242,0,0,0.08795622932612812
1,2,3,20.0,270,0,0,0.11367429488230574
0,2,3,4.0,210,0,0,0.06924710395421785
2,9,3,27.0,234,0,0,0.05997119476582269
2,2,3,6.0,272,0,0,0.1040531264059773
2,2,3,35.0,248,0,0,0.1058528751115792
1,4,3,90.0,236,0,1,-0.021213950895209832
0,9,3,38.0,242,0,0,0.045447166944031614
0,9,3,83.0,248,0,1,-0.01899609299698124
1,6,3,27.0,248,0,0,0.1173986736538627
0,2,3,8.0,210,0,0,0.06595787994750846
0,6,3,19.0,248,0,0,0.11491964529761839
1,9,3,24.0,253,0,0,0.08915264679222801
0,2,3,4.0,236,0,0,0.11751357983455485
2,6,3,27.0,248,0,0,0.1081750708690129
2,4,3,31.0,233,0,0,0.09030028929269307
2,6,3,12.0,242,0,0,0.1208883408270594
0,6,3,28.0,236,0,0,0.0841458811173863
1,4,3,2.0,248,0,0,0.13116912010280102
0,0,3,30.0,234,0,0,0.07113383833864784
1,6,3,10.0,244,0,0,0.12491436760580493
1,2,3,31.0,270,0,0,0.09223665705520667
0,9,3,24.0,242,0,0,0.06899708222954026
0,0,3,14.0,248,0,0,0.10986836674412848
0,0,3,10.0,249,0,0,0.11170599654983127
0,4,3,6.0,270,0,0,0.12379668381404735
1,9,3,34.0,258,0,0,0.07603527140258748
0,2,3,6.0,242,0,0,0.12029398563335386
1,0,3,9.0,236,0,0,0.09974874678394618
1,6,3,14.0,256,0,0,0.12983164761549626
0,2,3,7.0,244,0,0,0.12374148202391005
0,4,3,5.0,258,0,0,0.1262688974252878
0,9,3,9.0,236,0,0,0.08226561057604642
1,6,3,0.0,253,0,0,0.10999120460270362
2,9,3,7.0,257,0,0,0.09073126083987959
0,4,3,3.0,257,0,0,0.12830361646945893
0,6,3,30.0,253,0,0,0.09918412030590729
1,4,3,15.0,261,0,0,0.13320225929610302
1,0,3,54.0,252,0,0,0.03534077250134526
0,2,3,24.0,236,0,0,0.10378955381543509
0,0,3,3.0,249,0,0,0.10765649907660907
1,0,3,24.0,233,0,0,0.08270588431665882
0,4,3,8.0,233,0,0,0.11104549437399536
0,6,3,5.0,252,0,0,0.12216722045711359
2,6,3,2.0,248,0,0,0.1196510685374571
1,2,3,3.0,236,0,0,0.11846366290003846
1,0,3,15.0,248,0,0,0.11219558880132197
2,6,3,6.0,270,0,0,0.10424794950229044
0,4,3,5.0,248,0,0,0.13114635559104387
2,2,3,59.0,236,0,0,0.034943639256222014
0,9,3,2.0,257,0,0,0.0840556166181019
0,6,3,40.0,272,0,0,0.055031857526971484
2,0,3,34.0,252,0,0,0.07680530790946305
2,2,3,39.0,233,0,0,0.07072021554766639
0,6,3,5.0,253,0,0,0.12144644589307313
2,2,3,49.0,256,0,0,0.07507169442651906
2,4,3,39.0,234,0,0,0.08094420805335845
2,9,3,19.0,248,0,0,0.08386918302625046
0,6,3,15.0,258,0,0,0.11646933626833289
1,0,3,3.0,270,0,0,0.08941401434298346
1,2,3,1.0,258,0,0,0.12478199951090141
1,2,3,48.0,234,0,0,0.05787136371708146
2,4,3,15.0,270,0,0,0.10702709963621454
1,2,3,8.0,236,0,0,0.12023082608600472
1,2,3,5.0,261,0,0,0.1325586733496497
2,9,3,0.0,270,0,0,0.04509644293201387
0,2,3,16.0,272,0,0,0.10422387914866182
1,6,3,28.0,234,0,0,0.10129143983557432
1,2,3,1.0,248,0,0,0.12624361675087192
2,0,3,49.0,248,0,0,0.048495927759575896
2,9,3,4.0,270,0,0,0.06570241010592248
2,6,3,5.0,234,0,0,0.103565066526486
1,4,3,7.0,249,0,0,0.139246410813551
1,4,3,19.0,210,0,0,0.05727149635915263
2,4,3,6.0,257,0,0,0.135815871379603
2,6,3,3.0,261,0,0,0.10828051528275295
2,6,3,15.0,244,0,0,0.11918938238661236
0,4,3,32.0,249,0,0,0.10884353893577092
0,6,3,24.0,252,0,0,0.10825115763499371
2,2,3,32.0,242,0,0,0.10500009706625818
0,2,3,44.0,253,0,0,0.06810899244962343
0,6,3,6.0,253,0,0,0.12395074034345444
2,9,3,6.0,252,0,0,0.09372787663528082
1,9,3,6.0,210,0,0,0.020703229166589288
1,4,3,4.0,233,0,0,0.11760092324540072
2,6,3,28.0,253,0,0,0.09920030512126521
0,9,3,9.0,270,0,0,0.07493812236973252
2,2,3,3.0,233,0,0,0.09818321768151217
1,2,3,4.0,233,0,0,0.11593194734722495
2,0,3,12.0,257,0,0,0.10354937255687346
0,2,4,7.0,234,0,0,0.11413274587506456
2,6,4,24.0,257,0,0,0.11249110938710166
0,2,4,49.0,248,0,0,0.0686315378689657
0,6,4,1.0,248,0,0,0.1238080478846596
1,4,4,40.0,244,0,0,0.10379579978647868
0,4,4,4.0,233,0,0,0.11700097844990154
1,6,4,47.0,244,0,0,0.07925091063189726
1,9,4,17.0,248,0,0,0.11477677619288723
0,4,4,13.0,261,0,0,0.1309720339305634
1,4,4,6.0,248,0,0,0.1505635981467392
1,9,4,8.0,248,0,0,0.11577767020281898
1,6,4,1.0,253,0,0,0.12590596294066758
1,0,4,7.0,233,0,0,0.09661439570522545
0,0,4,3.0,242,0,0,0.10883683562863228
2,0,4,17.0,248,0,0,0.10729856283297007
2,9,4,41.0,233,0,0,0.039814336606553424
2,4,4,49.0,257,0,0,0.08345095088809085
0,4,4,21.0,257,0,0,0.12975034368370258
0,2,4,11.0,233,0,0,0.1134895137382636
2,0,4,81.0,234,0,1,-0.03481098749063938
2,9,4,18.0,256,0,0,0.098138714480411
1,6,4,1.0,210,0,0,0.045281592396177905
1,4,4,9.0,242,0,0,0.14227540064724664
1,4,4,29.0,257,0,0,0.1298355374744266
2,0,4,38.0,248,0,0,0.07352446244894473
1,2,4,7.0,248,0,0,0.14020786721844658
1,4,4,10.0,258,0,0,0.14387225170264123
1,6,4,20.0,252,0,0,0.13540977093180168
1,9,4,0.0,248,0,0,0.0931543945589185
0,2,4,23.0,244,0,0,0.12077306213128647
0,2,4,4.0,248,0,0,0.13471633592726778
2,9,4,3.0,242,0,0,0.08905178349507803
2,2,4,19.0,253,0,0,0.1301188287071558
1,2,4,4.0,244,0,0,0.1402909784428556
0,6,4,5.0,270,0,0,0.11876208459856824
0,4,4,5.0,257,0,0,0.1350115564468381
0,2,4,7.0,234,0,0,0.11413274587506456
2,2,4,15.0,253,0,0,0.13682898598347948
2,4,4,81.0,258,0,0,0.014348211398859223
0,4,4,4.0,257,0,0,0.13430893325115106
2,2,4,19.0,244,0,0,0.13191093352126376
1,9,4,20.0,249,0,0,0.11011941242406875
0,2,4,2.0,248,0,0,0.130938680038931
1,0,4,3.0,258,0,0,0.1058145029035133
1,9,4,4.0,248,0,0,0.10819513370020423
2,9,4,3.0,236,0,0,0.08033081011038712
2,4,4,13.0,248,0,0,0.14420880221371402
0,2,4,11.0,257,0,0,0.13354803022233547
1,6,4,42.0,253,0,0,0.0886267430100327
2,2,4,4.0,261,0,0,0.12663901334842875
0,4,4,5.0,270,0,0,0.12438512004605867
1,9,4,23.0,248,0,0,0.10406335372795528
1,4,4,1.0,242,0,0,0.13104247184472628
2,0,4,32.0,257,0,0,0.08650158699445931
2,4,4,2.0,257,0,0,0.12977815568744477
1,2,4,1.0,257,0,0,0.13036915182836206
0,0,4,8.0,210,0,0,0.054779604662413384
0,4,4,30.0,270,0,0,0.10342000238064741
1,4,4,8.0,244,0,0,0.14053437136745384
2,2,4,46.0,270,0,0,0.05245314019422209
1,4,4,9.0,272,0,0,0.11951583105609198
2,4,4,19.0,249,0,0,0.13955491575802959
0,6,4,2.0,270,0,0,0.11056239785947608
0,4,4,24.0,270,0,0,0.11417081751036828
1,2,4,43.0,256,0,0,0.07968574401127104
1,2,4,16.0,270,0,0,0.12408687410480485
0,4,4,75.0,234,0,1,-0.009069894092972985
0,4,4,11.0,249,0,0,0.14354313105874605
0,4,4,3.0,257,0,0,0.13476958184753995
2,9,4,22.0,248,0,0,0.08965785207606702
2,9,4,38.0,234,0,0,0.05078087499299322
0,6,4,14.0,248,0,0,0.13300844488246477
1,0,4,16.0,248,0,0,0.11585819901913957
2,4,4,8.0,257,0,0,0.13981797744125463
2,6,4,18.0,270,0,0,0.1015949187375621
0,6,4,22.0,257,0,0,0.11927468296410909
2,9,4,5.0,249,0,0,0.10405688006905234
1,9,4,24.0,258,0,0,0.0970653026176469
1,4,4,10.0,233,0,0,0.12675187590874404
2,4,4,7.0,270,0,0,0.11782127904259193
0,0,4,6.0,253,0,0,0.11794423940449528
2,4,4,14.0,270,0,0,0.11435738697714753
2,6,4,16.0,253,0,0,0.12746368160948068
1,2,4,13.0,270,0,0,0.12785939223282566
0,2,4,9.0,272,0,0,0.11125393005887707
0,6,4,2.0,248,0,0,0.12709798758578184
1,9,4,3.0,242,0,0,0.09215197008839238
2,0,4,21.0,270,0,0,0.08079514418435119
0,0,4,1.0,248,0,0,0.10709679809586753
2,4,4,15.0,270,0,0,0.11435738697714753
0,0,4,11.0,253,0,0,0.117144972131844
1,2,4,2.0,248,0,0,0.1329045606644424
1,4,4,3.0,270,0,0,0.12156193769827067
1,4,4,1.0,258,0,0,0.13449270891347276
2,6,4,8.0,252,0,0,0.13514024048136025
2,4,4,35.0,258,0,0,0.10750154598414513
1,2,4,21.0,270,0,0,0.11732497086705546
2,2,4,10.0,236,0,0,0.1223540058624683
2,9,4,6.0,210,0,0,0.018088559329015652
2,2,4,56.0,252,0,0,0.057874215089390724
1,4,4,15.0,261,0,0,0.14243530643874946
1,6,4,6.0,270,0,0,0.11619676482287528
2,0,4,3.0,244,0,0,0.10410046902621495
2,9,4,5.0,270,0,0,0.07827704508625022
2,9,4,22.0,248,0,0,0.08965785207606702
2,0,4,6.0,252,0,0,0.1133538411057814
2,9,4,31.0,270,0,0,0.05144404264675562
2,0,4,3.0,252,0,0,0.1023327571922521
2,4,4,10.0,248,0,0,0.14175548517485254
2,4,4,22.0,253,0,0,0.12933064379662063
0,2,4,1.0,253,0,0,0.12546661264415232
1,4,4,10.0,272,0,0,0.11951583105609198
2,6,4,6.0,257,0,0,0.1306934112019263
2,2,4,8.0,261,0,0,0.12604871102698773
1,4,4,21.0,272,0,0,0.11520326091616823
1,0,4,13.0,256,0,0,0.11430453855066114
2,4,4,69.0,252,0,0,0.03701077919790041
2,4,4,5.0,257,0,0,0.1391795756274833
1,4,4,11.0,234,0,0,0.13300228119218327
0,6,4,11.0,257,0,0,0.13682294799915512
1,0,4,1.0,242,0,0,0.10581342523976434
2,6,4,4.0,261,0,0,0.1157764375717783
2,0,4,1.0,233,0,0,0.06907972670715024
0,2,4,23.0,252,0,0,0.12036241513378143
0,9,4,23.0,252,0,0,0.08735005151480058
0,0,4,17.0,249,0,0,0.11211598062000139
2,0,4,9.0,257,0,0,0.11339030968213115
0,0,4,63.0,252,0,0,0.012769751473897473
1,2,4,15.0,236,0,0,0.12501610423751547
0,9,4,12.0,270,0,0,0.08028664411812536
1,6,4,24.0,261,0,0,0.11804502468005945
2,9,4,9.0,249,0,0,0.10516239759056273
2,0,4,2.0,253,0,0,0.10157995308780987
1,4,4,4.0,234,0,0,0.12553132114605164
1,6,4,1.0,234,0,0,0.11048268847254417
2,4,4,9.0,249,0,0,0.14361426172888758
0,0,4,4.0,272,0,0,0.09411343566054109
2,2,4,105.0,253,0,1,-0.01913197006286982
1,4,4,20.0,257,0,0,0.14195189777485667
1,0,4,0.0,242,0,0,0.1016100542100985
1,6,4,33.0,258,0,0,0.10656482030864817
1,0,4,39.0,257,0,0,0.07900031761623838
2,6,4,4.0,261,0,0,0.1157764375717783
0,9,4,46.0,234,0,0,0.034598096621483165
0,0,4,22.0,233,0,0,0.08462131629149905
1,0,4,0.0,258,0,0,0.0945879840114271
0,2,4,43.0,270,0,0,0.06096697527327166
1,0,4,29.0,258,0,0,0.09686882361470284
0,6,4,2.0,261,0,0,0.12204723335669398
2,2,4,31.0,244,0,0,0.11604400964862405
0,0,4,31.0,256,0,0,0.09293962796745858
0,6,4,1.0,249,0,0,0.1241741969745831
0,4,4,38.0,258,0,0,0.10299828639707109
1,2,4,7.0,248,0,0,0.14020786721844658
0,9,4,16.0,256,0,0,0.0964580643296783
1,4,4,22.0,257,0,0,0.13747668868021207
2,0,4,18.0,270,0,0,0.08436661556558434
2,6,4,14.0,257,0,0,0.12585526427123728
0,9,4,3.0,244,0,0,0.09750831657008241
0,6,4,35.0,248,0,0,0.09855385299930985
1,6,4,15.0,249,0,0,0.1451698554501284
1,6,4,1.0,258,0,0,0.1227027413947257
2,0,4,6.0,236,0,0,0.09591161890436029
0,2,4,7.0,210,0,0,0.07161922680012978
0,4,4,8.0,249,0,0,0.13920491540420776
1,0,4,43.0,233,0,0,0.04558151782993147
1,6,4,27.0,249,0,0,0.12790262636670163
1,0,4,21.0,233,0,0,0.09002248243715827
2,9,4,16.0,272,0,0,0.06943922785664736
2,6,4,2.0,257,0,0,0.12005451435714348
1,9,4,11.0,252,0,0,0.12234326888262403
0,2,4,16.0,249,0,0,0.1294729569220896
2,6,4,5.0,242,0,0,0.12337105262952408
0,4,4,56.0,236,0,0,0.03930954015908661
2,2,4,10.0,261,0,0,0.12514299587101735
0,9,4,12.0,249,0,0,0.10555084574940266
2,9,4,10.0,252,0,0,0.10115039472805043
2,9,4,3.0,261,0,0,0.08300173960539059
0,0,4,3.0,242,0,0,0.10883683562863228
0,0,4,4.0,234,0,0,0.100413385816715
2,6,4,30.0,242,0,0,0.09666024031530585
2,2,4,5.0,248,0,0,0.14033589794703732
0,2,4,19.0,236,0,0,0.11227350009454995
0,0,4,13.0,253,0,0,0.11323516796063055
1,0,4,21.0,257,0,0,0.10365552401198153
2,6,4,14.0,257,0,0,0.12585526427123728
0,9,4,4.0,258,0,0,0.09345418311860221
2,0,4,0.0,242,0,0,0.083683956352674
2,4,4,8.0,270,0,0,0.11593953335039431
1,6,4,3.0,248,0,0,0.13241254880316006
2,6,4,2.0,249,0,0,0.12467198809596403
0,0,4,15.0,233,0,0,0.09245488878510455
2,0,4,21.0,236,0,0,0.0851600951104825
2,4,4,7.0,257,0,0,0.1411073251386712
2,9,4,43.0,256,0,0,0.052240975389258204
1,2,4,9.0,248,0,0,0.14351441826318367
2,6,4,7.0,252,0,0,0.13589600374278427
0,6,4,2.0,233,0,0,0.10229580396335936
0,0,4,9.0,236,0,0,0.10575853925689394
2,0,4,3.0,234,0,0,0.08274407430656228
1,6,4,7.0,210,0,0,0.05475283636722106
2,4,4,24.0,248,0,0,0.13404084635297386
2,6,4,46.0,233,0,0,0.04827112123168886
0,2,4,4.0,244,0,0,0.13269930269152014
2,4,4,49.0,233,0,0,0.05659583919838029
2,6,4,13.0,248,0,0,0.13634287256834954
0,9,4,8.0,253,0,0,0.10679782550506012
2,2,4,6.0,244,0,0,0.13800706193997092
0,9,4,8.0,248,0,0,0.1073775819766618
2,0,4,49.0,256,0,0,0.05249630847562159
2,6,4,36.0,270,0,0,0.06599006173306343
2,4,4,29.0,272,0,0,0.0828282133776661
0,4,4,46.0,252,0,0,0.08511437277519984
2,0,4,34.0,270,0,0,0.05802324428658501
2,4,4,10.0,272,0,0,0.10588877964395599
2,9,5,3.0,270,0,0,0.07062702238562002
1,4,5,4.0,256,0,0,0.14123897901918359
1,2,5,14.0,244,0,0,0.14110168078939184
1,2,5,6.0,270,0,0,0.1300529546638225
1,4,5,11.0,249,0,0,0.14948510148392274
1,2,5,10.0,248,0,0,0.14131113632210895
0,4,5,2.0,257,0,0,0.13370472126211014
1,9,5,10.0,252,0,0,0.12094856604099019
1,4,5,1.0,270,0,0,0.12010888479991
0,4,5,12.0,258,0,0,0.13659801176740027
0,0,5,28.0,270,0,0,0.08370695674952833
0,6,5,41.0,242,0,0,0.06820923480678565
2,0,5,2.0,257,0,0,0.10529768869638567
0,6,5,26.0,252,0,0,0.12181238035650244
0,4,5,24.0,248,0,0,0.13391373841809334
1,9,5,11.0,248,0,0,0.12134354733511349
2,2,5,12.0,242,0,0,0.1352511178503703
0,6,5,28.0,270,0,0,0.09538446263378064
2,4,5,7.0,253,0,0,0.14125388262275562
1,9,5,38.0,258,0,0,0.08054645009763173
0,2,5,6.0,261,0,0,0.128012273305334
0,4,5,39.0,244,0,0,0.09045635169226318
1,9,5,10.0,270,0,0,0.09767746892223905
0,4,5,2.0,244,0,0,0.13227741083125016
0,6,5,6.0,270,0,0,0.11927163742075059
0,6,5,14.0,236,0,0,0.11384694395797063
0,9,5,14.0,248,0,0,0.10559361306077242
2,2,5,5.0,210,0,0,0.04226362414186691
1,4,5,5.0,256,0,0,0.1422454153701736
1,0,5,58.0,242,0,0,0.025325945528778537
1,6,5,19.0,248,0,0,0.14119748631088036
2,4,5,72.0,249,0,0,0.031176846497184663
2,4,5,21.0,233,0,0,0.10030968102072935
2,6,5,11.0,249,0,0,0.1344071847627895
0,9,5,5.0,234,0,0,0.08341002669297415
1,4,5,3.0,210,0,0,0.057738227286223354
2,6,5,8.0,272,0,0,0.09944108711187194
1,9,5,5.0,234,0,0,0.09026346064331847
1,4,5,0.0,248,0,0,0.13399021388058435
0,9,5,5.0,233,0,0,0.07866886115107652
0,9,5,35.0,257,0,0,0.07682969568880671
1,9,5,60.0,261,0,0,0.02198412932113314
2,9,5,3.0,244,0,0,0.08898905840909532
2,6,5,7.0,253,0,0,0.13262965837788
2,4,5,5.0,270,0,0,0.11957961700974024
2,0,5,6.0,248,0,0,0.11298394906666559
0,9,5,3.0,252,0,0,0.1049096729422676
2,2,5,12.0,270,0,0,0.11566290687965464
0,9,5,64.0,256,0,0,0.0126176047858928
2,0,5,1.0,258,0,0,0.09454982777055831
0,2,5,66.0,257,0,0,0.027443427485824734
1,9,5,11.0,270,0,0,0.09754711956348994
0,2,5,24.0,257,0,0,0.12441283160902461
0,2,5,2.0,248,0,0,0.13363045585137534
0,9,5,5.0,258,0,0,0.09647136807319212
0,6,5,5.0,253,0,0,0.1334390254175732
0,4,5,15.0,270,0,0,0.12146406768604318
1,6,5,5.0,272,0,0,0.1149014258518557
2,4,5,3.0,242,0,0,0.1229592485957533
1,2,5,4.0,270,0,0,0.12678660140282005
1,2,5,51.0,270,0,0,0.05538298599600544
0,4,5,52.0,248,0,0,0.07356425313556436
2,2,5,21.0,256,0,0,0.12707989424519162
1,0,5,3.0,248,0,0,0.1147954792336855
0,0,5,47.0,256,0,0,0.05579580615697133
2,2,5,7.0,248,0,0,0.1437826958335644
0,4,5,4.0,270,0,0,0.12029273236759785
1,0,5,10.0,210,0,0,0.044621521392459895
2,2,5,28.0,252,0,0,0.12235690952829248
0,6,5,8.0,248,0,0,0.14033137263686513
0,2,5,6.0,256,0,0,0.1341690887565184
1,2,5,24.0,249,0,0,0.13032229563258585
2,6,5,6.0,248,0,0,0.13425720069447183
1,4,5,2.0,242,0,0,0.1332992543361014
1,6,5,12.0,272,0,0,0.11906489858418656
2,9,5,40.0,270,0,0,0.03420126385824451
1,2,5,74.0,252,0,0,0.008334115825749389
0,9,5,16.0,233,0,0,0.07338811027822567
0,9,5,18.0,270,0,0,0.06966480647820661
2,4,5,9.0,252,0,0,0.1413798766771272
1,9,5,13.0,257,0,0,0.11932326332511245
2,2,5,10.0,270,0,0,0.11634031370992198
1,9,5,8.0,256,0,0,0.11972876892708623
0,9,5,1.0,249,0,0,0.09479662267612654
1,2,5,19.0,270,0,0,0.12292078542309143
0,0,5,4.0,253,0,0,0.1174831351675531
2,4,5,18.0,261,0,0,0.12337792996022195
0,9,5,3.0,256,0,0,0.10469743648179858
0,6,5,37.0,270,0,0,0.07429890416794671
0,9,5,2.0,248,0,0,0.10097084594344197
0,2,5,37.0,236,0,0,0.08347867541747067
0,9,5,6.0,256,0,0,0.10721900184923167
0,9,5,28.0,249,0,0,0.0853037705781402
2,2,5,3.0,258,0,0,0.1330200054966989
1,6,5,35.0,270,0,0,0.08453064242440345
1,0,5,48.0,256,0,0,0.05730847442480724
0,9,5,10.0,234,0,0,0.08675795385709362
1,2,5,21.0,270,0,0,0.11997281316808894
2,2,5,0.0,272,0,0,0.09409073880820751
0,0,5,18.0,249,0,0,0.11297874025258364
1,6,5,2.0,242,0,0,0.12467672681684533
2,0,5,17.0,261,0,0,0.09763447814147763
0,0,5,2.0,258,0,0,0.10828386402957274
0,0,5,4.0,249,0,0,0.11898049386048548
1,9,5,20.0,257,0,0,0.1128426353661039
1,0,5,6.0,256,0,0,0.11356418506142296
2,4,5,1.0,236,0,0,0.1037420263368839
2,4,5,44.0,261,0,0,0.08259051238322934
1,0,5,9.0,270,0,0,0.10390172654683405
0,6,5,14.0,252,0,0,0.13563944199805578
0,9,5,17.0,252,0,0,0.09995195260890655
0,6,5,15.0,242,0,0,0.12693748436175334
0,4,5,30.0,256,0,0,0.11861841916192795
2,9,5,8.0,270,0,0,0.0813208116385461
2,2,5,5.0,258,0,0,0.13598009925199744
1,9,5,41.0,257,0,0,0.07561958173384598
1,9,5,17.0,244,0,0,0.10651693468130724
0,9,5,7.0,256,0,0,0.11143877867536384
0,6,5,25.0,253,0,0,0.12113091364420281
1,2,5,2.0,256,0,0,0.13407788133252518
0,4,5,2.0,252,0,0,0.13228834024825603
0,2,5,9.0,236,0,0,0.12178060137404195
1,6,5,18.0,236,0,0,0.12497745937944732
2,6,5,7.0,261,0,0,0.11666226852019784
1,4,5,0.0,258,0,0,0.12794341177710783
0,2,5,67.0,242,0,0,0.012094547553813895
1,0,5,8.0,244,0,0,0.11536880782380887
2,0,5,16.0,236,0,0,0.08935489151807308
2,2,5,16.0,257,0,0,0.13462100829099416
2,0,5,25.0,253,0,0,0.09396793815623894
2,0,5,2.0,248,0,0,0.10018040627359093
2,4,5,4.0,272,0,0,0.11112577844257182
1,6,5,2.0,252,0,0,0.1277149341249535
1,4,5,3.0,261,0,0,0.1366130625510118
2,2,5,65.0,270,0,0,0.026157756321358305
0,6,5,3.0,257,0,0,0.13152173752562568
1,0,5,29.0,248,0,0,0.10013106574557351
1,2,5,5.0,242,0,0,0.13933411500782583
0,2,5,23.0,248,0,0,0.12824543178622444
1,9,5,0.0,233,0,0,0.07446888543849062
2,2,5,35.0,261,0,0,0.10276380454960221
0,9,5,2.0,210,0,0,0.03975761504439834
0,0,5,49.0,252,0,0,0.05466718843311891
1,4,5,3.0,242,0,0,0.1348613193069021
2,0,5,5.0,249,0,0,0.11038397779396769
2,9,5,13.0,236,0,0,0.08630832452110138
0,0,5,7.0,253,0,0,0.11953252723418523
2,2,5,19.0,270,0,0,0.10870678004768208
0,2,5,21.0,253,0,0,0.12584625800272453
0,2,5,55.0,234,0,0,0.029132203826548575
2,0,5,63.0,261,0,0,0.010456558631486645
0,2,5,25.0,258,0,0,0.1204490161254097
1,0,5,8.0,242,0,0,0.11278160354529887
0,9,5,47.0,248,0,0,0.05474724620440641
0,6,5,12.0,242,0,0,0.1296543755853352
2,0,5,25.0,261,0,0,0.08842182970672385
2,0,5,22.0,261,0,0,0.09118733648652333
2,6,5,9.0,244,0,0,0.13079840619235844
1,6,5,6.0,252,0,0,0.13792955329730272
0,9,5,54.0,210,0,1,-0.02694373793945104
2,9,5,7.0,234,0,0,0.0879064004323592
0,0,5,22.0,248,0,0,0.11037468570584907
2,6,5,18.0,248,0,0,0.13004032084140293
1,9,5,1.0,244,0,0,0.0916143832410562
2,9,5,35.0,258,0,0,0.06496327144296155
2,9,5,4.0,270,0,0,0.07734387008140498
1,2,5,1.0,210,0,0,0.06426218648378035
1,9,5,15.0,272,0,0,0.09308878562709288
1,4,5,2.0,244,0,0,0.13535914536948218
0,4,5,1.0,272,0,0,0.10908792596436206
1,9,5,2.0,256,0,0,0.10491115934465955
1,0,5,1.0,253,0,0,0.10477911247113603
2,4,5,14.0,272,0,0,0.1072289039611598
2,6,5,49.0,253,0,0,0.06785713849112263
1,6,5,21.0,210,0,0,0.04719443356107211
2,4,5,5.0,244,0,0,0.13357281354349793
2,4,5,31.0,244,0,0,0.10922309087478055
2,4,5,12.0,256,0,0,0.13989201073880675
1,2,5,3.0,258,0,0,0.1358235398087373
0,4,5,8.0,270,0,0,0.12372384177187984
1,4,5,8.0,244,0,0,0.13848866427865825
0,0,5,24.0,234,0,0,0.08821297150500307
0,6,5,17.0,257,0,0,0.12817684008339808
0,0,5,29.0,261,0,0,0.09353803239181746
1,0,5,6.0,234,0,0,0.10007822599296934
1,9,5,20.0,249,0,0,0.11268776247523427
0,9,5,18.0,257,0,0,0.0956339282080374
1,9,5,1.0,272,0,0,0.07621441688430086
1,0,5,71.0,270,0,0,0.00843936815528834
2,9,5,12.0,256,0,0,0.1028062449572904
2,6,5,11.0,234,0,0,0.10799325824786299
1,9,5,0.0,210,0,0,0.01769139481733739
1,2,5,4.0,253,0,0,0.13539119756653167
0,6,5,4.0,270,0,0,0.11274864740076984
1,2,5,34.0,256,0,0,0.10764254879290891
2,6,5,18.0,253,0,0,0.12542563749043323
0,6,5,9.0,252,0,0,0.1421129195154705
1,4,5,51.0,272,0,0,0.0566988907400342
0,2,5,3.0,270,0,0,0.11894337231823271
1,0,5,2.0,258,0,0,0.10744417521985916
2,6,5,2.0,258,0,0,0.11603928293193533
1,4,5,25.0,261,0,0,0.13055541235333584
2,4,5,2.0,256,0,0,0.13170934349234692
2,9,5,52.0,236,0,0,0.02435524759299812
0,4,5,2.0,252,0,0,0.13228834024825603
2,0,5,36.0,257,0,0,0.07851106137807007
2,6,5,10.0,272,0,0,0.09853900337849009
2,6,5,18.0,270,0,0,0.10299873910923696
0,2,5,15.0,270,0,0,0.12098822404436232
0,9,5,11.0,248,0,0,0.11126983880017544
1,0,5,7.0,272,0,0,0.09579256083076049
2,4,5,45.0,233,0,0,0.062112913012762117
1,4,6,24.0,257,0,0,0.13424334887371453
2,0,6,24.0,234,0,0,0.08568832901531809
0,9,6,14.0,248,0,0,0.10894107286249616
2,0,6,19.0,248,0,0,0.10787927700674654
1,6,6,44.0,249,0,0,0.08542245971260265
1,6,6,7.0,234,0,0,0.13066009312272792
1,4,6,1.0,248,0,0,0.13865667849319413
0,4,6,25.0,270,0,0,0.11607701659711522
2,6,6,10.0,253,0,0,0.13091160422541254
2,0,6,55.0,242,0,0,0.02230934320878586
0,9,6,26.0,270,0,0,0.0723498565800289
0,6,6,12.0,249,0,0,0.14539896428517146
1,4,6,2.0,256,0,0,0.13821827178051038
1,4,6,22.0,244,0,0,0.14019945027308767
1,6,6,9.0,234,0,0,0.13483484907059567
0,4,6,20.0,233,0,0,0.11085192245483877
1,2,6,17.0,270,0,0,0.13027061356038183
2,4,6,6.0,210,0,0,0.034813953466573455
1,9,6,6.0,253,0,0,0.11943282139056483
1,0,6,33.0,249,0,0,0.08956857863926126
0,4,6,28.0,256,0,0,0.1272638577240628
0,2,6,9.0,272,0,0,0.12187503907930719
0,6,6,13.0,261,0,0,0.13448748220222717
0,0,6,21.0,257,0,0,0.10970720874852186
0,2,6,24.0,257,0,0,0.1304324083210246
0,6,6,29.0,248,0,0,0.1191932882921688
1,6,6,0.0,233,0,0,0.10868885483582519
1,9,6,8.0,236,0,0,0.10353378407322544
0,4,6,12.0,242,0,0,0.14169496233957657
0,6,6,55.0,249,0,0,0.050138787091197456
0,6,6,7.0,248,0,0,0.1454755581076933
1,2,6,15.0,256,0,0,0.14252776619229884
2,0,6,8.0,252,0,0,0.11711466681717159
0,6,6,30.0,248,0,0,0.11683193398961894
1,6,6,2.0,210,0,0,0.046533195766263025
1,9,6,8.0,234,0,0,0.09806018894683755
2,9,6,21.0,242,0,0,0.08218008974003344
0,6,6,26.0,256,0,0,0.12504521982678746
0,2,6,2.0,244,0,0,0.13997402489322014
0,9,6,25.0,272,0,0,0.0653635467967072
1,6,6,9.0,270,0,0,0.12711034267561355
2,0,6,28.0,270,0,0,0.07197353288609465
0,0,6,9.0,270,0,0,0.10943034279813513
1,2,6,15.0,272,0,0,0.12774813243999095
1,2,6,6.0,257,0,0,0.14393443706866
0,4,6,11.0,236,0,0,0.13279799976252166
0,0,6,55.0,256,0,0,0.03332427288613915
2,2,6,61.0,233,0,0,0.025349968506548026
1,6,6,23.0,242,0,0,0.1272431428871063
1,9,6,38.0,234,0,0,0.06504622931504078
2,9,6,0.0,249,0,0,0.08429841400685201
2,0,6,46.0,244,0,0,0.04922261991493293
0,9,6,9.0,258,0,0,0.10882149168671884
0,9,6,22.0,252,0,0,0.09791586838253918
1,4,6,40.0,210,0,0,0.02590762951635428
1,0,6,43.0,242,0,0,0.06489151310855812
0,9,6,9.0,256,0,0,0.1147834494091658
2,2,6,7.0,270,0,0,0.12240657270028849
2,0,6,40.0,256,0,0,0.07055505055612454
1,9,6,3.0,270,0,0,0.08796507886217986
2,9,6,4.0,244,0,0,0.09947320701025841
2,2,6,19.0,249,0,0,0.13864794998487973
0,4,6,11.0,258,0,0,0.14365442704807285
0,6,6,4.0,253,0,0,0.13892604921284962
0,0,6,23.0,244,0,0,0.10964775227149398
2,2,6,5.0,248,0,0,0.14701736622277245
2,2,6,5.0,244,0,0,0.1432274737316085
0,6,6,28.0,270,0,0,0.10061384938046347
1,2,6,42.0,257,0,0,0.0913700829542643
1,9,6,26.0,257,0,0,0.110900725445984
1,4,6,18.0,210,0,0,0.06621716129856958
2,4,6,32.0,234,0,0,0.10213975916355833
2,4,6,40.0,258,0,0,0.09649662514705482
0,0,6,4.0,249,0,0,0.12558742892905483
0,6,6,5.0,261,0,0,0.13032129931754866
2,9,6,56.0,256,0,0,0.012454299402545166
2,9,6,89.0,236,0,1,-0.041456328372941664
2,4,6,24.0,233,0,0,0.0961428362612533
0,4,6,11.0,248,0,0,0.15275451407362262
0,9,6,6.0,233,0,0,0.08215254420794837
0,2,6,2.0,253,0,0,0.13943212230281243
1,4,6,4.0,249,0,0,0.1445363061821715
2,6,6,24.0,253,0,0,0.1131613286536029
2,9,6,6.0,248,0,0,0.10543564822046753
0,4,6,4.0,270,0,0,0.12406850874627007
1,9,6,19.0,248,0,0,0.11898312485230267
0,0,6,9.0,233,0,0,0.10417904316838533
2,9,6,37.0,244,0,0,0.05929949744887586
1,4,6,3.0,257,0,0,0.14199041737402263
1,2,6,69.0,233,0,0,0.012659254536100506
0,6,6,15.0,272,0,0,0.11074970081307922
0,0,6,3.0,253,0,0,0.11906661189819734
0,4,6,7.0,272,0,0,0.11648194395061673
2,9,6,7.0,252,0,0,0.10694866696121719
1,4,6,23.0,244,0,0,0.13759741216297444
2,6,6,8.0,258,0,0,0.12221401949279642
1,9,6,43.0,236,0,0,0.06149380015247807
2,9,6,3.0,234,0,0,0.07686028936676226
1,2,6,3.0,270,0,0,0.13055709136232213
1,9,6,21.0,258,0,0,0.10874283708963278
1,0,6,34.0,256,0,0,0.08978376620845663
0,9,6,15.0,244,0,0,0.10683940010871407
0,0,6,10.0,248,0,0,0.12956843206858176
1,9,6,7.0,242,0,0,0.11252445829104418
1,4,6,27.0,256,0,0,0.13360750796863796
1,6,6,12.0,248,0,0,0.15319573109356543
2,9,6,2.0,270,0,0,0.07203428091502873
2,6,6,6.0,249,0,0,0.1328061127675687
2,0,6,12.0,233,0,0,0.09324879829542798
2,2,6,8.0,261,0,0,0.13205353685021542
2,6,6,3.0,248,0,0,0.12785114985310142
1,2,6,1.0,236,0,0,0.12958262975717721
0,9,6,9.0,242,0,0,0.10809215231882752
0,6,6,19.0,248,0,0,0.1354964277892608
2,4,6,37.0,248,0,0,0.1062758439696056
0,6,6,22.0,258,0,0,0.12439451702083076
0,2,6,13.0,257,0,0,0.14242056445661777
0,4,6,17.0,257,0,0,0.13867029439516487
2,2,6,3.0,242,0,0,0.13397191132719793
1,0,6,9.0,233,0,0,0.10476175403829968
0,6,6,12.0,253,0,0,0.14616918080398117
0,6,6,27.0,236,0,0,0.10242959577859811
2,2,6,96.0,236,0,1,-0.031194094471568956
1,4,6,15.0,210,0,0,0.06982801209522793
0,0,6,29.0,248,0,0,0.10429065950505523
1,6,6,25.0,248,0,0,0.13771870209707804
2,9,6,30.0,257,0,0,0.07665941670108678
0,0,6,11.0,253,0,0,0.1273620280758811
0,0,6,32.0,244,0,0,0.09147000972387531
2,2,6,28.0,257,0,0,0.1198704677916907
1,6,6,7.0,242,0,0,0.14132276351606882
2,4,6,2.0,248,0,0,0.12993509971316353
0,0,6,9.0,248,0,0,0.12999458080503168
1,6,6,0.0,244,0,0,0.1284691853021971
1,4,6,41.0,210,0,0,0.024293984599247698
0,9,6,0.0,253,0,0,0.09008819744131136
1,2,6,15.0,261,0,0,0.1399237952304896
1,4,6,16.0,270,0,0,0.13085752922808386
1,6,6,22.0,242,0,0,0.12981049182936222
1,2,6,6.0,234,0,0,0.12951236251427273
2,9,6,18.0,252,0,0,0.09694932054285499
0,6,6,17.0,248,0,0,0.1384719773866494
1,4,6,9.0,270,0,0,0.13178392022931085
1,0,6,51.0,257,0,0,0.053775491408280196
1,9,6,22.0,256,0,0,0.11006400757098173
2,2,6,7.0,244,0,0,0.14286918217863293
1,6,6,24.0,249,0,0,0.13417691771266282
2,0,6,16.0,249,0,0,0.1118974145962564
1,6,6,18.0,256,0,0,0.1411457252233792
0,4,6,25.0,257,0,0,0.13067008550223835
1,4,6,4.0,236,0,0,0.1322351745542571
2,4,6,19.0,252,0,0,0.13462016563713064
1,4,6,17.0,261,0,0,0.14001185687281514
1,9,6,37.0,236,0,0,0.06762268268658855
2,0,6,54.0,252,0,0,0.034905010789860524
1,0,6,37.0,272,0,0,0.06355284290567997
0,4,6,10.0,253,0,0,0.14270457511748852
1,9,6,13.0,270,0,0,0.10086229078858788
1,2,6,11.0,270,0,0,0.13417477367075065
1,9,6,1.0,256,0,0,0.10239313864790744
1,6,6,4.0,270,0,0,0.11681957998257503
0,2,6,25.0,244,0,0,0.12715805023171162
1,2,6,5.0,256,0,0,0.14314355232442172
1,4,6,3.0,270,0,0,0.12485869619317735
0,0,6,14.0,233,0,0,0.097967232270333
2,9,6,3.0,261,0,0,0.08686705773190562
0,0,6,9.0,236,0,0,0.11201293237926607
0,9,6,8.0,272,0,0,0.08413021431622036
1,6,6,48.0,270,0,0,0.06024269340858035
0,2,6,2.0,248,0,0,0.14158166169537634
1,2,6,8.0,248,0,0,0.14636459084961245
2,4,6,1.0,248,0,0,0.12327277374404072
1,9,6,5.0,256,0,0,0.1178565694437082
0,9,6,49.0,272,0,0,0.027068935272072214
0,4,6,2.0,248,0,0,0.14033860790385289
2,2,6,27.0,248,0,0,0.13133370646157738
1,0,6,35.0,248,0,0,0.08996037315211614
2,6,6,4.0,257,0,0,0.12578564426348599
2,9,6,5.0,270,0,0,0.08516805233600955
1,4,6,31.0,253,0,0,0.1225880423084314
0,0,6,1.0,248,0,0,0.11407254416159068
0,4,6,5.0,233,0,0,0.11868718449600446
2,0,6,4.0,248,0,0,0.11801879478795241
0,9,6,24.0,248,0,0,0.09488890424588226
1,2,6,24.0,233,0,0,0.11405487388298324
1,6,6,27.0,252,0,0,0.13078350829905666
1,0,6,26.0,261,0,0,0.10279434245154229
2,2,6,37.0,249,0,0,0.11178731911094592
1,9,6,84.0,236,0,1,-0.018811602656377713
1,2,6,13.0,270,0,0,0.13607220491177902
2,4,6,26.0,257,0,0,0.12266789841433345
0,0,7,29.0,244,0,0,0.09987197828889471
1,9,7,7.0,272,0,0,0.10045904459726762
2,0,7,14.0,272,0,0,0.08648976747361481
0,4,7,3.0,257,0,0,0.1416329206144749
0,9,7,7.0,258,0,0,0.11449858437307958
0,0,7,24.0,233,0,0,0.0891292601123721
2,6,7,8.0,249,0,0,0.1349528327309723
0,6,7,5.0,270,0,0,0.12219609002789783
1,6,7,3.0,258,0,0,0.13619351842537664
1,0,7,15.0,233,0,0,0.09813383127474817
0,0,7,10.0,270,0,0,0.11040415314315
2,6,7,3.0,270,0,0,0.10018970540487704
1,9,7,25.0,257,0,0,0.11449514124548255
1,2,7,29.0,234,0,0,0.11091221735284496
0,0,7,3.0,270,0,0,0.09850983355298892
0,4,7,28.0,234,0,0,0.11199814618144166
2,6,7,2.0,272,0,0,0.09209741425905515
2,2,7,8.0,257,0,0,0.1418279620628063
2,4,7,15.0,253,0,0,0.14058021500211376
0,4,7,76.0,257,0,0,0.008641927999276988
1,2,7,3.0,242,0,0,0.14068275435046895
2,9,7,14.0,272,0,0,0.07628336333132468
1,9,7,53.0,248,0,0,0.04199230707111423
2,4,7,84.0,210,0,1,-0.06194153360729682
1,4,7,19.0,272,0,0,0.1233829826888223
0,9,7,22.0,258,0,0,0.09933332643043413
0,6,7,28.0,244,0,0,0.1154964086451758
1,0,7,7.0,248,0,0,0.11948954927854188
2,4,7,9.0,272,0,0,0.1050868407611652
2,6,7,12.0,244,0,0,0.1348658841890984
2,9,7,28.0,253,0,0,0.07841012943595305
1,9,7,71.0,270,0,0,3.267802335804593e-05
0,4,7,45.0,252,0,0,0.10207585716921352
1,6,7,26.0,257,0,0,0.133671707428691
1,2,7,68.0,253,0,0,0.03152719008755167
1,0,7,40.0,258,0,0,0.07593739367834484
0,0,7,6.0,257,0,0,0.1250115902147746
0,4,7,21.0,244,0,0,0.14066103047975903
2,2,7,37.0,248,0,0,0.11390017568494776
1,9,7,1.0,233,0,0,0.08084913344668421
1,6,7,12.0,249,0,0,0.15400273096225375
0,0,7,32.0,258,0,0,0.0962099966638561
1,6,7,26.0,234,0,0,0.117663193490601
0,2,7,3.0,257,0,0,0.14105664044135152
0,6,7,4.0,257,0,0,0.14127519775732333
1,4,7,2.0,210,0,0,0.06897239527794363
2,9,7,29.0,234,0,0,0.06554657261879693
0,4,7,5.0,261,0,0,0.13660847245256585
0,6,7,11.0,249,0,0,0.1539177901982962
2,6,7,0.0,258,0,0,0.10108708429088964
0,2,7,6.0,248,0,0,0.15124528406268334
2,2,7,69.0,252,0,0,0.03483455618258746
0,4,7,0.0,248,0,0,0.13469120182648925
0,9,7,6.0,210,0,0,0.04954096435055089
2,2,7,21.0,256,0,0,0.1321619636959181
0,4,7,9.0,210,0,0,0.08156856690784065
0,4,7,30.0,249,0,0,0.12971497593769316
0,4,7,5.0,242,0,0,0.139921289868563
2,6,7,63.0,257,0,0,0.03454029579045781
1,4,7,4.0,270,0,0,0.12849367010161333
0,2,7,3.0,248,0,0,0.14532343390486407
0,0,7,25.0,270,0,0,0.09105573187116345
0,9,7,11.0,270,0,0,0.09363125677759854
1,0,7,13.0,252,0,0,0.11878028645037081
0,4,7,21.0,242,0,0,0.13411504166262367
1,2,7,25.0,249,0,0,0.13514072375193448
2,4,7,11.0,248,0,0,0.14474985983706795
2,4,7,14.0,256,0,0,0.13787067350089144
1,9,7,9.0,253,0,0,0.1284176737564774
0,6,7,35.0,252,0,0,0.10956609102019726
2,4,7,3.0,234,0,0,0.11098163060048061
0,2,7,12.0,252,0,0,0.15287471675800668
2,2,7,61.0,244,0,0,0.04319109441472646
2,0,7,7.0,270,0,0,0.09741528598454985
2,0,7,11.0,244,0,0,0.1173935269523248
0,6,7,14.0,236,0,0,0.1229310403418587
0,2,7,16.0,258,0,0,0.14263323207718143
2,6,7,13.0,270,0,0,0.10761590486095685
2,6,7,7.0,258,0,0,0.1228507384243614
2,0,7,17.0,261,0,0,0.10576418168486007
1,9,7,12.0,248,0,0,0.128827944790881
1,9,7,10.0,236,0,0,0.10997281951253374
2,2,7,7.0,270,0,0,0.12025856033883703
1,9,7,22.0,272,0,0,0.08580379061352184
2,4,7,13.0,270,0,0,0.11653521453566601
0,4,7,57.0,248,0,0,0.062216766656874256
2,6,7,34.0,242,0,0,0.08596542722405498
0,2,7,2.0,270,0,0,0.12195992911290282
0,9,7,23.0,257,0,0,0.09990801882611522
0,6,7,11.0,256,0,0,0.15215901033069262
2,6,7,22.0,270,0,0,0.0990121767405242
1,0,7,33.0,272,0,0,0.06121208871493211
1,0,7,10.0,210,0,0,0.053452890022625654
1,6,7,42.0,270,0,0,0.07117953727521753
1,2,7,39.0,270,0,0,0.08651694877855431
2,2,7,1.0,257,0,0,0.1265380755549853
2,0,7,7.0,258,0,0,0.11438079572430865
0,4,7,22.0,252,0,0,0.14389989120470498
0,0,7,19.0,261,0,0,0.10993312792316834
0,4,7,29.0,248,0,0,0.1338428270945135
0,6,7,42.0,248,0,0,0.0924874112794627
1,0,7,5.0,234,0,0,0.10728545901023923
2,0,7,7.0,248,0,0,0.11823844517239757
0,2,7,161.0,244,0,1,-0.046576604830121604
0,9,7,5.0,248,0,0,0.11137947138435067
0,0,7,23.0,248,0,0,0.11874455085459673
0,2,7,3.0,272,0,0,0.11434151075121746
0,6,7,17.0,244,0,0,0.14191789664769916
2,6,7,10.0,234,0,0,0.10874638939925335
2,6,7,18.0,210,0,0,0.029384912457378065
0,6,7,16.0,249,0,0,0.14693460656959
1,9,7,7.0,253,0,0,0.12618451322741342
0,9,7,10.0,272,0,0,0.08495615838026849
0,9,7,17.0,272,0,0,0.07799781486458468
2,2,7,35.0,252,0,0,0.1150789812040674
2,2,7,29.0,244,0,0,0.12529085201310536
0,9,7,20.0,234,0,0,0.08472057308912906
1,2,7,0.0,261,0,0,0.12195780648080234
2,9,7,1.0,256,0,0,0.09132788163615391
0,2,7,1.0,256,0,0,0.13803328382753277
1,2,7,14.0,248,0,0,0.14825065386477748
2,9,7,2.0,253,0,0,0.09707083997872745
0,2,7,30.0,256,0,0,0.12295383641433616
1,0,7,11.0,256,0,0,0.11756238829236898
1,0,7,1.0,261,0,0,0.10521048855955834
2,0,7,42.0,248,0,0,0.06324483520832513
2,0,7,12.0,236,0,0,0.10244094659482106
2,6,7,48.0,210,0,1,-0.011153203454741356
1,0,7,3.0,252,0,0,0.11020274632552257
0,4,7,45.0,258,0,0,0.09412044197460467
0,2,7,12.0,261,0,0,0.14380413755248855
1,9,7,35.0,270,0,0,0.06539048056274943
1,9,7,27.0,244,0,0,0.10038563804579681
2,6,7,30.0,261,0,0,0.08867384714392124
0,4,7,6.0,270,0,0,0.1304479455055516
1,9,7,44.0,272,0,0,0.044403853741421195
2,4,7,16.0,270,0,0,0.11147917326823659
2,6,7,34.0,253,0,0,0.09145872275427969
0,0,7,61.0,270,0,0,0.0032313815422417846
1,9,7,39.0,257,0,0,0.08421927718639832
2,6,7,33.0,261,0,0,0.08190005537689915
1,9,7,1.0,210,0,0,0.02758727943741146
2,0,7,41.0,248,0,0,0.06836537091774741
2,9,7,47.0,248,0,0,0.04189565733779699
2,4,7,13.0,270,0,0,0.11653521453566601
2,4,7,1.0,270,0,0,0.1004509086580776
0,6,7,0.0,272,0,0,0.0967882948081128
2,6,7,2.0,270,0,0,0.0971149489269264
0,2,7,8.0,270,0,0,0.1332450157320766
0,9,7,51.0,242,0,0,0.03433726531689274
2,0,7,17.0,248,0,0,0.11383328224653072
2,2,7,18.0,272,0,0,0.10586220481857628
2,9,7,7.0,256,0,0,0.1103949687885607
0,4,7,11.0,248,0,0,0.15783971099444544
1,0,7,13.0,256,0,0,0.11726339745647019
0,0,7,17.0,248,0,0,0.12643154924251926
2,2,7,66.0,244,0,0,0.03338863346754628
2,2,7,12.0,252,0,0,0.14441576324235633
0,6,7,22.0,261,0,0,0.13070868291916576
1,6,7,4.0,244,0,0,0.14048035417226207
2,6,7,38.0,210,0,0,0.00166808367207949
1,2,7,16.0,236,0,0,0.12745028199019964
2,6,7,12.0,210,0,0,0.0387647217966095
1,6,7,5.0,257,0,0,0.1432479497992058
2,0,7,27.0,249,0,0,0.09942463965259896
2,6,7,6.0,210,0,0,0.038985473446929486
0,2,7,21.0,270,0,0,0.12219985217734225
2,2,7,16.0,272,0,0,0.10546381042166392
2,4,7,7.0,257,0,0,0.1405129757104262
0,2,7,37.0,236,0,0,0.08971175141663235
2,6,7,9.0,248,0,0,0.1388945179001676
1,9,7,10.0,210,0,0,0.045467517725500506
2,4,7,10.0,242,0,0,0.1270585472371324
2,6,7,23.0,270,0,0,0.09744845917589628
0,2,7,1.0,210,0,0,0.07955868561404278
1,4,7,5.0,236,0,0,0.13501275930363205
2,0,7,6.0,270,0,0,0.09943659498221957
0,6,7,7.0,249,0,0,0.1504874997413292
1,9,7,21.0,248,0,0,0.11573557796636302
2,0,8,36.0,242,0,0,0.07342014541931419
1,2,8,3.0,258,0,0,0.1364810990043666
1,9,8,11.0,236,0,0,0.11123110149558507
0,6,8,33.0,270,0,0,0.09081895647863347
1,6,8,3.0,248,0,0,0.13820414412360194
2,9,8,17.0,257,0,0,0.10171117706676736
2,6,8,10.0,253,0,0,0.1343194190189131
2,9,8,10.0,248,0,0,0.10726693736505472
2,6,8,2.0,248,0,0,0.12795373616991002
2,6,8,1.0,234,0,0,0.09675043710900433
2,9,8,3.0,270,0,0,0.07348686979766361
1,2,8,1.0,242,0,0,0.1354838898276437
1,0,8,53.0,252,0,0,0.049729293267336105
2,6,8,6.0,253,0,0,0.13456198007944586
1,0,8,5.0,249,0,0,0.11726384443380516
1,6,8,18.0,256,0,0,0.14725853923905102
1,6,8,17.0,233,0,0,0.12102773598701155
0,0,8,29.0,248,0,0,0.10531894982606521
2,6,8,7.0,234,0,0,0.11267168564037228
0,2,8,12.0,242,0,0,0.14161699528752492
2,0,8,10.0,261,0,0,0.10539762745260145
2,4,8,4.0,234,0,0,0.11855679729109236
1,9,8,12.0,256,0,0,0.13224748769616906
2,4,8,26.0,249,0,0,0.1361897026388213
2,9,8,18.0,272,0,0,0.07359285665873783
2,6,8,4.0,244,0,0,0.13206471076808424
0,0,8,20.0,270,0,0,0.09535474475546812
1,6,8,37.0,233,0,0,0.07830801910029472
1,4,8,31.0,270,0,0,0.10327801159833472
0,6,8,81.0,270,0,1,-0.009435819911232324
1,4,8,11.0,234,0,0,0.13550573040882108
2,0,8,44.0,210,0,1,-0.01500891579639796
1,9,8,30.0,236,0,0,0.0870171244826563
1,2,8,33.0,258,0,0,0.11651781710130599
2,4,8,9.0,234,0,0,0.11977803241078555
0,0,8,1.0,248,0,0,0.11086578418664667
0,0,8,8.0,236,0,0,0.11151997168617467
0,9,8,7.0,272,0,0,0.08659567523493339
2,2,8,25.0,270,0,0,0.10226434393369876
0,2,8,2.0,249,0,0,0.14005652591154205
2,4,8,34.0,248,0,0,0.12113224242703807
2,2,8,17.0,257,0,0,0.13574124235915153
0,4,8,2.0,257,0,0,0.1360796664866793
2,6,8,25.0,257,0,0,0.12306472202166346
2,4,8,7.0,257,0,0,0.14058159528740982
0,9,8,18.0,257,0,0,0.11187629299465085
0,2,8,24.0,252,0,0,0.13537394940088748
1,6,8,3.0,210,0,0,0.05499646327080254
2,2,8,0.0,270,0,0,0.09519220347569013
0,6,8,5.0,257,0,0,0.13890455265086493
0,0,8,2.0,261,0,0,0.10541831359877929
2,6,8,27.0,258,0,0,0.10932498974558952
2,6,8,17.0,242,0,0,0.12515775601503043
0,6,8,6.0,257,0,0,0.1421741748647854
2,4,8,5.0,270,0,0,0.11314932146949225
2,2,8,48.0,258,0,0,0.08033181828214786
2,6,8,14.0,257,0,0,0.13021111383983225
0,4,8,0.0,256,0,0,0.126655361569531
2,4,8,38.0,210,0,0,0.013738847968461143
2,0,8,7.0,244,0,0,0.11813551332423905
0,2,8,39.0,242,0,0,0.08422683161535172
1,9,8,42.0,272,0,0,0.0530688048811796
1,4,8,5.0,234,0,0,0.13032155603818213
2,6,8,57.0,256,0,0,0.045426133155381354
0,2,8,10.0,236,0,0,0.1307501887719596
0,2,8,6.0,252,0,0,0.1470751721627468
0,9,8,9.0,236,0,0,0.10262146409475481
2,6,8,20.0,257,0,0,0.12639389568597442
2,6,8,22.0,248,0,0,0.13036788605637478
0,9,8,1.0,252,0,0,0.10712571311836372
2,6,8,4.0,261,0,0,0.11713809240525591
0,6,8,32.0,256,0,0,0.11550124280518986
0,6,8,33.0,242,0,0,0.09709959337229646
2,6,8,30.0,258,0,0,0.09898295199643659
0,9,8,2.0,248,0,0,0.1116382129080174
1,4,8,34.0,253,0,0,0.12005022514972535
0,2,8,45.0,270,0,0,0.058486202917617525
0,4,8,9.0,248,0,0,0.1504111475878534
2,2,8,23.0,257,0,0,0.13260977465832952
2,2,8,24.0,244,0,0,0.1346287313339164
1,6,8,5.0,244,0,0,0.13921123647776995
2,9,8,78.0,236,0,1,-0.028569236028484157
0,9,8,48.0,234,0,0,0.0392255456085705
1,0,8,21.0,270,0,0,0.09482005926275361
1,0,8,18.0,261,0,0,0.10880129031783997
1,9,8,27.0,253,0,0,0.11375630951173327
0,0,8,9.0,234,0,0,0.10692200228312271
1,6,8,10.0,233,0,0,0.12532964594984575
1,0,8,43.0,249,0,0,0.06656267541595606
0,4,8,7.0,236,0,0,0.12922647516194768
0,9,8,8.0,234,0,0,0.0988252172955042
0,4,8,3.0,261,0,0,0.13385691898062996
0,0,8,2.0,233,0,0,0.08917252195243286
1,2,8,13.0,272,0,0,0.12142467875973734
1,9,8,6.0,270,0,0,0.0975940066249319
2,0,8,2.0,256,0,0,0.10897874233400517
1,9,8,21.0,257,0,0,0.11963899845733927
0,9,8,2.0,257,0,0,0.10842541826786078
2,0,8,0.0,270,0,0,0.0725705738936987
1,9,8,48.0,210,0,1,-0.009389001731105129
2,4,8,39.0,258,0,0,0.1043759035196965
2,6,8,17.0,261,0,0,0.11750404921482421
2,0,8,4.0,233,0,0,0.09086708121601828
2,6,8,2.0,249,0,0,0.12793904602746464
0,4,8,77.0,248,0,0,0.01326570914019265
1,9,8,11.0,233,0,0,0.10502552356301303
0,0,8,15.0,249,0,0,0.12580176976839796
2,9,8,10.0,272,0,0,0.07488423047785298
0,4,8,13.0,270,0,0,0.12447075687740855
0,9,8,3.0,252,0,0,0.11592291842934971
2,0,8,3.0,257,0,0,0.11008608208476783
0,2,8,3.0,249,0,0,0.1419475155796449
0,4,8,31.0,252,0,0,0.12497022467259389
2,2,8,3.0,256,0,0,0.1341298229492467
0,2,8,3.0,248,0,0,0.14303483423616187
2,2,8,6.0,233,0,0,0.11380342351283118
2,0,8,55.0,261,0,0,0.02930415872574299
2,9,8,4.0,249,0,0,0.10923505838958614
0,6,8,42.0,257,0,0,0.09382775507777419
1,0,8,10.0,253,0,0,0.11443578368648394
1,0,8,15.0,261,0,0,0.11177735636625985
1,0,8,12.0,270,0,0,0.10526969031679256
1,6,8,3.0,270,0,0,0.11249942626017828
1,4,8,14.0,257,0,0,0.14623380884289694
0,2,8,2.0,257,0,0,0.13476486768057305
1,4,8,15.0,256,0,0,0.14755777935533365
0,9,8,26.0,272,0,0,0.07086480527705796
1,9,8,31.0,261,0,0,0.09731014189176623
1,6,8,0.0,253,0,0,0.12634940773226183
1,2,8,21.0,270,0,0,0.12172139681449146
0,9,8,37.0,244,0,0,0.07168777024447948
0,9,8,72.0,256,0,0,0.0165025744562608
0,6,8,17.0,252,0,0,0.14350668269419936
1,2,8,55.0,270,0,0,0.044728246232056734
1,9,8,18.0,256,0,0,0.1284188953029643
2,0,8,22.0,261,0,0,0.09798464548174268
0,9,8,36.0,261,0,0,0.0779288520839363
0,4,8,25.0,248,0,0,0.13886024918148104
0,2,8,0.0,233,0,0,0.10266032655018642
1,9,8,1.0,244,0,0,0.09791868509787094
0,6,8,9.0,256,0,0,0.14870193747237026
1,0,8,16.0,234,0,0,0.10343767507447399
2,4,8,0.0,270,0,0,0.08880477601034387
2,0,8,10.0,242,0,0,0.11099432598978265
1,2,8,3.0,210,0,0,0.07799783368124436
2,4,8,16.0,244,0,0,0.13440349029810955
0,6,8,6.0,234,0,0,0.11847286647553312
0,9,8,82.0,234,0,1,-0.021107080953792545
0,4,8,2.0,270,0,0,0.11666759088612605
1,4,8,2.0,249,0,0,0.13811311229512363
2,2,8,40.0,270,0,0,0.07229030921175372
0,2,8,5.0,244,0,0,0.14381000390157456
0,6,8,7.0,233,0,0,0.11343950454074253
1,6,8,26.0,236,0,0,0.11618665706151332
0,0,8,20.0,272,0,0,0.08586392112620522
2,2,8,13.0,210,0,0,0.051644790220072956
2,0,8,15.0,257,0,0,0.1178234945003867
0,4,8,3.0,257,0,0,0.13775577984289727
0,2,8,57.0,253,0,0,0.045042929541497245
1,9,8,53.0,253,0,0,0.05038193764157284
1,9,8,7.0,244,0,0,0.11778483744448803
1,4,8,8.0,210,0,0,0.07140491553522454
2,6,8,5.0,248,0,0,0.136350441458156
1,2,8,14.0,236,0,0,0.1316092021633652
1,9,8,5.0,248,0,0,0.11518906556485242
2,0,8,11.0,257,0,0,0.11698422712964895
1,0,8,6.0,249,0,0,0.11694571196144626
0,2,8,15.0,248,0,0,0.14961938409911335
1,2,8,0.0,258,0,0,0.12091984934963351
2,6,8,4.0,248,0,0,0.13651404281248913
2,6,8,11.0,270,0,0,0.10752996973547646
2,6,8,28.0,270,0,0,0.08160305600023077
2,4,8,1.0,234,0,0,0.10161839947934448
0,6,8,17.0,234,0,0,0.11465464587309127
1,9,8,3.0,272,0,0,0.08685423426556449
1,9,8,17.0,242,0,0,0.10803473442180489
2,0,8,30.0,257,0,0,0.09382637335024635
1,0,8,11.0,270,0,0,0.10366350291022586
0,6,8,11.0,248,0,0,0.15096978756023327
0,0,8,21.0,242,0,0,0.10614838858278391
0,0,8,37.0,257,0,0,0.08624272868473615
1,9,8,37.0,257,0,0,0.09484104392797965
2,4,8,18.0,233,0,0,0.10998044519464667
1,4,8,25.0,252,0,0,0.13960193536891968
1,6,8,2.0,261,0,0,0.12520126879496457
2,4,8,3.0,261,0,0,0.12394181241742536
1,9,8,6.0,270,0,0,0.0975940066249319
1,2,8,14.0,272,0,0,0.12203113045748665
1,0,8,6.0,233,0,0,0.10018475791903769
0,2,8,0.0,252,0,0,0.12876445606070058
2,0,8,24.0,253,0,0,0.10274250133004126
1,6,8,12.0,270,0,0,0.12812003860531768
0,4,8,53.0,244,0,0,0.07130850811933587
1,4,8,25.0,253,0,0,0.13852023158483245
0,6,8,2.0,256,0,0,0.1387720339753178
1,0,8,10.0,270,0,0,0.10291249729596319
2,4,8,4.0,244,0,0,0.13823781925366763
0,4,8,18.0,210,0,0,0.0742277363088657
0,6,8,19.0,270,0,0,0.11672436391411267
2,6,8,4.0,270,0,0,0.10109612485967745
2,9,8,57.0,258,0,0,0.017597226717543712
0,2,9,75.0,257,0,0,0.0009208778891985903
0,6,9,5.0,249,0,0,0.14054796182805923
1,9,9,14.0,210,0,0,0.040788018649602575
0,4,9,32.0,252,0,0,0.12682996346210207
2,0,9,11.0,257,0,0,0.12091998996346176
1,4,9,47.0,244,0,0,0.09597037005534037
0,0,9,20.0,234,0,0,0.09916249130852917
2,0,9,26.0,252,0,0,0.09814902998191077
2,4,9,5.0,257,0,0,0.14617886516775708
1,0,9,10.0,270,0,0,0.10439612813579902
2,9,9,6.0,252,0,0,0.1144149330202226
1,2,9,11.0,248,0,0,0.15094570066293345
2,2,9,23.0,252,0,0,0.13548455842969886
1,4,9,23.0,257,0,0,0.14435144240982994
0,9,9,2.0,244,0,0,0.10794333178082488
1,4,9,32.0,270,0,0,0.10606941363631023
2,6,9,10.0,272,0,0,0.10258108918770703
1,9,9,3.0,252,0,0,0.113566433420694
0,6,9,6.0,261,0,0,0.13451188926067087
0,0,9,9.0,270,0,0,0.11121410692132794
2,2,9,12.0,234,0,0,0.12264791155920063
2,4,9,19.0,253,0,0,0.14055221670737972
1,6,9,2.0,210,0,0,0.05481929357366411
0,6,9,10.0,249,0,0,0.14802110693874215
1,6,9,6.0,242,0,0,0.13588033140854622
0,9,9,2.0,248,0,0,0.11244436384096873
2,9,9,11.0,233,0,0,0.08320797151974257
0,4,9,16.0,270,0,0,0.12531078142031254
0,2,9,15.0,244,0,0,0.14709858576630208
1,2,9,7.0,261,0,0,0.13995207578193286
1,6,9,3.0,236,0,0,0.11758981003266217
0,9,9,31.0,270,0,0,0.07164564086912417
1,4,9,23.0,257,0,0,0.14435144240982994
0,6,9,11.0,258,0,0,0.14290398022165157
1,4,9,30.0,261,0,0,0.13031223047835994
0,0,9,7.0,210,0,0,0.06829322731148912
1,6,9,34.0,257,0,0,0.1137180548806262
2,0,9,20.0,234,0,0,0.0878288118455458
1,0,9,15.0,248,0,0,0.12428241208739843
2,2,9,14.0,261,0,0,0.13372354322204716
2,6,9,29.0,249,0,0,0.10933092335032363
0,9,9,6.0,242,0,0,0.10468729799777893
1,9,9,34.0,236,0,0,0.07832218443483019
0,6,9,26.0,257,0,0,0.13011728390894395
0,4,9,20.0,270,0,0,0.1228095571332885
1,6,9,4.0,236,0,0,0.12255356829847741
2,2,9,3.0,270,0,0,0.11358036076557082
1,2,9,1.0,272,0,0,0.11256243675464528
0,0,9,25.0,270,0,0,0.09063138703043017
1,6,9,10.0,261,0,0,0.1417139733003953
1,4,9,13.0,252,0,0,0.15507190803227783
0,6,9,72.0,258,0,0,0.031439058207545
1,2,9,83.0,253,0,0,0.004614416865311832
0,6,9,68.0,272,0,0,0.01667335358712929
2,4,9,10.0,270,0,0,0.11839832652994003
1,9,9,30.0,253,0,0,0.112620658982932
0,2,9,32.0,233,0,0,0.09244153937190991
1,6,9,13.0,248,0,0,0.15684393635894706
2,9,9,8.0,256,0,0,0.11483689818979143
2,0,9,23.0,248,0,0,0.10395562422522409
0,4,9,11.0,248,0,0,0.15601185056193134
0,4,9,15.0,234,0,0,0.1249956078431042
1,0,9,4.0,270,0,0,0.0979551486307153
2,9,9,1.0,257,0,0,0.09701896495473628
1,0,9,7.0,244,0,0,0.12090250521595547
0,2,9,11.0,242,0,0,0.14392517628396612
2,4,9,28.0,257,0,0,0.12962459735914378
0,4,9,21.0,234,0,0,0.12201499000734384
0,9,9,19.0,249,0,0,0.11641521411856792
1,9,9,9.0,233,0,0,0.10630723853739066
1,9,9,14.0,261,0,0,0.12186870539011474
1,9,9,59.0,257,0,0,0.043645099571532064
0,9,9,54.0,248,0,0,0.04285519572457386
1,0,9,2.0,270,0,0,0.09424522445170591
2,4,9,10.0,233,0,0,0.11069521869692117
2,9,9,22.0,261,0,0,0.09076639073802739
2,4,9,8.0,210,0,0,0.045228047496476464
2,2,9,14.0,258,0,0,0.14089636937316452
0,0,9,4.0,244,0,0,0.12572921248526642
1,6,9,17.0,252,0,0,0.14531671456676948
2,4,9,3.0,242,0,0,0.12888402454680148
0,2,9,55.0,244,0,0,0.05069101970935508
1,0,9,11.0,236,0,0,0.10955992822227129
1,6,9,15.0,253,0,0,0.15227269678591931
1,9,9,19.0,248,0,0,0.12552428323857606
2,6,9,7.0,233,0,0,0.10387836575933806
0,4,9,35.0,272,0,0,0.08128531034220499
2,4,9,14.0,258,0,0,0.1408373481913482
1,9,9,15.0,253,0,0,0.13078995458777903
0,0,9,11.0,234,0,0,0.10779861364086257
0,6,9,17.0,236,0,0,0.11702200767598397
0,9,9,36.0,244,0,0,0.07750702738328097
1,6,9,17.0,261,0,0,0.13701010620502968
1,4,9,1.0,233,0,0,0.12097588535297316
1,4,9,16.0,236,0,0,0.13746029038692992
2,2,9,16.0,242,0,0,0.13683615451659642
1,0,9,4.0,248,0,0,0.1198442755632535
0,6,9,5.0,248,0,0,0.14151544855495113
1,4,9,29.0,210,0,0,0.04892163094761315
0,6,9,2.0,236,0,0,0.11242365412766359
1,6,9,36.0,270,0,0,0.08634400828394773
0,2,9,21.0,249,0,0,0.13856945086451627
1,6,9,8.0,253,0,0,0.15107629284249707
0,0,9,12.0,257,0,0,0.1292838812380805
0,2,9,4.0,252,0,0,0.14502150615885467
0,6,9,21.0,257,0,0,0.13581763753348675
2,2,9,37.0,252,0,0,0.11324722358656847
1,2,9,2.0,233,0,0,0.11867135038443044
1,9,9,27.0,261,0,0,0.1098420678587122
0,4,9,58.0,256,0,0,0.061196800543937835
2,4,9,4.0,248,0,0,0.14661394112208587
0,2,9,4.0,272,0,0,0.1162931646382524
1,4,9,16.0,236,0,0,0.13746029038692992
0,4,9,24.0,233,0,0,0.10802317852994597
0,9,9,0.0,252,0,0,0.09987365660224323
1,2,9,23.0,257,0,0,0.13766752616365013
1,6,9,10.0,270,0,0,0.1280777936684429
2,6,9,7.0,257,0,0,0.1364183904688024
1,0,9,20.0,244,0,0,0.1118781381176785
0,2,9,85.0,257,0,1,-0.010795734687244374
2,0,9,29.0,248,0,0,0.09161583815262997
0,4,9,18.0,253,0,0,0.1448391982585444
1,0,9,26.0,272,0,0,0.08460290574248142
2,2,9,30.0,248,0,0,0.1269049716966294
0,9,9,63.0,256,0,0,0.029978483690410673
2,4,9,3.0,249,0,0,0.13972788591138258
0,9,9,26.0,261,0,0,0.095327606372547
1,9,9,30.0,261,0,0,0.10543061982582413
1,4,9,22.0,257,0,0,0.14654194574644763
0,9,9,12.0,236,0,0,0.10218145381272004
1,4,9,16.0,252,0,0,0.15155494854977003
2,4,9,25.0,248,0,0,0.13860788965424448
0,9,9,82.0,256,0,0,0.002054955721233931
1,6,9,20.0,249,0,0,0.14540766246011533
2,9,9,10.0,256,0,0,0.11246924260042546
1,6,9,15.0,249,0,0,0.15466156766868822
1,2,9,15.0,210,0,0,0.07468018129520437
0,9,9,23.0,244,0,0,0.10209996294206414
0,6,9,2.0,258,0,0,0.13179053776504074
1,0,9,2.0,236,0,0,0.10301440337754286
0,6,9,16.0,210,0,0,0.0668572579616673
0,4,9,31.0,257,0,0,0.12362623088359664
0,0,9,5.0,257,0,0,0.12158747488918897
0,0,9,6.0,244,0,0,0.12860250124561395
0,0,9,53.0,258,0,0,0.04092475128984696
2,9,9,9.0,270,0,0,0.0866682563517911
2,9,9,7.0,248,0,0,0.1151545157123392
1,2,9,64.0,236,0,0,0.02291081437714071
1,4,9,17.0,270,0,0,0.13350496913375587
0,9,9,11.0,253,0,0,0.12726404712990513
1,0,9,1.0,253,0,0,0.10825013348977658
2,0,9,11.0,244,0,0,0.11828151879094101
1,4,9,5.0,256,0,0,0.14800914304483276
0,0,9,17.0,257,0,0,0.12253423719223155
1,2,9,36.0,256,0,0,0.10968834849367953
1,9,9,9.0,270,0,0,0.10730964205941806
0,0,9,3.0,244,0,0,0.11954094956667793
0,2,9,21.0,244,0,0,0.13490571323830447
1,4,9,16.0,253,0,0,0.1509612674139753
2,4,9,30.0,253,0,0,0.1257136657106228
2,6,9,4.0,272,0,0,0.10159460895051675
0,0,9,54.0,252,0,0,0.04445954506048033
2,9,9,20.0,270,0,0,0.07575593858862506
1,0,9,21.0,249,0,0,0.10888451721134235
1,6,9,5.0,261,0,0,0.13370582690589355
0,2,9,5.0,210,0,0,0.085512809912893
2,2,9,16.0,236,0,0,0.12352433653973194
2,0,9,61.0,256,0,0,0.020460320664961174
2,6,9,19.0,261,0,0,0.1182817677955375
2,4,9,32.0,257,0,0,0.12202124688952376
0,4,9,46.0,272,0,0,0.05688655100933315
1,4,9,9.0,210,0,0,0.07837009246026072
2,9,9,8.0,272,0,0,0.08027769184209244
1,6,9,16.0,233,0,0,0.12147379480911086
2,6,9,6.0,248,0,0,0.1387266050864222
0,2,9,5.0,253,0,0,0.14126944554844378
1,6,9,6.0,272,0,0,0.11710232696235662
0,0,9,80.0,258,0,1,-0.017388707036959605
2,0,9,1.0,272,0,0,0.07517571871511397
2,2,9,13.0,210,0,0,0.04989920715751062
0,4,9,10.0,244,0,0,0.145960066855709
1,0,9,1.0,233,0,0,0.09347447460634162
1,4,9,1.0,272,0,0,0.11308093707272199
2,9,9,3.0,270,0,0,0.0768884691108851
0,9,9,12.0,257,0,0,0.11966315497353286
1,4,9,13.0,270,0,0,0.13547322009445367
1,6,9,21.0,257,0,0,0.14001904782453323
2,9,9,4.0,270,0,0,0.08430389246943726
0,6,9,13.0,270,0,0,0.12510580788116132
1,2,9,7.0,270,0,0,0.13013959433766392
2,6,9,9.0,210,0,0,0.040824500627198224
1,0,9,5.0,248,0,0,0.12016625130066999
1,0,9,2.0,233,0,0,0.09652867996433001
2,0,9,33.0,257,0,0,0.08721996802839094
2,4,10,13.0,257,0,0,0.14164354748574048
0,9,10,8.0,249,0,0,0.11968845427281816
0,6,10,6.0,242,0,0,0.1307344884599746
1,0,10,23.0,234,0,0,0.09267321692084718
2,2,10,14.0,270,0,0,0.1136016475090238
2,9,10,15.0,258,0,0,0.10223929116540387
0,2,10,15.0,248,0,0,0.14939897144215997
0,2,10,4.0,244,0,0,0.14354394849315166
2,0,10,12.0,270,0,0,0.08638864627396892
0,0,10,14.0,270,0,0,0.10013156393461053
2,6,10,45.0,236,0,0,0.057274523229043806
1,4,10,1.0,210,0,0,0.07163151564947423
1,4,10,1.0,272,0,0,0.10487280755665479
0,0,10,10.0,236,0,0,0.10866865699033823
0,4,10,11.0,257,0,0,0.14566244041846532
0,9,10,6.0,210,0,0,0.047381386677030846
2,2,10,7.0,248,0,0,0.1451643001605455
2,0,10,14.0,256,0,0,0.11542923867958005
2,9,10,0.0,270,0,0,0.06117569113570154
2,6,10,18.0,256,0,0,0.12610506655240422
0,6,10,8.0,244,0,0,0.13834923950702027
0,6,10,5.0,256,0,0,0.1368467366696201
0,0,10,2.0,253,0,0,0.11470440100053031
0,4,10,20.0,256,0,0,0.14389988880089155
2,6,10,3.0,270,0,0,0.09537782365082847
1,6,10,1.0,233,0,0,0.10533814247595985
1,6,10,29.0,242,0,0,0.11316222102583273
0,2,10,8.0,261,0,0,0.14006172388734078
0,4,10,50.0,236,0,0,0.07116644224195168
0,6,10,4.0,257,0,0,0.1361835416887059
1,9,10,2.0,257,0,0,0.10952777569393951
1,9,10,11.0,270,0,0,0.09717098525469725
0,2,10,39.0,244,0,0,0.08793944209641325
2,0,10,10.0,270,0,0,0.08891524889622404
1,6,10,3.0,270,0,0,0.10383603286229826
2,4,10,8.0,244,0,0,0.13650216250341846
2,2,10,5.0,257,0,0,0.14226430904335102
1,6,10,15.0,248,0,0,0.14800107358074288
2,0,10,38.0,248,0,0,0.07520412834067913
1,6,10,6.0,258,0,0,0.13446342478223727
1,6,10,7.0,261,0,0,0.13152338507600753
2,9,10,9.0,234,0,0,0.0865342217653764
1,2,10,11.0,272,0,0,0.11826511588873129
2,4,10,36.0,244,0,0,0.11008576228431372
0,2,10,8.0,234,0,0,0.12827548874520445
1,6,10,0.0,253,0,0,0.1254357326040647
1,2,10,27.0,257,0,0,0.13629999811811777
0,6,10,18.0,236,0,0,0.11260266168169952
1,2,10,68.0,248,0,0,0.04251283111241422
2,9,10,4.0,270,0,0,0.0789114836672421
1,0,10,17.0,210,0,0,0.054599461075937494
0,6,10,17.0,257,0,0,0.1392496934274461
2,9,10,24.0,257,0,0,0.09170757423661358
1,4,10,40.0,272,0,0,0.08117325633674155
2,9,10,48.0,210,0,1,-0.035327229747969535
0,2,10,15.0,244,0,0,0.14410983601944816
1,0,10,30.0,242,0,0,0.09222622629702149
1,9,10,18.0,261,0,0,0.11016504211579353
2,9,10,9.0,234,0,0,0.0865342217653764
0,2,10,6.0,248,0,0,0.14832252814008923
2,0,10,32.0,261,0,0,0.07970963544129372
1,9,10,6.0,244,0,0,0.11126920254787886
2,2,10,53.0,253,0,0,0.07353332498377929
0,9,10,99.0,272,0,1,-0.047380650037021854
2,0,10,3.0,270,0,0,0.08173925272784421
0,0,10,20.0,257,0,0,0.11668403992637794
1,4,10,34.0,270,0,0,0.0966223759831768
2,0,10,19.0,244,0,0,0.10578281317211102
0,0,10,2.0,270,0,0,0.08849821262458812
2,4,10,0.0,249,0,0,0.1191212561757547
0,6,10,19.0,249,0,0,0.13610879869332643
0,9,10,4.0,256,0,0,0.11077795017743902
1,6,10,4.0,234,0,0,0.11697432064678176
1,6,10,37.0,234,0,0,0.08287688353920997
1,0,10,2.0,242,0,0,0.11018817696607319
1,2,10,16.0,248,0,0,0.14435523562973773
0,0,10,19.0,253,0,0,0.11918930460692723
2,4,10,14.0,233,0,0,0.1081740658328903
2,0,10,10.0,244,0,0,0.11259053550295739
2,0,10,6.0,256,0,0,0.12086474135535552
2,6,10,5.0,257,0,0,0.12766727776925196
0,6,10,21.0,249,0,0,0.133252997369119
2,4,10,20.0,258,0,0,0.1349226267043
1,9,10,10.0,253,0,0,0.1277536755907544
1,6,10,3.0,242,0,0,0.128386271321916
1,9,10,1.0,258,0,0,0.1007988636491215
0,2,10,9.0,261,0,0,0.1410336264652544
1,2,10,14.0,242,0,0,0.14220755229413506
2,0,10,10.0,210,0,0,0.033028126589441986
0,2,10,4.0,252,0,0,0.1438383204529199
1,6,10,0.0,242,0,0,0.12255371531033044
0,9,10,8.0,248,0,0,0.11974493506494788
0,9,10,58.0,248,0,0,0.0377070477788356
2,0,10,10.0,233,0,0,0.08938070144723353
1,0,10,10.0,248,0,0,0.11731714284788419
0,4,10,11.0,257,0,0,0.14566244041846532
2,2,10,25.0,242,0,0,0.12961773327288262
2,0,10,71.0,257,0,0,0.011637529158042614
1,0,10,12.0,257,0,0,0.11766358135409838
2,2,10,23.0,242,0,0,0.12936141480227414
1,6,10,16.0,249,0,0,0.14404260127570306
1,6,10,10.0,258,0,0,0.13834625816737778
0,6,10,45.0,249,0,0,0.08624617394102219
2,0,10,4.0,234,0,0,0.09503991874731732
0,6,10,33.0,252,0,0,0.11185335323554613
0,9,10,8.0,233,0,0,0.08823803746081949
2,9,10,7.0,248,0,0,0.10906311211625269
1,9,10,10.0,249,0,0,0.12614835714236494
0,9,10,22.0,248,0,0,0.10490408076467245
2,2,10,27.0,272,0,0,0.08966344376996038
1,4,10,20.0,257,0,0,0.14452924743340922
0,4,10,49.0,270,0,0,0.06414692025831603
1,9,10,9.0,257,0,0,0.125691338312231
0,9,10,23.0,242,0,0,0.08596731046590622
1,6,10,29.0,233,0,0,0.09769801413997825
0,0,10,47.0,270,0,0,0.03616137520899898
2,9,10,4.0,236,0,0,0.08884949527095765
0,2,10,13.0,270,0,0,0.1291749018815712
1,4,10,21.0,270,0,0,0.1197453273807142
1,6,10,9.0,257,0,0,0.1447640448830096
2,0,10,1.0,234,0,0,0.07720856627599926
0,9,10,0.0,252,0,0,0.09637109692229395
1,0,10,63.0,258,0,0,0.02553410725094518
2,9,10,4.0,257,0,0,0.10799217522275012
1,4,10,13.0,248,0,0,0.1526678876328078
1,9,10,22.0,272,0,0,0.07747675910649499
2,0,10,32.0,242,0,0,0.08161588238489914
0,4,10,15.0,261,0,0,0.13677482869935692
0,9,10,13.0,236,0,0,0.09130525090056119
0,0,10,21.0,249,0,0,0.11601311709804701
0,4,10,35.0,210,0,0,0.04141965619782695
0,4,10,34.0,248,0,0,0.12166554448891131
0,4,10,2.0,270,0,0,0.1134347841875164
2,9,10,17.0,257,0,0,0.10021282840908818
0,6,10,11.0,261,0,0,0.13608779781569474
0,4,10,80.0,257,0,0,0.011681313255167192
0,4,10,57.0,258,0,0,0.0584207589937108
1,2,10,7.0,248,0,0,0.1447947982202551
1,9,10,1.0,272,0,0,0.07534952484792856
2,4,10,6.0,242,0,0,0.13355071726371887
2,9,10,6.0,270,0,0,0.08231049701266335
0,4,10,2.0,248,0,0,0.14032631975648008
2,9,10,27.0,272,0,0,0.05659830337960681
1,2,10,2.0,248,0,0,0.1381318954722649
0,2,10,11.0,270,0,0,0.1310940939542687
2,2,10,15.0,233,0,0,0.11040860838874178
1,2,10,3.0,258,0,0,0.1373117980690729
2,4,10,6.0,272,0,0,0.10779282367385978
0,2,10,2.0,233,0,0,0.11407772350659617
1,4,10,11.0,244,0,0,0.148308962869864
2,9,10,4.0,242,0,0,0.09841685265038691
1,2,10,1.0,256,0,0,0.1338268485566405
1,0,10,0.0,257,0,0,0.09863517494574825
2,4,10,50.0,261,0,0,0.08096768065920645
1,2,10,41.0,270,0,0,0.08220399218066232
2,6,10,22.0,236,0,0,0.09653450025550736
0,9,10,12.0,256,0,0,0.11747471030194284
1,6,10,12.0,258,0,0,0.1405302743199322
0,6,10,8.0,252,0,0,0.14404803683871836
2,6,10,17.0,248,0,0,0.12952485898736615
2,9,10,1.0,261,0,0,0.08220951857777481
0,0,10,7.0,248,0,0,0.12835453555456794
0,2,10,8.0,248,0,0,0.15083494660846025
2,6,10,17.0,244,0,0,0.1257693920925017
2,9,10,46.0,252,0,0,0.046503061028035586
1,2,10,29.0,257,0,0,0.12953990892616712
1,4,10,65.0,236,0,0,0.0377141842457096
1,6,10,21.0,270,0,0,0.10795331302715155
2,9,10,59.0,256,0,0,0.019626910631860728
2,4,10,13.0,242,0,0,0.13240070958689615
1,6,10,34.0,252,0,0,0.10894638205760027
0,4,10,33.0,233,0,0,0.0922897591525017
1,6,10,2.0,257,0,0,0.13356821796691776
0,9,10,10.0,257,0,0,0.11217568831292324
1,4,10,23.0,272,0,0,0.11360027757237262
2,9,10,16.0,272,0,0,0.0679496447982566
2,2,10,1.0,248,0,0,0.1277105937021239
0,9,10,1.0,270,0,0,0.07285872124100223
2,9,10,10.0,261,0,0,0.0961449153724444
2,6,10,14.0,257,0,0,0.12627856393350834
0,9,10,42.0,258,0,0,0.06869005954916074
1,2,10,50.0,258,0,0,0.07791850477468687
1,2,10,3.0,253,0,0,0.13738262435768034
2,2,10,1.0,257,0,0,0.12620529014510323
0,2,10,13.0,272,0,0,0.11757526419234443
1,6,10,30.0,257,0,0,0.1194450022859227
1,0,10,13.0,270,0,0,0.09770638594307213
2,6,10,6.0,261,0,0,0.11843784337299806
0,9,10,54.0,248,0,0,0.044011908541175315
1,2,10,4.0,244,0,0,0.14266135329262014
0,6,10,1.0,270,0,0,0.10436353856069358
1,4,10,27.0,236,0,0,0.12345178407704749
1,6,10,0.0,248,0,0,0.12900281472681746
1,6,10,25.0,236,0,0,0.11529223539740441
0,4,10,18.0,270,0,0,0.1217176409859192
2,4,10,23.0,270,0,0,0.10926376046529179
2,6,10,19.0,261,0,0,0.11184228662182055
0,0,10,10.0,256,0,0,0.12527958023018215
2,0,10,2.0,253,0,0,0.10772517147227678
0,6,10,54.0,249,0,0,0.06860816738708497
2,9,10,9.0,233,0,0,0.08082697392385174
1,2,10,17.0,236,0,0,0.1272226912588268
2,2,10,0.0,270,0,0,0.0953224830851378
1,2,11,66.0,244,0,0,0.0304101382217411
0,4,11,37.0,270,0,0,0.09040670045102983
1,6,11,11.0,236,0,0,0.1304635935191465
1,2,11,3.0,270,0,0,0.11930216250760528
2,4,11,7.0,270,0,0,0.119336709393503
0,2,11,1.0,210,0,0,0.0784951997158353
0,9,11,5.0,272,0,0,0.07636330721804907
1,9,11,1.0,252,0,0,0.1077939978646743
1,6,11,22.0,257,0,0,0.13602878525825074
0,4,11,15.0,242,0,0,0.13993662636282583
0,0,11,21.0,236,0,0,0.10169800957917552
1,2,11,5.0,244,0,0,0.14477267261968235
1,2,11,13.0,256,0,0,0.1492523542546036
2,2,11,1.0,210,0,0,0.04256963129111291
1,6,11,8.0,249,0,0,0.1457345562293494
0,6,11,11.0,256,0,0,0.14797036595565588
1,0,11,21.0,270,0,0,0.09222883542404758
2,9,11,93.0,272,0,1,-0.050660474108241704
1,6,11,36.0,252,0,0,0.10879286829960316
1,2,11,7.0,257,0,0,0.14744138390714262
0,9,11,17.0,236,0,0,0.09340957072490641
2,2,11,45.0,270,0,0,0.05994874542982265
2,9,11,40.0,244,0,0,0.05641572550641116
2,6,11,37.0,258,0,0,0.0856627516801658
1,4,11,11.0,261,0,0,0.14719729224977757
2,4,11,2.0,249,0,0,0.13887990609240225
2,4,11,72.0,258,0,0,0.0400563690275656
0,2,11,6.0,234,0,0,0.13095314710921085
1,6,11,14.0,258,0,0,0.14244704466964075
2,9,11,9.0,234,0,0,0.0849337606800552
1,0,11,24.0,258,0,0,0.10869460884489329
0,6,11,12.0,256,0,0,0.14646495605941734
0,4,11,9.0,272,0,0,0.11035324202501384
0,6,11,31.0,249,0,0,0.11219448454919007
1,2,11,30.0,270,0,0,0.10699016075924994
0,9,11,72.0,257,0,0,0.016155726292414574
1,4,11,4.0,248,0,0,0.14906121553509133
2,4,11,1.0,253,0,0,0.12818803568021087
1,0,11,8.0,258,0,0,0.11735456283963075
1,4,11,3.0,242,0,0,0.14251151099320847
2,9,11,27.0,210,0,1,-0.005475785180856674
2,0,11,2.0,248,0,0,0.10663898272997496
2,0,11,13.0,257,0,0,0.11849624560395433
0,6,11,33.0,256,0,0,0.11294707894517875
0,2,11,43.0,236,0,0,0.0728560091165742
0,9,11,35.0,257,0,0,0.08707534479597578
1,6,11,13.0,234,0,0,0.12468679185692483
0,9,11,16.0,244,0,0,0.10985171373798625
2,9,11,36.0,272,0,0,0.03489631849214081
0,2,11,6.0,252,0,0,0.14908925246220478
1,2,11,12.0,270,0,0,0.13226159225398298
0,9,11,58.0,242,0,0,0.031044067456437063
2,9,11,2.0,270,0,0,0.07145435897486763
2,0,11,44.0,261,0,0,0.0574909588845669
0,0,11,7.0,233,0,0,0.10698919117210604
1,9,11,7.0,272,0,0,0.09343574054114967
1,0,11,0.0,253,0,0,0.1006126287387118
0,6,11,23.0,272,0,0,0.09927538945202685
1,9,11,8.0,253,0,0,0.12673740439961784
0,0,11,16.0,272,0,0,0.0931646139986746
2,4,11,54.0,257,0,0,0.08209717667865035
1,9,11,4.0,261,0,0,0.10985018143869274
0,0,11,4.0,256,0,0,0.12592998109448372
0,0,11,4.0,257,0,0,0.12592998109448372
0,0,11,13.0,256,0,0,0.13099030751664875
0,4,11,25.0,258,0,0,0.13640651716115215
0,4,11,56.0,256,0,0,0.06667115668817514
0,2,11,71.0,248,0,0,0.02267241621675964
2,0,11,17.0,234,0,0,0.09243939385673106
1,2,11,12.0,270,0,0,0.13226159225398298
1,6,11,5.0,234,0,0,0.11955316850393705
0,4,11,1.0,258,0,0,0.13442720547156517
1,4,11,3.0,234,0,0,0.12832949747103717
0,2,11,9.0,261,0,0,0.1459145964979196
2,2,11,2.0,270,0,0,0.11061648441206107
2,9,11,10.0,253,0,0,0.10928042140021993
0,4,11,11.0,272,0,0,0.11393845260592161
1,0,11,19.0,248,0,0,0.11499556383784931
2,9,11,10.0,236,0,0,0.08800091178082092
2,6,11,2.0,233,0,0,0.08809614878165861
1,4,11,20.0,261,0,0,0.14426230323708694
2,0,11,3.0,270,0,0,0.08516020900812538
0,6,11,6.0,272,0,0,0.10687717933968999
1,4,11,5.0,257,0,0,0.14454196118163004
1,4,11,30.0,210,0,0,0.04911653811668004
1,9,11,13.0,252,0,0,0.12771429993190847
1,6,11,11.0,257,0,0,0.14919885922410114
0,2,11,3.0,210,0,0,0.08118989589535153
1,0,11,13.0,270,0,0,0.10054288720644178
2,9,11,8.0,270,0,0,0.08373972842438826
2,4,11,1.0,252,0,0,0.12950609504348964
0,2,11,34.0,272,0,0,0.08091711111682509
2,6,11,25.0,256,0,0,0.12165050893051538
2,2,11,21.0,261,0,0,0.1289880596964662
0,4,11,2.0,234,0,0,0.11940530909418096
1,4,11,6.0,257,0,0,0.14909907123675487
2,9,11,30.0,244,0,0,0.0773946253606993
2,9,11,0.0,210,0,1,-0.002604991643126331
0,9,11,26.0,233,0,0,0.06734879213556577
0,9,11,4.0,248,0,0,0.11377297044134416
2,0,11,6.0,257,0,0,0.12634794967987467
2,6,11,0.0,249,0,0,0.11088635601628494
1,2,11,26.0,249,0,0,0.13924928616051985
1,9,11,17.0,248,0,0,0.12365766764934122
1,4,11,15.0,233,0,0,0.12682531527799995
0,9,11,5.0,236,0,0,0.09272574701470915
0,6,11,0.0,249,0,0,0.1229886143414608
1,2,11,4.0,258,0,0,0.14095715569253575
2,9,11,12.0,242,0,0,0.0961909457484521
1,9,11,9.0,258,0,0,0.12533355160985304
0,0,11,10.0,242,0,0,0.12823781935802303
0,4,11,1.0,257,0,0,0.1364511248690275
0,4,11,18.0,270,0,0,0.1267412502375866
2,9,11,7.0,272,0,0,0.07726145791279637
0,4,11,8.0,257,0,0,0.14561072359044464
2,0,11,40.0,257,0,0,0.08036733091265758
0,4,11,36.0,236,0,0,0.09757807504245641
2,9,11,8.0,210,0,0,0.021892775695738775
2,0,11,12.0,242,0,0,0.11354514967133372
1,0,11,3.0,244,0,0,0.11682733697372144
0,2,11,1.0,233,0,0,0.11453032196571727
2,2,11,25.0,242,0,0,0.13371063366628855
2,6,11,12.0,252,0,0,0.1371192557041056
2,6,11,28.0,242,0,0,0.10314692812055737
1,0,11,41.0,242,0,0,0.06958984726751827
1,6,11,6.0,258,0,0,0.13969337617855548
1,2,11,43.0,256,0,0,0.09763921274510079
0,4,11,7.0,257,0,0,0.14412221431776834
0,2,11,22.0,256,0,0,0.14388022508495268
1,0,11,16.0,253,0,0,0.11784730793947146
0,4,11,24.0,248,0,0,0.14367858318922938
0,4,11,14.0,257,0,0,0.14723742705348608
0,2,11,0.0,253,0,0,0.1318530760320517
2,4,11,0.0,257,0,0,0.11894918523503195
1,4,11,2.0,253,0,0,0.1392574132845824
0,9,11,34.0,257,0,0,0.09034961407706366
2,2,11,7.0,252,0,0,0.14623344724268045
1,9,11,26.0,242,0,0,0.09752629849194172
2,0,11,12.0,261,0,0,0.10774079032333789
1,9,11,24.0,270,0,0,0.08139231523075674
0,9,11,5.0,257,0,0,0.11229764398688552
0,0,11,4.0,248,0,0,0.12969637618729418
1,6,11,6.0,257,0,0,0.14582342609615495
1,2,11,11.0,252,0,0,0.14712031152747018
0,2,11,12.0,236,0,0,0.136254599670027
2,9,11,3.0,253,0,0,0.09961414565426474
2,0,11,1.0,242,0,0,0.09418084383390302
1,6,11,26.0,256,0,0,0.13540731343059226
1,6,11,32.0,270,0,0,0.09030272206064804
2,4,11,7.0,272,0,0,0.10991129472422112
1,0,11,27.0,252,0,0,0.10501608601964912
1,4,11,2.0,252,0,0,0.13900656592444827
2,4,11,15.0,234,0,0,0.11947897848469358
0,0,11,73.0,257,0,1,-0.001475181858650254
2,6,11,2.0,258,0,0,0.12332441660012261
1,6,11,61.0,261,0,0,0.051255284945911916
0,0,11,10.0,257,0,0,0.13176451531983158
2,6,11,39.0,242,0,0,0.07564826018113036
0,2,11,23.0,257,0,0,0.14337887347249156
0,6,11,3.0,244,0,0,0.13463357905681178
2,9,11,9.0,258,0,0,0.1058747825526754
2,4,11,6.0,253,0,0,0.1479396647399397
2,4,11,26.0,256,0,0,0.1361723089184677
0,9,11,29.0,253,0,0,0.10366267732535017
2,2,11,6.0,233,0,0,0.11792718610451147
2,6,11,16.0,270,0,0,0.1044874742183014
1,6,11,3.0,233,0,0,0.10972584009828962
0,6,11,6.0,249,0,0,0.13996977503684127
1,4,11,15.0,270,0,0,0.12839218717079953
0,9,11,33.0,253,0,0,0.09340684694853141
1,0,11,29.0,253,0,0,0.10070157353502818
1,9,11,6.0,234,0,0,0.0966510762524605
2,2,11,30.0,210,0,0,0.035558153019191185
2,0,11,16.0,248,0,0,0.1154318638601689
1,6,11,11.0,256,0,0,0.15113593556637644
0,2,11,40.0,234,0,0,0.07726380616847028
0,0,11,3.0,248,0,0,0.12328642543872398
2,0,11,9.0,258,0,0,0.12026765260304778
2,6,11,9.0,236,0,0,0.11114136293196558
1,2,11,6.0,244,0,0,0.14313951709075184
1,9,11,22.0,257,0,0,0.11559294302505996
2,2,11,5.0,210,0,0,0.05218129231331459
0,0,11,6.0,248,0,0,0.13250765825366662
1,0,11,0.0,210,0,0,0.05007677666904253
1,6,11,27.0,272,0,0,0.10171011507813621
0,6,11,24.0,261,0,0,0.12550218113642048
2,4,11,34.0,236,0,0,0.11176631963445949
1,0,11,31.0,270,0,0,0.06899734455816264
2,2,11,18.0,210,0,0,0.039862099260692174
2,2,11,11.0,248,0,0,0.1471273626176532
0,6,11,3.0,248,0,0,0.1381252901043225
2,2,11,21.0,258,0,0,0.1360820889374162
0,2,11,8.0,234,0,0,0.13145745278692156
2,6,11,2.0,258,0,0,0.12332441660012261
0,6,11,29.0,248,0,0,0.12150436729182912
2,2,11,10.0,244,0,0,0.14445765838119362
2,0,11,28.0,258,0,0,0.09843355705997403
1,4,11,3.0,210,0,0,0.07223506040748695
1,0,11,12.0,272,0,0,0.09239158558446492
2,9,11,14.0,270,0,0,0.0811406731931672
1,2,11,23.0,261,0,0,0.13658760482809962
0,2,11,12.0,253,0,0,0.15280859466753066
0,6,11,10.0,249,0,0,0.1430981075229218
0,2,11,6.0,256,0,0,0.15041228268425738
2,4,11,19.0,272,0,0,0.10690214361051159
0,4,11,5.0,249,0,0,0.1414250494088194
2,6,11,14.0,261,0,0,0.11905953258072893
1,2,11,43.0,244,0,0,0.0903231116017853
1,4,11,4.0,272,0,0,0.1126520543800279
0,0,11,1.0,252,0,0,0.11319736218526794
0,0,11,2.0,248,0,0,0.12009237932019623
0,4,11,15.0,258,0,0,0.14471208510242445
0,4,11,3.0,234,0,0,0.12135155980809864
0,6,11,8.0,252,0,0,0.14426693037037508
0,4,11,7.0,248,0,0,0.1476205593667052
2,0,12,96.0,253,0,1,-0.02967087848529726
2,6,12,24.0,248,0,0,0.12399240482209495
0,6,12,45.0,252,0,0,0.09406372008268338
1,4,12,14.0,233,0,0,0.1323118725331071
2,4,12,9.0,252,0,0,0.14875581849144004
2,4,12,25.0,248,0,0,0.14184858249089727
0,0,12,11.0,256,0,0,0.13375032761664574
2,6,12,25.0,252,0,0,0.12476013416421783
1,4,12,40.0,270,0,0,0.09573323184700966
2,4,12,13.0,253,0,0,0.14446252975932455
0,4,12,11.0,249,0,0,0.15546490020826226
2,0,12,5.0,210,0,0,0.03181630193015539
0,2,12,26.0,258,0,0,0.1377873938582052
1,4,12,36.0,272,0,0,0.09614981983872417
0,6,12,24.0,248,0,0,0.1316143618846271
1,9,12,3.0,252,0,0,0.11458136193970331
0,6,12,29.0,258,0,0,0.11720056258222572
1,9,12,28.0,261,0,0,0.10410576331313182
0,4,12,1.0,244,0,0,0.13644851868752728
1,6,12,10.0,248,0,0,0.1508296476331651
0,0,12,28.0,256,0,0,0.11328309843461654
1,0,12,9.0,253,0,0,0.12243666591743896
2,4,12,1.0,252,0,0,0.129054036702354
0,2,12,15.0,248,0,0,0.15408931223657535
2,4,12,16.0,236,0,0,0.12714690780858018
1,0,12,3.0,261,0,0,0.10778348047856207
1,2,12,22.0,248,0,0,0.14092831532771705
2,0,12,7.0,258,0,0,0.12063400800107116
2,2,12,3.0,272,0,0,0.10175728705872333
0,6,12,23.0,272,0,0,0.09956377381921999
2,2,12,4.0,270,0,0,0.11735317131993095
1,9,12,27.0,257,0,0,0.11736344360804052
1,6,12,5.0,256,0,0,0.1437630692480552
1,4,12,23.0,248,0,0,0.14907217313818877
1,6,12,16.0,242,0,0,0.1412356756362772
2,9,12,0.0,242,0,0,0.07941667335889413
1,0,12,1.0,242,0,0,0.10969290635591777
2,4,12,43.0,257,0,0,0.11196959827591357
1,2,12,19.0,270,0,0,0.12693547088550527
1,9,12,22.0,253,0,0,0.1204582865129728
1,9,12,29.0,244,0,0,0.1010047405960206
0,6,12,9.0,257,0,0,0.14155386714806717
1,6,12,3.0,258,0,0,0.13149315454751603
2,9,12,12.0,257,0,0,0.10489797255845551
2,0,12,30.0,252,0,0,0.09481424496084534
1,4,12,10.0,253,0,0,0.1492197151791655
0,2,12,29.0,261,0,0,0.12501256841628244
2,6,12,5.0,248,0,0,0.1298003669212443
0,0,12,3.0,248,0,0,0.12473678768028912
0,9,12,25.0,252,0,0,0.11048817032459624
2,6,12,10.0,236,0,0,0.10636869818100975
0,2,12,22.0,258,0,0,0.14145107855426053
2,9,12,6.0,248,0,0,0.1091745229338904
0,0,12,26.0,236,0,0,0.09564234653653891
0,2,12,39.0,272,0,0,0.07714945772668491
0,0,12,12.0,270,0,0,0.11049853957661293
2,0,12,6.0,253,0,0,0.12327687596134579
1,6,12,58.0,210,0,1,-0.0030817776458226254
0,9,12,18.0,233,0,0,0.07965405760633959
2,4,12,1.0,244,0,0,0.12452367263190534
2,6,12,2.0,248,0,0,0.12185252967936216
2,6,12,59.0,249,0,0,0.044712961112574945
2,6,12,2.0,258,0,0,0.11782872138461381
2,2,12,22.0,210,0,0,0.04015774590801702
1,2,12,39.0,257,0,0,0.11369872830280386
0,6,12,3.0,248,0,0,0.1350537248535827
0,2,12,3.0,261,0,0,0.13749383713365926
0,9,12,4.0,248,0,0,0.11794494729573535
2,4,12,67.0,258,0,0,0.053250782032672306
1,0,12,6.0,253,0,0,0.11890209967153476
2,2,12,23.0,244,0,0,0.13714397314785942
0,2,12,0.0,252,0,0,0.13216676189145204
2,9,12,3.0,270,0,0,0.07186734811235707
1,9,12,14.0,256,0,0,0.13037723660058598
1,9,12,65.0,257,0,0,0.03550267834133203
0,4,12,38.0,253,0,0,0.11844066469674563
2,9,12,15.0,257,0,0,0.10345288146201759
0,2,12,7.0,253,0,0,0.14984675615088855
2,0,12,11.0,248,0,0,0.1209395042826143
2,0,12,2.0,210,0,0,0.02269715746101486
1,0,12,15.0,253,0,0,0.12185835393383143
0,6,12,19.0,258,0,0,0.13100526908128485
1,4,12,15.0,236,0,0,0.1417165030356894
0,9,12,0.0,242,0,0,0.09125233877146077
1,4,12,1.0,253,0,0,0.13720621453752446
0,2,12,5.0,256,0,0,0.14545365309834457
2,2,12,74.0,236,0,0,0.0019361488560516449
1,0,12,10.0,210,0,0,0.05661321210180914
2,9,12,7.0,253,0,0,0.11419346193225816
0,0,12,26.0,242,0,0,0.1090985958426906
0,0,12,70.0,236,0,1,-0.012567664870426931
0,9,12,25.0,210,0,0,0.021495289746847113
0,0,12,5.0,236,0,0,0.11445220940009765
0,4,12,50.0,256,0,0,0.09528158857900582
0,2,12,37.0,272,0,0,0.08172302812553278
2,2,12,7.0,248,0,0,0.14860739869345785
0,0,12,5.0,234,0,0,0.11023173386954549
0,6,12,14.0,272,0,0,0.10316877134668279
1,6,12,3.0,272,0,0,0.1018427690001028
0,0,12,21.0,270,0,0,0.09845567323001991
0,2,12,26.0,258,0,0,0.1377873938582052
1,4,12,25.0,257,0,0,0.1463995600887018
2,0,12,5.0,248,0,0,0.11884635541560545
1,9,12,48.0,210,0,1,-0.009297739597327048
1,9,12,2.0,253,0,0,0.1151464428321004
0,6,12,34.0,233,0,0,0.07025995688644715
0,0,12,1.0,261,0,0,0.10720330264841893
0,2,12,56.0,233,0,0,0.032347030841290536
1,9,12,1.0,248,0,0,0.11390055576432023
1,9,12,14.0,210,0,0,0.04301211117343717
1,0,12,23.0,270,0,0,0.09629196518109362
1,0,12,7.0,270,0,0,0.10173803630855616
2,0,12,11.0,234,0,0,0.10055368853040203
0,2,12,79.0,257,0,0,0.001786367643450304
0,0,12,33.0,210,0,0,0.029863136223323927
0,6,12,71.0,257,0,0,0.0369987183585162
0,2,12,18.0,249,0,0,0.14742640044849992
2,9,12,10.0,272,0,0,0.06994278055521175
2,2,12,23.0,244,0,0,0.13714397314785942
2,4,12,35.0,270,0,0,0.093927903287079
0,2,12,18.0,258,0,0,0.1455885444997606
0,0,12,7.0,249,0,0,0.13402722610770723
2,4,12,28.0,234,0,0,0.11453577445613533
2,2,12,33.0,210,0,0,0.027460899073956768
2,4,12,27.0,272,0,0,0.10280790514552252
1,6,12,29.0,256,0,0,0.12912424140160117
0,6,12,4.0,244,0,0,0.13394073637796905
1,9,12,3.0,252,0,0,0.11458136193970331
1,4,12,10.0,248,0,0,0.15434863686095895
2,0,12,40.0,252,0,0,0.07681694546318407
0,0,12,13.0,242,0,0,0.12797862774053032
0,0,12,43.0,261,0,0,0.07124165772429858
0,9,12,35.0,270,0,0,0.0569262274702087
0,6,12,2.0,234,0,0,0.1032928328636179
0,4,12,7.0,242,0,0,0.1426868966962429
1,9,12,32.0,261,0,0,0.09263518497981216
0,2,12,64.0,244,0,0,0.028731165414418114
2,6,12,19.0,252,0,0,0.13194889378413305
0,2,12,56.0,257,0,0,0.06169827759866775
1,2,12,0.0,242,0,0,0.13274551732018675
0,4,12,16.0,236,0,0,0.13032079189473267
1,2,12,16.0,234,0,0,0.12655261275361068
2,2,12,23.0,252,0,0,0.13664492812392065
1,2,12,12.0,261,0,0,0.14633946088729305
1,2,12,12.0,233,0,0,0.13096373538790806
2,4,12,13.0,244,0,0,0.14192513295166742
2,0,12,30.0,272,0,0,0.05356333831182114
2,6,12,4.0,242,0,0,0.12119689724755361
0,0,12,17.0,244,0,0,0.13074218840512492
2,9,12,4.0,253,0,0,0.11060128721326418
0,0,12,12.0,248,0,0,0.13687894878681395
0,9,12,2.0,233,0,0,0.07851585961257457
1,0,12,9.0,270,0,0,0.10374038052378909
0,6,12,31.0,257,0,0,0.11376895073655058
2,9,12,27.0,256,0,0,0.08920099468397347
1,6,12,17.0,248,0,0,0.14835991622516004
2,4,12,13.0,257,0,0,0.1444283779804828
2,2,12,36.0,210,0,0,0.02322202539700924
0,2,12,6.0,249,0,0,0.15008898790144332
1,6,12,7.0,261,0,0,0.13467276570512388
0,9,12,30.0,257,0,0,0.10184053799594406
0,0,12,11.0,257,0,0,0.13315788627757552
0,9,12,8.0,257,0,0,0.12155242198626337
2,4,12,8.0,270,0,0,0.12066752397373015
0,4,12,17.0,256,0,0,0.14994155522327618
1,6,12,2.0,242,0,0,0.1299789389645164
2,4,12,32.0,252,0,0,0.1293247889283104
2,9,12,33.0,258,0,0,0.06915164161113008
1,4,12,12.0,272,0,0,0.12515788083399726
1,4,12,13.0,258,0,0,0.15081671692899518
0,2,12,2.0,253,0,0,0.1409684289464334
2,9,12,4.0,249,0,0,0.10972767900789338
1,4,12,6.0,252,0,0,0.1465105798416138
1,2,12,10.0,242,0,0,0.14636254575458946
2,2,12,3.0,257,0,0,0.13717736880540216
2,4,12,18.0,257,0,0,0.14530384614633668
0,6,12,25.0,257,0,0,0.1297225317501754
1,6,12,1.0,257,0,0,0.13345256353384521
1,4,12,16.0,249,0,0,0.15514415327216385
2,9,12,23.0,253,0,0,0.09392734906601297
0,0,12,8.0,270,0,0,0.10964685736365509
2,2,12,14.0,256,0,0,0.14155776632884137
1,6,12,16.0,252,0,0,0.14747486258477732
1,6,12,12.0,272,0,0,0.11873061913942795
2,4,12,34.0,258,0,0,0.1216724357353382
1,2,12,21.0,257,0,0,0.14109873003465567
2,0,12,32.0,252,0,0,0.09147544123666307
0,4,12,2.0,244,0,0,0.14039953997596089
1,2,12,40.0,253,0,0,0.10775331858603038
2,4,12,2.0,248,0,0,0.13606027892684808
2,4,12,6.0,233,0,0,0.11695120388348151
1,6,12,10.0,252,0,0,0.14795472269302756
1,6,12,2.0,256,0,0,0.13814027869658796
0,2,12,9.0,242,0,0,0.14735109115218126
1,6,13,45.0,248,0,0,0.09431836232021762
2,9,13,18.0,210,0,0,0.00976675585833886
2,0,13,15.0,258,0,0,0.11483449655871764
1,9,13,22.0,234,0,0,0.09875759482315649
1,0,13,2.0,261,0,0,0.10917116819755146
2,4,13,24.0,242,0,0,0.12963972697446496
1,0,13,10.0,256,0,0,0.12207887024672837
0,6,13,4.0,248,0,0,0.1396669371010204
2,2,13,46.0,257,0,0,0.09086254828211626
0,6,13,16.0,257,0,0,0.14170319980298274
2,2,13,18.0,244,0,0,0.13778808721356456
2,4,13,26.0,249,0,0,0.1397203700630179
2,9,13,8.0,210,0,0,0.02087552963041517
0,9,13,33.0,270,0,0,0.06334688038947178
2,4,13,38.0,233,0,0,0.09225721396600073
2,0,13,44.0,210,0,1,-0.011647828295656915
0,4,13,47.0,256,0,0,0.10045266764424576
1,2,13,2.0,244,0,0,0.138178531529226
0,9,13,11.0,257,0,0,0.12230877449015637
0,6,13,8.0,270,0,0,0.1188726383905534
2,6,13,28.0,249,0,0,0.11242727282447684
0,2,13,7.0,234,0,0,0.12414209857181463
0,4,13,7.0,257,0,0,0.14375708781747254
2,0,13,13.0,270,0,0,0.0925699216969953
1,4,13,8.0,249,0,0,0.14874003109624567
0,6,13,5.0,253,0,0,0.13741876555012678
2,0,13,9.0,244,0,0,0.12180610005649978
2,4,13,13.0,270,0,0,0.12478774158951944
2,9,13,13.0,257,0,0,0.1047341963246165
2,2,13,9.0,270,0,0,0.12532754552056685
2,4,13,2.0,248,0,0,0.13489439355926025
2,2,13,3.0,272,0,0,0.10701599342233808
0,0,13,28.0,244,0,0,0.1040012069900852
0,9,13,20.0,270,0,0,0.07989148630013543
1,6,13,25.0,257,0,0,0.14037320705871115
2,9,13,42.0,253,0,0,0.05733760779776553
0,2,13,5.0,252,0,0,0.1421816006783726
2,6,13,2.0,270,0,0,0.1015646933439377
1,0,13,42.0,244,0,0,0.07403370203646908
1,0,13,6.0,252,0,0,0.12048470385266452
1,0,13,15.0,257,0,0,0.12291004719205495
2,4,13,41.0,258,0,0,0.1076156594634744
0,6,13,24.0,272,0,0,0.10004642831645982
0,9,13,17.0,242,0,0,0.1058623404161434
1,4,13,5.0,234,0,0,0.13042180457221048
2,4,13,28.0,256,0,0,0.1336951797938843
1,2,13,20.0,256,0,0,0.13927217596563435
1,4,13,36.0,272,0,0,0.09734870275899898
2,6,13,40.0,233,0,0,0.05898716024917494
1,9,13,37.0,234,0,0,0.07313333617343387
1,4,13,38.0,242,0,0,0.11069062015383019
0,0,13,21.0,270,0,0,0.09873179317140757
2,6,13,32.0,270,0,0,0.07687123535467122
2,0,13,20.0,233,0,0,0.08270118009744054
2,6,13,22.0,248,0,0,0.12773851069780257
0,4,13,7.0,210,0,0,0.07400120572253444
2,4,13,20.0,270,0,0,0.11966510760985577
1,9,13,19.0,258,0,0,0.12215169713223789
0,4,13,41.0,233,0,0,0.07957557611154675
2,9,13,21.0,253,0,0,0.09628441007453681
1,9,13,3.0,244,0,0,0.111701990459245
2,2,13,4.0,256,0,0,0.1432220614466823
0,2,13,0.0,253,0,0,0.12708065092631432
0,6,13,35.0,256,0,0,0.10790024544873639
0,2,13,26.0,249,0,0,0.1320544764947889
1,0,13,5.0,248,0,0,0.12199862855686794
1,4,13,62.0,233,0,0,0.03212740887900167
0,4,13,2.0,270,0,0,0.11642514185877623
2,6,13,7.0,256,0,0,0.13201509137232376
0,2,13,4.0,234,0,0,0.12470582908371947
1,0,13,56.0,236,0,0,0.028359522918776747
1,4,13,11.0,270,0,0,0.13526216055862517
0,4,13,8.0,242,0,0,0.14316915259997326
1,2,13,25.0,249,0,0,0.13603040522346743
2,4,13,6.0,236,0,0,0.1288575603943199
2,4,13,29.0,261,0,0,0.12034774687592259
2,4,13,8.0,270,0,0,0.1256103256295108
0,2,13,2.0,233,0,0,0.11421588919039977
1,0,13,24.0,236,0,0,0.10161061213434242
1,2,13,19.0,261,0,0,0.1384376118657616
0,2,13,11.0,234,0,0,0.1264895361790382
2,0,13,9.0,256,0,0,0.12278493521327088
2,6,13,8.0,249,0,0,0.13104761849091373
1,9,13,19.0,257,0,0,0.12574554979551372
2,4,13,25.0,242,0,0,0.13097725959087214
1,0,13,2.0,249,0,0,0.11357184844547558
2,9,13,12.0,257,0,0,0.10523115391607224
2,0,13,1.0,242,0,0,0.09051620974685048
2,6,13,71.0,270,0,0,0.018064299086434032
2,6,13,10.0,233,0,0,0.09096923719367611
1,0,13,5.0,258,0,0,0.11299007551306217
1,4,13,11.0,236,0,0,0.1420025241355639
1,6,13,54.0,249,0,0,0.07853544448709826
2,2,13,30.0,257,0,0,0.1200688056360672
0,4,13,23.0,256,0,0,0.1418945625377847
0,4,13,7.0,210,0,0,0.07400120572253444
2,6,13,28.0,257,0,0,0.11319311192108494
0,2,13,31.0,257,0,0,0.11883951203770793
1,9,13,22.0,210,0,0,0.03383461083073891
1,9,13,13.0,256,0,0,0.13123160488631908
2,0,13,6.0,261,0,0,0.1118000105422432
2,2,13,59.0,252,0,0,0.0639468983215804
2,9,13,21.0,242,0,0,0.08835196640677223
1,9,13,24.0,236,0,0,0.10136464883404095
2,0,13,2.0,256,0,0,0.11091577311248274
1,4,13,0.0,210,0,0,0.06603104922946557
2,4,13,4.0,258,0,0,0.1428666770355828
2,0,13,26.0,252,0,0,0.09891293718586125
1,0,13,7.0,256,0,0,0.12306194890151273
0,9,13,13.0,253,0,0,0.12099150101540435
0,2,13,13.0,242,0,0,0.14099999633279736
0,6,13,7.0,270,0,0,0.11862321027035932
1,0,13,4.0,270,0,0,0.10019187457570788
0,6,13,23.0,272,0,0,0.10143364486443829
1,0,13,11.0,257,0,0,0.12386994770276344
1,0,13,35.0,244,0,0,0.09340480641349147
1,2,13,0.0,236,0,0,0.12109016653829774
0,4,13,33.0,242,0,0,0.11262380717472203
1,2,13,5.0,233,0,0,0.12573049843820094
0,2,13,16.0,233,0,0,0.11978382403769244
1,2,13,19.0,272,0,0,0.11772302745665741
2,2,13,7.0,249,0,0,0.14551821793941555
1,6,13,16.0,236,0,0,0.1302182119322775
1,4,13,35.0,249,0,0,0.12697032480599024
1,4,13,11.0,258,0,0,0.1513944709674338
0,4,13,4.0,233,0,0,0.11880041206403807
0,6,13,0.0,270,0,0,0.09476783646428721
0,6,13,5.0,210,0,0,0.06180199553707266
2,0,13,10.0,257,0,0,0.11931398554565131
2,0,13,37.0,242,0,0,0.07291885638324536
1,4,13,52.0,253,0,0,0.0962927724342163
2,9,13,16.0,257,0,0,0.10303445114452225
1,4,13,25.0,233,0,0,0.12261054144051087
2,6,13,45.0,252,0,0,0.07925935148295826
2,9,13,14.0,257,0,0,0.10559924088941453
0,9,13,3.0,236,0,0,0.0930730501689967
0,6,13,7.0,258,0,0,0.13674532930838884
1,2,13,6.0,256,0,0,0.14698258621334676
1,2,13,2.0,242,0,0,0.13858949484925998
2,4,13,14.0,242,0,0,0.1346392924638536
1,0,13,21.0,252,0,0,0.11516957448747178
1,6,13,28.0,257,0,0,0.13553729513150242
2,6,13,14.0,248,0,0,0.1335385299884913
0,9,13,2.0,234,0,0,0.08489966408444394
1,6,13,13.0,233,0,0,0.12311779638077092
1,4,13,18.0,270,0,0,0.1379925644410664
2,0,13,55.0,242,0,0,0.027735255249978996
2,9,13,30.0,270,0,0,0.05890217331765657
2,2,13,23.0,249,0,0,0.13290902953105627
0,6,13,7.0,248,0,0,0.1430536053487067
0,2,13,53.0,248,0,0,0.06566266806308774
2,9,13,9.0,248,0,0,0.11037304840391982
0,6,13,2.0,272,0,0,0.10124528962611357
2,4,13,23.0,270,0,0,0.11658266711079673
1,6,13,11.0,256,0,0,0.15512006130981143
2,2,13,49.0,242,0,0,0.07273846238123127
1,6,13,3.0,210,0,0,0.056416516541088035
0,4,13,34.0,234,0,0,0.09929990779666575
0,2,13,1.0,256,0,0,0.13351367415920334
2,2,13,10.0,270,0,0,0.1220494354197188
1,9,13,6.0,248,0,0,0.1294850176939542
0,4,13,4.0,270,0,0,0.12169151789802463
2,6,13,2.0,248,0,0,0.12195665573791864
2,9,13,2.0,258,0,0,0.09654360486528091
1,0,13,0.0,249,0,0,0.10608080745514548
1,2,13,5.0,249,0,0,0.14358866733422782
1,6,13,12.0,244,0,0,0.15308098841391587
1,4,13,16.0,257,0,0,0.15381625155462053
0,2,13,1.0,253,0,0,0.1321498362326629
2,6,13,11.0,252,0,0,0.1369874007331135
2,6,13,38.0,244,0,0,0.08728207727284953
0,4,13,53.0,249,0,0,0.08375874937087979
1,4,13,1.0,270,0,0,0.11685192104951397
0,9,13,2.0,261,0,0,0.09899621871306696
0,2,13,26.0,248,0,0,0.13405235640536256
2,4,13,16.0,233,0,0,0.11760024770728167
2,6,13,1.0,261,0,0,0.10309547233292593
1,6,13,9.0,272,0,0,0.11865960315321572
0,2,13,0.0,256,0,0,0.12845912790139724
2,2,13,10.0,244,0,0,0.1416916620107238
2,6,13,2.0,257,0,0,0.1229987616238769
0,4,13,9.0,244,0,0,0.14789770603564395
2,4,13,16.0,244,0,0,0.14286306520074182
2,9,13,45.0,253,0,0,0.05517621904643588
1,4,13,34.0,242,0,0,0.12083496420508322
2,4,13,14.0,258,0,0,0.14267471429990897
0,4,13,2.0,257,0,0,0.13894472019985132
2,9,13,12.0,252,0,0,0.10855418666843963
0,2,13,6.0,256,0,0,0.1460100517327635
1,4,13,8.0,210,0,0,0.0749215641492863
2,9,13,14.0,256,0,0,0.10601887256099018
1,9,13,7.0,253,0,0,0.13024787810312
0,2,13,24.0,270,0,0,0.1217193908305238
0,4,13,41.0,257,0,0,0.11292921413619034
1,6,13,29.0,252,0,0,0.13218331106705306
0,9,13,36.0,270,0,0,0.05846955626388939
2,0,13,10.0,257,0,0,0.11931398554565131
2,2,13,7.0,258,0,0,0.14014499847325596
1,9,13,2.0,272,0,0,0.08313145985391568
0,9,13,0.0,252,0,0,0.09778401738657383
2,0,13,6.0,249,0,0,0.11856700651253427
1,2,13,2.0,272,0,0,0.11272986560993598
2,2,13,2.0,242,0,0,0.12913796668043515
0,0,13,3.0,236,0,0,0.10617420328134003
0,2,13,8.0,257,0,0,0.14808749844641667
0,4,13,0.0,258,0,0,0.12255536284407165
0,2,13,18.0,257,0,0,0.14584526887158317
1,4,14,44.0,253,0,0,0.10970875983351175
0,0,14,5.0,242,0,0,0.11927806255966689
2,2,14,7.0,234,0,0,0.12498840694667246
0,4,14,4.0,272,0,0,0.11180630946818193
0,2,14,10.0,242,0,0,0.1415272170123234
1,0,14,10.0,257,0,0,0.12165154321165772
1,9,14,21.0,248,0,0,0.1242811145933056
0,6,14,18.0,270,0,0,0.11487154162309582
1,0,14,18.0,270,0,0,0.10475579844184674
0,4,14,50.0,248,0,0,0.09656304982176978
2,2,14,29.0,257,0,0,0.11781546375159896
0,4,14,19.0,270,0,0,0.1268006543327681
1,9,14,46.0,248,0,0,0.08051017909063574
2,0,14,17.0,210,0,0,0.025066068151341048
0,6,14,36.0,257,0,0,0.10721507474485492
1,2,14,81.0,270,0,1,-0.00595204260036597
1,4,14,5.0,236,0,0,0.13535953267222278
1,0,14,18.0,270,0,0,0.10475579844184674
1,6,14,33.0,244,0,0,0.11916720573697742
2,4,14,20.0,258,0,0,0.13805549178017734
0,0,14,8.0,258,0,0,0.12765867059024316
0,6,14,72.0,210,0,1,-0.02086185891503889
0,6,14,63.0,249,0,0,0.05116151704283178
1,2,14,8.0,252,0,0,0.14509672262688245
0,4,14,77.0,257,0,0,0.014417548355153964
1,4,14,19.0,257,0,0,0.15539323543824768
1,2,14,3.0,256,0,0,0.14402302059001215
0,0,14,7.0,270,0,0,0.10764431003258257
0,9,14,56.0,257,0,0,0.047521304470755976
2,4,14,23.0,242,0,0,0.13017769505182353
1,9,14,11.0,249,0,0,0.13444998849465734
1,9,14,4.0,257,0,0,0.1256022406995801
1,9,14,11.0,257,0,0,0.13266262684253555
0,2,14,26.0,249,0,0,0.13252404122199846
1,6,14,17.0,249,0,0,0.15106701739580836
2,0,14,31.0,261,0,0,0.07491682408230005
2,4,14,2.0,257,0,0,0.13759566424311104
0,2,14,29.0,248,0,0,0.12608656821870884
1,9,14,18.0,256,0,0,0.12883201411709033
0,0,14,36.0,210,0,0,0.026612266668511464
1,6,14,64.0,253,0,0,0.05489070075120317
0,6,14,6.0,272,0,0,0.10578556703135822
1,9,14,12.0,248,0,0,0.1346032458606789
1,9,14,3.0,258,0,0,0.11328682319975175
2,0,14,6.0,270,0,0,0.09898156597447005
1,6,14,24.0,234,0,0,0.12198516306313817
0,0,14,9.0,249,0,0,0.13432149593922976
2,6,14,41.0,252,0,0,0.08475338156067813
1,0,14,0.0,270,0,0,0.08631983932777876
2,9,14,49.0,244,0,0,0.046644085710351835
1,6,14,17.0,270,0,0,0.12401169677875667
1,9,14,4.0,242,0,0,0.11356557098768433
0,6,14,6.0,261,0,0,0.1310730596188326
0,9,14,23.0,253,0,0,0.11111739793241376
0,9,14,8.0,244,0,0,0.12147497382712774
0,0,14,9.0,253,0,0,0.13337397168032156
0,6,14,4.0,270,0,0,0.11070519232038667
2,9,14,47.0,256,0,0,0.055438267982580114
1,0,14,4.0,210,0,0,0.058952517185861364
0,2,14,16.0,257,0,0,0.14894290650966902
1,6,14,3.0,270,0,0,0.1151603260560557
0,0,14,11.0,248,0,0,0.1352486952614012
1,0,14,14.0,261,0,0,0.11593041424061074
0,2,14,7.0,258,0,0,0.14191747686932582
2,2,14,24.0,253,0,0,0.12462331326540266
0,2,14,21.0,272,0,0,0.11184305177650672
1,4,14,1.0,244,0,0,0.132426330301755
0,2,14,1.0,253,0,0,0.12985784684922397
0,6,14,36.0,272,0,0,0.0710223039824619
1,9,14,20.0,270,0,0,0.08923060134604799
2,2,14,2.0,256,0,0,0.13438254676897898
2,9,14,4.0,234,0,0,0.08984400143825433
2,2,14,20.0,233,0,0,0.10734881198161328
1,9,14,35.0,242,0,0,0.08442132381129464
0,6,14,4.0,248,0,0,0.13759447252933604
1,6,14,0.0,252,0,0,0.12970887413883891
2,0,14,8.0,248,0,0,0.1205825093366173
0,2,14,5.0,249,0,0,0.14059731481797372
0,4,14,0.0,270,0,0,0.10182289776285403
1,9,14,2.0,270,0,0,0.0832367303267516
2,0,14,38.0,249,0,0,0.0760578715089123
1,6,14,3.0,233,0,0,0.11766403135679576
0,4,14,52.0,248,0,0,0.08927469076550487
1,6,14,37.0,252,0,0,0.11261003149095339
0,9,14,8.0,257,0,0,0.12441668906014425
0,6,14,9.0,261,0,0,0.1382008781025672
2,0,14,2.0,244,0,0,0.0995061105392051
1,2,14,1.0,234,0,0,0.11922080748593467
0,9,14,21.0,253,0,0,0.11323408280712682
2,4,14,27.0,249,0,0,0.1360825241650453
0,6,14,47.0,248,0,0,0.09034159083075954
2,4,14,2.0,249,0,0,0.1338074357389109
2,4,14,0.0,242,0,0,0.10781821705495898
1,2,14,8.0,272,0,0,0.12273800786590283
0,6,14,12.0,248,0,0,0.1448094091559614
1,6,14,36.0,249,0,0,0.11242640150800182
2,2,14,25.0,242,0,0,0.12660520455248903
1,2,14,7.0,233,0,0,0.12776312024261288
1,6,14,26.0,210,0,0,0.0534862302692356
2,4,14,10.0,261,0,0,0.13679342874573863
2,6,14,7.0,252,0,0,0.1341823746678763
1,9,14,21.0,249,0,0,0.1242811145933056
0,4,14,4.0,236,0,0,0.12494111508609662
0,4,14,24.0,253,0,0,0.14036740457466867
2,0,14,8.0,236,0,0,0.10583661488985818
0,2,14,26.0,258,0,0,0.13348167004685862
2,0,14,23.0,233,0,0,0.08184697130631646
1,6,14,20.0,261,0,0,0.13489707927830585
1,6,14,14.0,233,0,0,0.12538045570929796
0,4,14,19.0,248,0,0,0.14908049795135314
2,0,14,14.0,244,0,0,0.11469960121967293
2,2,14,4.0,252,0,0,0.14136754970226212
1,6,14,19.0,242,0,0,0.14275164267040535
0,2,14,2.0,233,0,0,0.11387124600675064
2,6,14,3.0,252,0,0,0.12702230412811966
1,6,14,20.0,252,0,0,0.1460635636406652
2,4,14,1.0,270,0,0,0.10508157336470081
0,6,14,24.0,257,0,0,0.13312559467850238
2,4,14,26.0,242,0,0,0.1298285768562379
1,6,14,14.0,234,0,0,0.13036766884063228
0,9,14,5.0,249,0,0,0.11800494350898488
1,9,14,25.0,257,0,0,0.12026130995626605
0,9,14,20.0,270,0,0,0.07884182821274643
1,2,14,56.0,257,0,0,0.06962796778979663
0,0,14,22.0,249,0,0,0.11794610065313338
2,0,14,14.0,236,0,0,0.09863082290420389
0,0,14,90.0,248,0,1,-0.0222682356832683
2,4,14,6.0,252,0,0,0.14692086648139563
2,4,14,20.0,248,0,0,0.14232194454225483
1,2,14,0.0,234,0,0,0.11425555338115645
1,9,14,50.0,248,0,0,0.06946048425688267
1,2,14,0.0,253,0,0,0.12402700140909706
2,9,14,5.0,253,0,0,0.1147840537029457
2,2,14,3.0,272,0,0,0.106771905640627
1,6,14,22.0,270,0,0,0.11907846388850185
0,0,14,68.0,257,0,0,0.017477954923471928
2,6,14,4.0,258,0,0,0.12421724201042478
1,6,14,21.0,253,0,0,0.14241457260457935
1,2,14,42.0,256,0,0,0.10406426939515023
2,0,14,32.0,258,0,0,0.08283602878306784
0,4,14,7.0,233,0,0,0.1193320689885079
0,9,14,16.0,253,0,0,0.11994411816303563
1,0,14,7.0,270,0,0,0.10763269270060405
2,4,14,38.0,257,0,0,0.11507159012644491
2,4,14,6.0,257,0,0,0.1501483323320305
0,6,14,31.0,233,0,0,0.08565970420833191
2,9,14,57.0,261,0,0,0.025245901850271646
1,6,14,47.0,233,0,0,0.07161787652297358
0,4,14,5.0,248,0,0,0.1417118508842224
1,9,14,20.0,272,0,0,0.0849075067030618
0,0,14,9.0,272,0,0,0.0998057898402186
0,9,14,20.0,236,0,0,0.09069700410113224
0,2,14,44.0,253,0,0,0.09061058775778663
1,9,14,49.0,234,0,0,0.05227448570001547
0,9,14,4.0,244,0,0,0.11363720274360306
2,6,14,12.0,248,0,0,0.13437544799432688
0,4,14,3.0,257,0,0,0.1410777226918044
2,9,14,31.0,253,0,0,0.0807205158895492
0,4,14,21.0,252,0,0,0.14540027066996225
1,9,14,10.0,253,0,0,0.13103560229120353
2,4,14,23.0,270,0,0,0.11566615794564256
2,2,14,8.0,272,0,0,0.11154696285956883
1,0,14,38.0,210,0,0,0.02215857434365809
1,0,14,10.0,210,0,0,0.05628007338507002
1,6,14,5.0,233,0,0,0.12388414898332412
2,0,14,28.0,242,0,0,0.08938375451112812
2,6,14,35.0,252,0,0,0.09528332041253529
0,9,14,9.0,256,0,0,0.12604266008637727
2,6,14,1.0,236,0,0,0.09297216177351064
1,0,14,9.0,244,0,0,0.1277706633417537
0,9,14,13.0,270,0,0,0.08552780395061066
2,6,14,16.0,242,0,0,0.12656257251232061
2,2,14,21.0,261,0,0,0.12282480896389714
2,0,14,0.0,233,0,0,0.0653090489214111
1,0,14,5.0,233,0,0,0.10038990902726186
2,4,14,2.0,252,0,0,0.1348829635596403
1,6,14,1.0,270,0,0,0.10720247551100365
1,4,14,7.0,270,0,0,0.13225835440587713
0,9,14,0.0,248,0,0,0.09681576201969111
0,6,14,60.0,248,0,0,0.05909924684036849
2,4,14,4.0,234,0,0,0.12374943343216344
2,9,14,31.0,248,0,0,0.08226970933338573
2,9,14,0.0,248,0,0,0.0827335156724549
1,0,14,24.0,248,0,0,0.1148025548855599
0,6,14,0.0,272,0,0,0.08869499862875785
1,0,14,7.0,233,0,0,0.1030905952908473
0,6,14,50.0,234,0,0,0.05573480203288517
2,9,15,36.0,242,0,0,0.06981169733561288
1,6,15,5.0,236,0,0,0.13377990907269438
1,6,15,15.0,252,0,0,0.15513451305858827
2,6,15,8.0,270,0,0,0.11026862758233164
1,6,15,12.0,242,0,0,0.1527484591173484
1,0,15,4.0,236,0,0,0.11396890652193414
1,9,15,9.0,234,0,0,0.11052910894488305
1,0,15,4.0,233,0,0,0.1038983765650392
2,2,15,2.0,249,0,0,0.13813033356939175
0,2,15,28.0,236,0,0,0.11720271843927482
2,4,15,22.0,210,0,0,0.036575455094916776
1,2,15,11.0,261,0,0,0.15188868488537843
2,4,15,5.0,234,0,0,0.12479881783412428
1,2,15,13.0,270,0,0,0.1383218352318849
0,4,15,16.0,248,0,0,0.15489512185811555
2,9,15,18.0,248,0,0,0.10767839968299242
1,2,15,12.0,244,0,0,0.15654828980212548
1,0,15,6.0,234,0,0,0.10996216684406596
2,9,15,16.0,210,0,0,0.014534551424088216
1,2,15,48.0,253,0,0,0.08800120196135885
0,2,15,2.0,256,0,0,0.1452634690682026
1,6,15,5.0,270,0,0,0.12491198466108983
0,0,15,1.0,234,0,0,0.08639529957521053
2,6,15,4.0,258,0,0,0.12758843146413223
0,6,15,40.0,270,0,0,0.07777324026134769
0,2,15,15.0,253,0,0,0.15341016189333112
2,4,15,7.0,242,0,0,0.13870687241339902
1,4,15,3.0,244,0,0,0.14275772065719894
1,9,15,5.0,233,0,0,0.10080317560947016
2,4,15,8.0,272,0,0,0.11452887719195948
2,6,15,2.0,248,0,0,0.12103238853947584
0,9,15,11.0,234,0,0,0.09797224775145352
0,9,15,29.0,261,0,0,0.091070379339111
1,0,15,58.0,233,0,0,0.021267730558981235
1,0,15,2.0,249,0,0,0.11671275567548378
2,9,15,4.0,253,0,0,0.11238796471525042
1,2,15,10.0,270,0,0,0.13657364404000266
1,2,15,10.0,257,0,0,0.15314027522193147
1,4,15,23.0,234,0,0,0.13325785780460858
1,6,15,6.0,248,0,0,0.1520295677451835
0,2,15,56.0,248,0,0,0.06895732140838629
2,6,15,16.0,233,0,0,0.09814312003561165
0,9,15,4.0,248,0,0,0.11895718803399574
1,4,15,15.0,242,0,0,0.15018765614547364
0,2,15,6.0,244,0,0,0.147476689083319
1,9,15,77.0,258,0,0,0.013592296257321057
2,2,15,16.0,253,0,0,0.14195943690114438
1,4,15,58.0,252,0,0,0.08220341549819155
2,4,15,123.0,244,0,1,-0.024485646147058393
0,6,15,5.0,234,0,0,0.11427627947110958
1,2,15,15.0,257,0,0,0.15245958587924852
1,2,15,1.0,244,0,0,0.13646274045695006
1,0,15,25.0,236,0,0,0.10370140373525183
0,0,15,5.0,244,0,0,0.12886144364894286
0,6,15,10.0,257,0,0,0.14631639550157605
2,0,15,1.0,248,0,0,0.09679690992117818
0,2,15,18.0,233,0,0,0.12703553421865027
1,0,15,0.0,242,0,0,0.1069288543706991
2,6,15,9.0,244,0,0,0.13351237143240557
1,2,15,38.0,257,0,0,0.12248115355783856
0,6,15,6.0,210,0,0,0.07125622417551991
1,2,15,20.0,272,0,0,0.1169525191094723
2,2,15,3.0,248,0,0,0.14235446474964686
1,4,15,8.0,272,0,0,0.12587732131770935
2,4,15,4.0,256,0,0,0.14924153950695146
2,4,15,19.0,272,0,0,0.1098207858364793
1,6,15,15.0,256,0,0,0.15745821482039113
0,2,15,1.0,244,0,0,0.13258678986671735
0,9,15,103.0,272,0,1,-0.0402323082609658
2,0,15,3.0,210,0,0,0.024453416425675112
2,6,15,4.0,249,0,0,0.12771014441065665
0,0,15,1.0,270,0,0,0.09069714181848854
2,4,15,19.0,233,0,0,0.11774983498262315
1,4,15,9.0,272,0,0,0.12613067379635928
2,4,15,43.0,261,0,0,0.10172208217828083
0,4,15,33.0,253,0,0,0.1288780330945889
1,2,15,8.0,272,0,0,0.1260948258817634
2,9,15,5.0,258,0,0,0.10743272081206956
2,2,15,19.0,270,0,0,0.11767951128513032
0,0,15,38.0,256,0,0,0.09259202179082182
2,4,15,1.0,270,0,0,0.1032833511459812
1,6,15,1.0,242,0,0,0.13081761092844874
2,4,15,22.0,242,0,0,0.13248491978221338
1,9,15,44.0,270,0,0,0.053208786324730806
0,6,15,16.0,233,0,0,0.11093557972762097
1,0,15,13.0,249,0,0,0.12829523185885616
2,9,15,11.0,244,0,0,0.1040821863672593
1,0,15,12.0,248,0,0,0.13374811904518707
0,9,15,40.0,258,0,0,0.07966271907387168
0,2,15,54.0,236,0,0,0.0522303807383977
1,6,15,4.0,234,0,0,0.12857416960075946
2,2,15,65.0,256,0,0,0.05904153919506716
0,6,15,25.0,248,0,0,0.13154515452787285
0,0,15,9.0,233,0,0,0.11032811098154888
1,0,15,49.0,242,0,0,0.05925137654849644
0,6,15,1.0,233,0,0,0.09962563239575584
1,4,15,44.0,210,0,0,0.03415811817858905
2,9,15,27.0,261,0,0,0.08040626457961852
0,4,15,1.0,258,0,0,0.1306320030408314
2,9,15,0.0,249,0,0,0.08404542863406794
0,4,15,0.0,261,0,0,0.12396084382571104
0,6,15,49.0,253,0,0,0.08891663744074785
0,6,15,22.0,252,0,0,0.14006099890622004
1,4,15,20.0,252,0,0,0.15481361445340086
0,0,15,14.0,252,0,0,0.1316087550920499
2,0,15,48.0,249,0,0,0.052362428353741275
0,6,15,6.0,253,0,0,0.14227011570846726
1,9,15,25.0,257,0,0,0.12137802805666659
0,9,15,1.0,242,0,0,0.09505149089186615
0,9,15,52.0,258,0,0,0.05992020199217829
1,2,15,49.0,234,0,0,0.06918506040310424
1,4,15,10.0,261,0,0,0.1524699573884677
2,4,15,25.0,257,0,0,0.13804604153523903
0,6,15,37.0,258,0,0,0.1056215714607443
1,2,15,20.0,272,0,0,0.1169525191094723
0,0,15,6.0,256,0,0,0.12974022399330354
2,4,15,25.0,257,0,0,0.13804604153523903
0,9,15,38.0,244,0,0,0.0788642253423878
0,9,15,16.0,261,0,0,0.10544392463078595
1,2,15,1.0,257,0,0,0.1371077677182474
2,2,15,19.0,270,0,0,0.11767951128513032
2,6,15,9.0,257,0,0,0.13759765282095027
1,2,15,35.0,258,0,0,0.12427193865636421
1,2,15,11.0,234,0,0,0.1375695703207115
1,0,15,14.0,249,0,0,0.1295048084100927
1,4,15,14.0,244,0,0,0.15493106652877853
1,2,15,6.0,253,0,0,0.14913094554931333
2,4,15,1.0,234,0,0,0.10420479708256725
1,2,15,4.0,249,0,0,0.14809491306542738
1,4,15,40.0,258,0,0,0.1250218371196894
1,9,15,6.0,233,0,0,0.10031056044634834
1,9,15,22.0,234,0,0,0.0996214841207097
1,4,15,8.0,249,0,0,0.154522220701665
2,9,15,5.0,270,0,0,0.0859487937960347
2,4,15,30.0,252,0,0,0.12629413602597228
0,6,15,18.0,248,0,0,0.14299301443547585
1,0,15,28.0,256,0,0,0.11274388486926218
2,2,15,2.0,257,0,0,0.13939070495346184
0,0,15,1.0,242,0,0,0.1048381972358991
0,4,15,51.0,253,0,0,0.09379558629075158
2,9,15,3.0,270,0,0,0.07489069326489894
1,2,15,18.0,257,0,0,0.1533459584257701
1,4,15,39.0,257,0,0,0.12561242103875409
0,2,15,4.0,248,0,0,0.150279208424054
2,9,15,45.0,210,0,1,-0.03084820818473799
0,9,15,10.0,248,0,0,0.12333102903292242
0,0,15,25.0,248,0,0,0.11871836219748744
0,6,15,13.0,244,0,0,0.14239683008436377
1,6,15,27.0,258,0,0,0.1395764864969895
0,4,15,5.0,258,0,0,0.14064570861983616
2,9,15,18.0,242,0,0,0.09871450386111191
1,6,15,11.0,236,0,0,0.13917077093568958
1,9,15,7.0,248,0,0,0.13185310148731705
2,0,15,26.0,233,0,0,0.07802833086416072
0,6,15,5.0,270,0,0,0.11450706764741209
0,0,15,8.0,248,0,0,0.1399762877536216
2,9,15,46.0,248,0,0,0.054360978769068646
0,2,15,9.0,249,0,0,0.15653897333012734
1,9,15,7.0,248,0,0,0.13185310148731705
0,4,15,101.0,258,0,1,-0.00394170965864038
0,6,15,1.0,244,0,0,0.12581284758864392
1,9,15,17.0,248,0,0,0.13107573760306035
2,4,15,4.0,261,0,0,0.14059981223317697
0,4,15,7.0,258,0,0,0.14684300617316803
0,0,15,21.0,256,0,0,0.12064508549269509
1,6,15,3.0,261,0,0,0.13662615838510922
1,4,15,3.0,256,0,0,0.14952500384782402
2,0,15,11.0,210,0,0,0.03280494257732269
1,6,15,1.0,236,0,0,0.12066933081085668
0,6,15,11.0,253,0,0,0.149548987406096
2,2,15,15.0,248,0,0,0.14771226215797567
1,4,15,11.0,256,0,0,0.16062975269083557
0,0,15,6.0,256,0,0,0.12974022399330354
2,4,15,2.0,233,0,0,0.10662732600635183
1,0,15,4.0,270,0,0,0.1015318063147237
2,4,15,2.0,249,0,0,0.13387008656863125
2,2,15,2.0,242,0,0,0.13447218871426442
0,4,15,7.0,257,0,0,0.14984593855658257
1,9,15,6.0,248,0,0,0.12905143152683302
0,0,15,22.0,261,0,0,0.1166894402224613
1,6,15,9.0,242,0,0,0.15195800666544462
0,4,15,8.0,252,0,0,0.15206565713354564
2,0,15,1.0,257,0,0,0.1023191337675351
1,4,15,54.0,234,0,0,0.07608403521478535
0,6,15,21.0,248,0,0,0.13827446372339924
2,2,15,31.0,234,0,0,0.10564355577351969
1,9,15,45.0,210,0,1,-0.008230722081670083
0,9,15,5.0,234,0,0,0.09246486602459958
0,0,15,2.0,249,0,0,0.12104697080290322
0,2,15,1.0,249,0,0,0.13543431981291448
2,6,15,132.0,248,0,1,-0.023500586833333115
2,0,15,58.0,252,0,0,0.030567327457609594
1,0,15,1.0,270,0,0,0.08902716594608029
1,6,15,24.0,252,0,0,0.14278752487635737
2,6,16,53.0,249,0,0,0.0603282254337022
2,4,16,6.0,248,0,0,0.14793301589442048
2,4,16,0.0,261,0,0,0.11163169016273683
0,2,16,8.0,272,0,0,0.11829675508272686
2,2,16,10.0,256,0,0,0.14087048623890713
1,2,16,17.0,249,0,0,0.1465074622910988
1,9,16,5.0,252,0,0,0.12298170536619868
2,0,16,41.0,257,0,0,0.06944725873339275
1,6,16,25.0,253,0,0,0.1339750230623018
1,0,16,16.0,234,0,0,0.10729484874862089
0,2,16,26.0,272,0,0,0.10360377521050312
1,6,16,12.0,253,0,0,0.15164410718338073
2,2,16,26.0,210,0,0,0.034917958029291984
2,0,16,47.0,236,0,0,0.034596576798201606
0,9,16,18.0,248,0,0,0.11115826398530548
2,0,16,35.0,270,0,0,0.052964580925370375
1,0,16,7.0,270,0,0,0.10461195214952351
0,0,16,0.0,257,0,0,0.10215202351079256
0,6,16,6.0,248,0,0,0.13187779431771351
2,2,16,26.0,236,0,0,0.11677426485242581
2,4,16,3.0,272,0,0,0.10844725085005763
1,6,16,11.0,256,0,0,0.15351280561742447
0,6,16,3.0,249,0,0,0.12851189879886954
0,9,16,20.0,233,0,0,0.0770186885904739
1,0,16,23.0,234,0,0,0.09972966839708064
1,0,16,5.0,233,0,0,0.09948002263501665
1,4,16,53.0,270,0,0,0.08000807068179827
0,9,16,20.0,272,0,0,0.06913887088976
0,2,16,3.0,270,0,0,0.12104496616419347
0,6,16,29.0,248,0,0,0.11553200635951649
1,9,16,39.0,249,0,0,0.08188129977731273
2,9,16,30.0,252,0,0,0.08230145578387249
0,4,16,41.0,257,0,0,0.11393834139025677
1,0,16,2.0,244,0,0,0.11386279911331482
1,4,16,10.0,248,0,0,0.15192598941267
2,0,16,1.0,272,0,0,0.06589664407451279
1,2,16,15.0,236,0,0,0.13436775076439905
2,0,16,61.0,253,0,0,0.024638353893873255
0,6,16,15.0,257,0,0,0.1372819205361921
1,6,16,7.0,233,0,0,0.12486101886816786
1,4,16,20.0,249,0,0,0.14978476663613072
2,0,16,5.0,249,0,0,0.11293633776221212
2,6,16,25.0,248,0,0,0.12189409128745732
2,6,16,15.0,248,0,0,0.13123973159710606
0,2,16,2.0,261,0,0,0.13697258848808147
1,0,16,25.0,261,0,0,0.10693939373796374
1,4,16,1.0,210,0,0,0.06450421753634217
2,4,16,1.0,258,0,0,0.12486956817769174
0,2,16,18.0,257,0,0,0.14873376605350602
1,6,16,18.0,257,0,0,0.14739327072339775
2,6,16,13.0,210,0,0,0.031375582937697044
0,0,16,4.0,270,0,0,0.10218065246416852
2,9,16,9.0,242,0,0,0.10036537578697513
0,6,16,38.0,248,0,0,0.09423192721663898
1,2,16,11.0,210,0,0,0.07742596828382031
2,2,16,59.0,257,0,0,0.06949915560385855
1,6,16,53.0,256,0,0,0.08724831569660407
2,0,16,20.0,234,0,0,0.08469584691156895
1,9,16,39.0,244,0,0,0.07249964840489387
1,4,16,22.0,248,0,0,0.14816965732901777
1,6,16,10.0,261,0,0,0.13518844677025588
2,0,16,24.0,256,0,0,0.09636477211480998
0,4,16,16.0,272,0,0,0.11290573485808464
1,2,16,17.0,257,0,0,0.14870965270277636
1,2,16,5.0,236,0,0,0.13587869429517058
1,9,16,63.0,234,0,0,0.011092357564605138
0,4,16,25.0,270,0,0,0.11320514167820345
1,9,16,19.0,270,0,0,0.09010998823183847
0,2,16,47.0,234,0,0,0.06953513164413982
1,6,16,2.0,261,0,0,0.12756193112074476
0,6,16,2.0,256,0,0,0.131152538826795
2,6,16,27.0,233,0,0,0.08682163664250975
2,6,16,1.0,234,0,0,0.09002301105661215
2,0,16,3.0,248,0,0,0.10768429101124533
2,2,16,26.0,242,0,0,0.1284586527366075
0,0,16,11.0,210,0,0,0.06176459459658068
2,2,16,6.0,234,0,0,0.1276562250538245
0,6,16,11.0,248,0,0,0.1410338302877316
1,0,16,39.0,252,0,0,0.08550604949935292
1,0,16,23.0,257,0,0,0.11153190298799359
2,4,16,23.0,257,0,0,0.1367295500294844
1,6,16,18.0,248,0,0,0.14893892447642076
1,2,16,26.0,234,0,0,0.11724857344750478
0,9,16,1.0,252,0,0,0.09697695565447984
1,6,16,30.0,236,0,0,0.11061316875545002
1,4,16,35.0,261,0,0,0.12489868358160572
1,0,16,15.0,252,0,0,0.1230457656520424
0,2,16,12.0,244,0,0,0.14812869421539782
1,9,16,9.0,253,0,0,0.12721269109869826
2,4,16,6.0,258,0,0,0.14714381591393666
2,4,16,8.0,258,0,0,0.14672982784137217
2,9,16,4.0,258,0,0,0.10331939907352394
2,0,16,1.0,236,0,0,0.0799205310583051
0,2,16,3.0,236,0,0,0.12625314664333342
2,6,16,2.0,261,0,0,0.11904214363196675
1,2,16,11.0,272,0,0,0.12081217719486487
2,9,16,29.0,234,0,0,0.0687629634067285
0,4,16,29.0,249,0,0,0.12992486353994526
1,2,16,16.0,249,0,0,0.1465383914602582
0,9,16,21.0,233,0,0,0.07658407912415832
0,6,16,15.0,248,0,0,0.1347799675898635
1,2,16,22.0,248,0,0,0.14202403921661905
2,4,16,13.0,244,0,0,0.14281162888382526
2,6,16,1.0,242,0,0,0.10682144328202181
0,4,16,4.0,270,0,0,0.11771920106043221
0,2,16,4.0,257,0,0,0.14566073955136039
0,9,16,1.0,257,0,0,0.0967016784638719
1,6,16,41.0,234,0,0,0.08405945143364402
0,9,16,2.0,257,0,0,0.10758338422705727
1,9,16,3.0,242,0,0,0.10058878176075059
0,0,16,1.0,256,0,0,0.10417422938105136
1,4,16,1.0,236,0,0,0.11879056479477806
0,2,16,18.0,257,0,0,0.14873376605350602
2,6,16,47.0,272,0,0,0.042326697324353346
2,0,16,15.0,256,0,0,0.10847196983081053
2,4,16,19.0,270,0,0,0.12086233629710769
1,6,16,20.0,258,0,0,0.13712987061561677
1,4,16,45.0,236,0,0,0.08949790533860225
2,2,16,1.0,270,0,0,0.10801854812738315
0,6,16,13.0,236,0,0,0.11465226289232561
2,4,16,19.0,252,0,0,0.14122282344074338
1,0,16,45.0,242,0,0,0.06335665345885155
2,0,16,11.0,248,0,0,0.11637693477335076
1,4,16,32.0,210,0,0,0.04966377124418553
1,2,16,34.0,257,0,0,0.12615076947701448
1,2,16,30.0,257,0,0,0.13260034620867345
2,4,16,12.0,270,0,0,0.12216420913210085
1,9,16,12.0,272,0,0,0.09103701490008187
1,4,16,24.0,272,0,0,0.12223985029633522
1,0,16,3.0,272,0,0,0.08285712946536439
1,4,16,8.0,236,0,0,0.1344169009379934
1,0,16,5.0,270,0,0,0.10158765638154721
0,0,16,12.0,248,0,0,0.1297359557152164
1,0,16,51.0,236,0,0,0.04369737139086538
2,2,16,6.0,272,0,0,0.11181325800518632
0,2,16,80.0,244,0,1,-0.005144732569603461
2,6,16,27.0,242,0,0,0.11188408109027792
2,9,16,2.0,272,0,0,0.06750954568798506
2,4,16,16.0,242,0,0,0.1389357111936459
0,9,16,1.0,257,0,0,0.0967016784638719
2,2,16,13.0,257,0,0,0.14060862713192807
0,0,16,4.0,252,0,0,0.12229326461371831
0,9,16,57.0,253,0,0,0.04485168350207358
0,4,16,18.0,272,0,0,0.1139091078442851
0,6,16,8.0,270,0,0,0.11311008216290525
2,2,16,59.0,244,0,0,0.06014982318016915
0,0,16,30.0,258,0,0,0.0992931108996683
2,6,16,17.0,256,0,0,0.13357256752046825
2,2,16,1.0,249,0,0,0.12836855639311123
1,2,16,25.0,272,0,0,0.11342124190555464
2,6,16,18.0,270,0,0,0.1107226944646576
0,0,16,2.0,257,0,0,0.11393892501224662
0,4,16,17.0,248,0,0,0.14513664876137655
1,0,16,29.0,242,0,0,0.09779404946135484
1,6,16,46.0,257,0,0,0.10126691936982468
0,0,16,3.0,248,0,0,0.1192449984295017
1,4,16,10.0,270,0,0,0.13243260193798267
0,4,16,23.0,270,0,0,0.11809603488371567
2,0,16,8.0,258,0,0,0.11418695839916354
1,6,16,2.0,248,0,0,0.1343449247919961
2,4,16,10.0,270,0,0,0.12391252460796248
0,2,16,23.0,248,0,0,0.137510602683317
1,2,16,14.0,258,0,0,0.14762427601568928
0,9,16,21.0,261,0,0,0.08959380044188414
0,2,16,16.0,210,0,0,0.07780910001018193
1,2,16,9.0,252,0,0,0.1482268137360605
1,2,16,2.0,210,0,0,0.0751623238050304
0,9,16,36.0,248,0,0,0.0863067559652878
2,4,16,0.0,270,0,0,0.09904173513638892
0,9,16,15.0,252,0,0,0.11751499623073225
1,2,16,9.0,256,0,0,0.15321181497160669
2,9,16,4.0,244,0,0,0.10226213725203182
0,4,16,12.0,244,0,0,0.14521495672161316
0,9,16,7.0,248,0,0,0.11429279703019063
2,4,16,16.0,253,0,0,0.14253953859264068
2,0,16,43.0,253,0,0,0.06456127774538767
0,9,16,10.0,252,0,0,0.1184918216293161
0,6,16,12.0,258,0,0,0.137130622994367
2,2,16,38.0,257,0,0,0.11750061002748785
2,9,16,37.0,252,0,0,0.06834794784090836
2,4,16,25.0,244,0,0,0.13367850617239274
1,2,16,15.0,244,0,0,0.1451319413433888
0,6,16,14.0,253,0,0,0.13678445560550434
1,9,16,35.0,257,0,0,0.09467543149384194
0,9,16,5.0,233,0,0,0.08233106592104356
2,6,16,13.0,234,0,0,0.10778876715548885
2,9,16,4.0,257,0,0,0.10783474827672979
2,9,16,126.0,257,0,1,-0.03740649339748725
0,9,16,36.0,270,0,0,0.05474746961636623
0,6,16,38.0,236,0,0,0.07567347765757837
2,4,16,26.0,249,0,0,0.1347829182783769
0,4,17,30.0,248,0,0,0.12856951085191604
0,2,17,38.0,234,0,0,0.08788831929869656
1,9,17,7.0,244,0,0,0.11824051638533828
0,0,17,2.0,270,0,0,0.09231641320575645
2,6,17,79.0,270,0,1,-0.00651114379437856
0,0,17,6.0,210,0,0,0.06261942578204716
1,2,17,37.0,270,0,0,0.10290315151561547
1,4,17,32.0,270,0,0,0.11195968484998137
1,4,17,40.0,256,0,0,0.12330152412327838
1,2,17,24.0,270,0,0,0.12546044966011494
2,4,17,34.0,261,0,0,0.11732406609184537
2,6,17,9.0,252,0,0,0.13375226883950053
2,0,17,13.0,256,0,0,0.10976622474033193
1,2,17,29.0,253,0,0,0.13083327827240376
2,2,17,14.0,244,0,0,0.1427472919415026
1,4,17,7.0,258,0,0,0.143696266889757
1,6,17,2.0,257,0,0,0.1381604029563842
0,4,17,3.0,248,0,0,0.13843204999930153
1,2,17,26.0,248,0,0,0.14222117271768675
2,4,17,10.0,256,0,0,0.14734192694034348
2,4,17,3.0,261,0,0,0.13503622677826554
1,6,17,37.0,233,0,0,0.08277750818114582
0,9,17,21.0,236,0,0,0.08961744806917582
0,4,17,20.0,252,0,0,0.14085415459159817
0,2,17,3.0,270,0,0,0.11881222379858486
2,9,17,20.0,233,0,0,0.07526326431524077
0,9,17,1.0,248,0,0,0.09901912109606037
0,6,17,13.0,257,0,0,0.1378134198406215
1,6,17,3.0,252,0,0,0.13633915545645703
0,6,17,31.0,256,0,0,0.11067859474438813
1,6,17,5.0,244,0,0,0.1410843404566311
1,0,17,14.0,252,0,0,0.12622916996534755
0,0,17,25.0,257,0,0,0.11123726928558814
2,0,17,1.0,249,0,0,0.09371179281948505
2,2,17,10.0,258,0,0,0.13594553179610996
0,2,17,31.0,236,0,0,0.10868017739447594
0,6,17,22.0,270,0,0,0.10277386794857235
0,4,17,18.0,258,0,0,0.14465895624340402
0,0,17,3.0,236,0,0,0.10266583686408914
0,0,17,16.0,261,0,0,0.11672911745785702
2,0,17,27.0,257,0,0,0.09720085127874722
2,2,17,20.0,248,0,0,0.13746701875268447
0,9,17,49.0,242,0,0,0.056645869262180626
1,0,17,22.0,242,0,0,0.11552577596180758
1,2,17,7.0,248,0,0,0.1499769563515489
1,9,17,0.0,242,0,0,0.09370490020980304
0,0,17,20.0,272,0,0,0.0839289191767898
0,0,17,44.0,272,0,0,0.038551836267726736
2,4,17,1.0,257,0,0,0.12827474205726713
2,2,17,67.0,242,0,0,0.038395876813675844
1,0,17,3.0,236,0,0,0.10755144482788398
0,6,17,19.0,244,0,0,0.130378856383295
2,9,17,38.0,244,0,0,0.06596623031613014
1,6,17,3.0,257,0,0,0.14032030103579124
2,6,17,25.0,242,0,0,0.11598332560008978
1,0,17,16.0,252,0,0,0.12565363320076267
2,9,17,1.0,257,0,0,0.09040229650380682
0,6,17,1.0,257,0,0,0.12164219623478983
2,4,17,64.0,257,0,0,0.06938995866216624
0,9,17,3.0,256,0,0,0.1145331765725589
0,9,17,13.0,233,0,0,0.08474918305483958
0,0,17,3.0,248,0,0,0.11910193861633761
0,0,17,2.0,248,0,0,0.11581155748911942
1,2,17,17.0,233,0,0,0.12297887283221509
1,0,17,6.0,248,0,0,0.12211471679869224
0,4,17,10.0,272,0,0,0.1075390515688519
2,6,17,5.0,249,0,0,0.1271565623261247
2,0,17,9.0,248,0,0,0.11845609679164948
2,2,17,2.0,210,0,0,0.04021356008163679
2,0,17,0.0,257,0,0,0.08962859762372388
1,9,17,34.0,233,0,0,0.06710253924857223
1,2,17,3.0,233,0,0,0.1222111624473824
0,2,17,23.0,249,0,0,0.13673354189258674
0,2,17,11.0,236,0,0,0.1352594383147141
0,6,17,2.0,272,0,0,0.09421918937272922
2,6,17,39.0,270,0,0,0.06363971195140261
2,9,17,65.0,234,0,1,-0.0010473362871389336
2,2,17,2.0,270,0,0,0.11298782443698463
2,9,17,69.0,258,0,0,0.007556046387679927
0,4,17,15.0,261,0,0,0.1363104462758502
2,9,17,3.0,270,0,0,0.07301579467396069
1,2,17,33.0,242,0,0,0.11792860214475398
0,2,17,1.0,242,0,0,0.12445107365387986
0,4,17,17.0,257,0,0,0.14777576156635797
0,9,17,3.0,257,0,0,0.11357392926082749
1,9,17,11.0,210,0,0,0.040830225433636125
2,0,17,6.0,270,0,0,0.09141163948417075
1,4,17,14.0,270,0,0,0.13397605334768015
2,9,17,8.0,257,0,0,0.10848325884976473
1,0,17,12.0,270,0,0,0.10360157506163736
0,0,17,21.0,258,0,0,0.11370610591864844
0,4,17,17.0,236,0,0,0.1262076996680816
1,6,17,4.0,256,0,0,0.14454624008178546
2,0,17,13.0,272,0,0,0.06974255350322123
2,0,17,21.0,236,0,0,0.08669137287154949
0,2,17,17.0,249,0,0,0.14522399773182942
2,0,17,9.0,210,0,0,0.03174273852697662
2,6,17,13.0,252,0,0,0.13161823367840203
2,0,17,2.0,233,0,0,0.07899855490120555
2,4,17,29.0,249,0,0,0.1316397348340127
1,4,17,26.0,270,0,0,0.12764335045461933
0,6,17,13.0,257,0,0,0.1378134198406215
0,4,17,57.0,270,0,0,0.04222955222993885
2,2,17,5.0,272,0,0,0.10899414100180393
0,0,17,28.0,249,0,0,0.1060621189807252
1,9,17,24.0,258,0,0,0.11376841452525882
1,4,17,91.0,248,0,0,0.009949870556132057
1,0,17,2.0,253,0,0,0.11399699925897444
0,0,17,6.0,233,0,0,0.10131430478534842
1,9,17,2.0,256,0,0,0.11619908043850219
1,4,17,6.0,258,0,0,0.14486996675340885
1,0,17,39.0,257,0,0,0.09047266507767104
2,4,17,4.0,234,0,0,0.12541259117162223
1,0,17,4.0,248,0,0,0.11955974320480844
1,6,17,54.0,258,0,0,0.07604432035233388
1,4,17,35.0,234,0,0,0.10788993355518156
0,9,17,7.0,257,0,0,0.11899845926133734
0,4,17,4.0,248,0,0,0.1392071554881804
2,0,17,7.0,244,0,0,0.11465333683847362
0,4,17,41.0,249,0,0,0.11222152281936354
2,2,17,10.0,257,0,0,0.14089323242174817
0,9,17,23.0,244,0,0,0.10156740281993992
1,6,17,35.0,234,0,0,0.09646957961524216
1,4,17,56.0,270,0,0,0.06532922633060201
0,9,17,77.0,272,0,1,-0.023766900493851106
0,4,17,25.0,257,0,0,0.1369005943052411
2,0,17,71.0,256,0,0,0.01158204904935256
0,4,17,28.0,258,0,0,0.1307821223938988
1,9,17,20.0,248,0,0,0.12465537850256869
0,4,17,32.0,248,0,0,0.12696930890010033
1,0,17,12.0,253,0,0,0.12689081259638135
0,9,17,0.0,249,0,0,0.0914197619349223
2,2,17,1.0,234,0,0,0.10687856532228429
0,2,17,8.0,257,0,0,0.1498079419538917
2,4,17,3.0,257,0,0,0.14372360729120254
2,6,17,14.0,261,0,0,0.1185161810507589
2,9,17,53.0,253,0,0,0.03616054333300167
0,9,17,16.0,252,0,0,0.11732505132955834
1,6,17,8.0,270,0,0,0.12362265007707013
1,4,17,5.0,253,0,0,0.140620651793196
0,9,17,5.0,252,0,0,0.11603766953651612
1,6,17,8.0,257,0,0,0.14857011769453227
0,4,17,41.0,253,0,0,0.11149534161237928
1,4,17,34.0,257,0,0,0.13245577464458014
1,6,17,18.0,257,0,0,0.1483258935159959
0,9,17,6.0,253,0,0,0.11758999423759292
1,9,17,0.0,248,0,0,0.10183623266752473
2,4,17,8.0,233,0,0,0.12110232633666856
1,0,17,22.0,242,0,0,0.11552577596180758
0,9,17,7.0,248,0,0,0.1175603645338889
0,4,17,4.0,248,0,0,0.1392071554881804
0,9,17,0.0,257,0,0,0.09302510246338536
1,0,17,23.0,272,0,0,0.08600084471168301
1,4,17,4.0,236,0,0,0.13256508533941475
0,9,17,35.0,210,0,0,0.008628946808818094
0,2,17,59.0,257,0,0,0.06372608696353643
1,6,17,10.0,236,0,0,0.13315750630520112
0,6,17,30.0,253,0,0,0.11219029958642968
2,9,17,11.0,242,0,0,0.10128375112767407
0,4,17,1.0,256,0,0,0.1260517642306303
1,2,17,20.0,253,0,0,0.14001029506625912
2,4,17,1.0,256,0,0,0.12791391557844917
2,2,17,10.0,270,0,0,0.11852074859083928
0,9,17,12.0,252,0,0,0.1254787942702949
0,9,17,12.0,257,0,0,0.12190799183761392
1,0,17,0.0,210,0,0,0.04966368959459244
1,9,17,10.0,261,0,0,0.11011829438509912
2,9,17,4.0,236,0,0,0.09403986886170812
0,6,17,12.0,210,0,0,0.06678584491025752
1,0,17,6.0,257,0,0,0.12010532731957102
1,0,17,20.0,258,0,0,0.1140924414911596
1,6,17,25.0,248,0,0,0.13885178217046512
2,6,17,44.0,256,0,0,0.08244875035695776
1,4,17,25.0,256,0,0,0.14907039194819166
1,6,17,13.0,210,0,0,0.0671481043447626
0,2,17,6.0,272,0,0,0.11165030637455026
1,9,17,3.0,270,0,0,0.08685980617846434
2,4,17,11.0,252,0,0,0.1459971793035993
1,9,17,35.0,256,0,0,0.09781376332647673
1,0,17,7.0,261,0,0,0.11211583409590892
1,4,17,18.0,257,0,0,0.15740576781627258
0,2,17,6.0,249,0,0,0.14340623396009444
2,9,17,30.0,244,0,0,0.07939864096051585
0,2,17,19.0,244,0,0,0.14099628607401382
1,9,17,6.0,270,0,0,0.09838219636952072
0,9,17,0.0,234,0,0,0.06635120944124151
0,2,17,20.0,253,0,0,0.1408746468539574
0,9,17,5.0,270,0,0,0.08302780334632376
1,0,17,41.0,257,0,0,0.08630330078508586
1,2,17,27.0,244,0,0,0.13595534850720942
1,0,17,14.0,270,0,0,0.10315287630978454
1,4,17,15.0,256,0,0,0.15550603480141767
0,9,17,5.0,257,0,0,0.11498905039995894
2,0,17,23.0,261,0,0,0.0917487082429117
2,6,17,2.0,248,0,0,0.12151177311162381
1,4,17,14.0,236,0,0,0.14199499877020155
2,6,17,2.0,248,0,0,0.12151177311162381
0,2,17,22.0,252,0,0,0.13880333856345467
0,2,17,13.0,270,0,0,0.12613237104182834
2,4,17,6.0,270,0,0,0.12508357127285907
0,6,17,13.0,244,0,0,0.13428187553183157
1,2,18,20.0,234,0,0,0.12040613411316137
0,4,18,5.0,257,0,0,0.14206194248720205
0,0,18,21.0,258,0,0,0.11183277684294396
2,2,18,25.0,272,0,0,0.09707318337044113
0,6,18,1.0,248,0,0,0.12317505513665061
1,2,18,37.0,242,0,0,0.10928127182644903
2,6,18,44.0,242,0,0,0.07213115128586944
0,0,18,25.0,253,0,0,0.10845945467334789
1,4,18,18.0,261,0,0,0.15189128891035825
2,9,18,40.0,257,0,0,0.05987312035340109
0,6,18,8.0,248,0,0,0.14053807376033622
0,6,18,28.0,234,0,0,0.09929515449316018
2,2,18,40.0,270,0,0,0.08256586796103216
2,0,18,1.0,234,0,0,0.07267340190046712
1,4,18,42.0,257,0,0,0.12034312370924033
1,9,18,29.0,270,0,0,0.07966297357742513
2,4,18,1.0,272,0,0,0.09493014423475876
2,6,18,6.0,242,0,0,0.12230842916369034
2,0,18,38.0,248,0,0,0.07758838044790428
1,0,18,28.0,234,0,0,0.0882186572660596
1,0,18,18.0,270,0,0,0.10241452935588868
0,6,18,19.0,272,0,0,0.09733493728009923
0,2,18,3.0,233,0,0,0.11449036597832674
0,0,18,3.0,234,0,0,0.09363962877372722
1,2,18,6.0,244,0,0,0.139641255510422
0,2,18,50.0,252,0,0,0.07399356027562176
0,0,18,8.0,233,0,0,0.09940443010881994
0,4,18,24.0,257,0,0,0.1425556889040932
2,4,18,8.0,244,0,0,0.13937295503679403
1,6,18,3.0,252,0,0,0.13441961653194956
0,4,18,2.0,270,0,0,0.11347359891786368
0,4,18,14.0,258,0,0,0.14596290081579233
1,2,18,35.0,249,0,0,0.11936296983243366
0,6,18,17.0,248,0,0,0.13840857742995888
2,4,18,2.0,272,0,0,0.10260641483553556
0,0,18,18.0,261,0,0,0.11327328618509958
1,6,18,13.0,242,0,0,0.14206602123910733
2,6,18,2.0,248,0,0,0.11986312389288512
1,2,18,4.0,248,0,0,0.1453694157368871
0,6,18,9.0,257,0,0,0.14340027741510086
2,6,18,2.0,234,0,0,0.09896763569152467
0,2,18,3.0,252,0,0,0.13660714515482908
2,9,18,21.0,257,0,0,0.09656684593678488
2,0,18,7.0,258,0,0,0.11159319730369466
1,4,18,22.0,256,0,0,0.1526903368758818
0,9,18,6.0,257,0,0,0.1185567448791211
0,0,18,26.0,252,0,0,0.10826156627523653
1,0,18,2.0,258,0,0,0.10661399764243706
0,6,18,21.0,270,0,0,0.10227485245777856
1,0,18,3.0,242,0,0,0.11149236252375927
0,4,18,5.0,257,0,0,0.14206194248720205
0,9,18,12.0,257,0,0,0.12399096621323313
2,0,18,8.0,257,0,0,0.11710034770572725
2,6,18,32.0,236,0,0,0.09355599468517173
0,0,18,61.0,248,0,0,0.025956691575277024
0,6,18,8.0,236,0,0,0.12532318505763457
2,2,18,26.0,270,0,0,0.10635560982840492
2,4,18,7.0,234,0,0,0.12468277787017074
0,2,18,16.0,244,0,0,0.1396486849539294
2,4,18,2.0,234,0,0,0.11204259355275342
1,0,18,22.0,233,0,0,0.09511170556200976
0,2,18,5.0,257,0,0,0.14154058335233677
0,4,18,12.0,244,0,0,0.14689796514683573
0,6,18,2.0,248,0,0,0.13235815047948046
2,6,18,9.0,258,0,0,0.12824944699643015
2,2,18,11.0,258,0,0,0.14041343427635966
1,0,18,18.0,252,0,0,0.12231903434978858
1,6,18,29.0,249,0,0,0.12301171948903339
1,4,18,65.0,261,0,0,0.06681180567542755
1,6,18,15.0,248,0,0,0.14959970510682497
1,4,18,0.0,272,0,0,0.10186718925527338
1,6,18,4.0,261,0,0,0.12796544261944837
0,6,18,12.0,257,0,0,0.14400718808546448
0,4,18,33.0,257,0,0,0.1263585382638881
1,0,18,7.0,242,0,0,0.11385908394926325
2,0,18,3.0,234,0,0,0.08483070403102222
2,4,18,31.0,234,0,0,0.10824973543190625
1,9,18,9.0,248,0,0,0.12824766034561969
2,6,18,7.0,244,0,0,0.1269852799312407
1,6,18,50.0,272,0,0,0.056965263011302225
2,0,18,8.0,242,0,0,0.10473091395446338
2,6,18,13.0,244,0,0,0.1259036017874231
1,0,18,45.0,257,0,0,0.07018318152623748
1,0,18,46.0,253,0,0,0.06732037564831306
2,9,18,41.0,258,0,0,0.053454007749666355
1,4,18,19.0,270,0,0,0.13617693041643048
0,9,18,2.0,256,0,0,0.11502240108809997
0,6,18,21.0,244,0,0,0.12978031095242532
2,0,18,3.0,257,0,0,0.10940440530188827
1,4,18,25.0,257,0,0,0.15045261816879402
0,0,18,36.0,257,0,0,0.08968036643944721
1,6,18,10.0,258,0,0,0.13509202604439008
2,6,18,4.0,253,0,0,0.12733788261779744
2,0,18,29.0,272,0,0,0.051452502480988205
0,6,18,5.0,236,0,0,0.1193624755849419
2,6,18,19.0,257,0,0,0.13234133050695063
0,0,18,7.0,233,0,0,0.09655331625378472
1,9,18,17.0,242,0,0,0.11293871550810486
2,4,18,81.0,248,0,0,0.018179523527324104
1,9,18,3.0,258,0,0,0.11035048441972739
2,6,18,37.0,249,0,0,0.09295990597579451
0,2,18,5.0,248,0,0,0.140167657248236
2,6,18,46.0,236,0,0,0.06277951846127683
0,9,18,1.0,258,0,0,0.0955050368762761
1,2,18,17.0,272,0,0,0.11685783265360628
1,2,18,5.0,233,0,0,0.12480516624749277
2,4,18,82.0,244,0,0,0.0038563468561650938
1,9,18,35.0,257,0,0,0.09295162917708899
2,6,18,23.0,248,0,0,0.1250792211613901
1,0,18,44.0,272,0,0,0.03991528129055266
2,9,18,7.0,248,0,0,0.10546784133480197
0,0,18,39.0,234,0,0,0.058838819424030575
2,9,18,14.0,257,0,0,0.10245206835426723
2,4,18,17.0,248,0,0,0.14941215153990955
1,9,18,3.0,253,0,0,0.11616867489565685
2,0,18,2.0,257,0,0,0.10815794881504914
0,9,18,13.0,249,0,0,0.11919902420906131
0,0,18,14.0,234,0,0,0.09456831075979966
2,2,18,14.0,258,0,0,0.14012039536275633
1,4,18,26.0,242,0,0,0.13420219650783005
2,4,18,11.0,270,0,0,0.122369218345593
0,2,18,13.0,244,0,0,0.13973891190956195
0,0,18,20.0,249,0,0,0.11735973031412056
1,4,18,5.0,270,0,0,0.12971123584318694
1,0,18,65.0,249,0,0,0.024220557685608712
2,0,18,0.0,270,0,0,0.06590101096706724
0,4,18,8.0,256,0,0,0.14943571468859623
2,6,18,4.0,244,0,0,0.12341669190367277
2,2,18,16.0,270,0,0,0.1191120973797038
0,6,18,28.0,261,0,0,0.10801931657633407
2,6,18,3.0,270,0,0,0.09810566407109189
2,6,18,1.0,253,0,0,0.11191619523535623
0,6,18,16.0,248,0,0,0.1380128950171164
2,2,18,73.0,252,0,0,0.027411006093938872
0,2,18,30.0,270,0,0,0.10009127207344959
2,4,18,15.0,248,0,0,0.1481315192190425
1,9,18,24.0,242,0,0,0.1019954174715949
2,4,18,8.0,249,0,0,0.1471338274584646
1,0,18,6.0,244,0,0,0.11470703368804974
1,4,18,24.0,210,0,0,0.0608697880783754
1,9,18,12.0,257,0,0,0.12955061875465324
1,9,18,9.0,257,0,0,0.1273293084633072
2,4,18,126.0,261,0,1,-0.011082223976325412
0,6,18,44.0,210,0,0,0.01194910808041938
0,2,18,70.0,270,0,0,0.010305221529342767
0,9,18,1.0,257,0,0,0.10235660969109373
2,6,18,41.0,257,0,0,0.08854370738817241
0,6,18,19.0,210,0,0,0.05269456314001175
2,0,18,27.0,248,0,0,0.09935698495598955
2,0,18,6.0,236,0,0,0.09893443355171383
0,2,18,47.0,210,0,0,0.019104981664649356
1,9,18,4.0,234,0,0,0.09862951315553936
2,0,18,14.0,270,0,0,0.0863997615559341
2,9,18,50.0,244,0,0,0.03934963357611987
1,9,18,0.0,261,0,0,0.0875393626360309
0,0,18,40.0,233,0,0,0.04818501078509385
1,2,18,7.0,249,0,0,0.14793708029670039
2,4,18,9.0,257,0,0,0.153746028094076
2,6,18,16.0,248,0,0,0.13168173745575656
1,4,18,26.0,272,0,0,0.12121996625367637
1,2,18,6.0,257,0,0,0.14962338469431435
2,6,18,47.0,261,0,0,0.07296928920763246
2,4,18,2.0,242,0,0,0.12441565586385162
2,0,18,5.0,210,0,0,0.022075300475363102
0,6,18,2.0,252,0,0,0.1336858931842449
2,0,18,23.0,253,0,0,0.10438203583137873
2,4,18,18.0,261,0,0,0.14009898037877877
0,2,18,4.0,233,0,0,0.11797043875577184
0,9,18,47.0,234,0,0,0.04870659815884393
1,6,18,8.0,248,0,0,0.1440940380880168
2,4,18,4.0,257,0,0,0.14974624214250837
0,6,18,21.0,253,0,0,0.13131959904904716
0,6,18,0.0,270,0,0,0.08899721138184491
2,2,18,4.0,252,0,0,0.1429845970504785
2,6,18,1.0,242,0,0,0.10366724773003788
0,9,18,13.0,236,0,0,0.09850869601379808
1,6,18,8.0,272,0,0,0.1120827004105982
0,0,18,19.0,244,0,0,0.11587324113433767
0,6,18,4.0,236,0,0,0.11786736367684197
1,6,18,19.0,248,0,0,0.14331320046249152
0,6,18,33.0,233,0,0,0.08236802981848312
2,9,18,24.0,249,0,0,0.09353101553103282
1,4,18,7.0,210,0,0,0.07530061908660524
2,6,18,20.0,253,0,0,0.12673289515788116
0,4,18,8.0,270,0,0,0.1235153067215985
2,6,18,21.0,234,0,0,0.10329480737780561
0,6,18,10.0,210,0,0,0.06617535495290394
0,2,19,93.0,244,0,1,-0.02637995274084748
1,9,19,60.0,236,0,0,0.026256818230859014
2,2,19,32.0,210,0,0,0.018587224230084076
2,2,19,25.0,253,0,0,0.12596951875074286
0,4,19,17.0,272,0,0,0.10500929743551657
2,6,19,2.0,242,0,0,0.10879996728258662
2,2,19,6.0,272,0,0,0.10030062977012544
0,0,19,11.0,270,0,0,0.09668974931020824
2,0,19,29.0,242,0,0,0.07701620490892025
2,0,19,2.0,261,0,0,0.09637086093166125
1,0,19,48.0,210,0,0,0.0022986779310975036
2,9,19,11.0,256,0,0,0.09912686837053508
1,6,19,6.0,236,0,0,0.12631988341798728
1,6,19,0.0,272,0,0,0.09311603053812811
0,6,19,11.0,242,0,0,0.13536617868778916
1,2,19,2.0,253,0,0,0.1356421862584033
0,2,19,20.0,258,0,0,0.12949058038113848
1,9,19,21.0,252,0,0,0.11232250290905227
2,2,19,37.0,258,0,0,0.11391278918226727
1,2,19,13.0,210,0,0,0.06629817196675014
0,6,19,23.0,272,0,0,0.0882957145844564
2,4,19,1.0,249,0,0,0.12846991176078687
1,6,19,11.0,244,0,0,0.14219211341605648
2,9,19,2.0,236,0,0,0.07456228044117208
0,0,19,15.0,257,0,0,0.11753692590010867
1,9,19,4.0,242,0,0,0.10630937651073369
0,6,19,81.0,253,0,0,0.010058470087673466
2,4,19,2.0,252,0,0,0.13699808081843146
2,2,19,15.0,233,0,0,0.10446955008895609
2,0,19,40.0,253,0,0,0.06518447825698526
2,6,19,5.0,261,0,0,0.12049143128243522
1,0,19,13.0,257,0,0,0.11566854937286059
2,0,19,2.0,252,0,0,0.0981318882957769
1,2,19,3.0,210,0,0,0.06370479677580598
2,6,19,2.0,233,0,0,0.08821185399048903
1,9,19,39.0,233,0,0,0.0508121906979343
2,0,19,13.0,256,0,0,0.10266341533239876
1,6,19,8.0,210,0,0,0.059558140221571354
0,9,19,5.0,234,0,0,0.09158077075743365
2,2,19,14.0,236,0,0,0.1163400595825621
0,9,19,30.0,236,0,0,0.0760913862416911
2,2,19,24.0,242,0,0,0.11947763848973814
1,4,19,17.0,253,0,0,0.1489886399784443
2,2,19,25.0,257,0,0,0.1310496698431361
0,4,19,1.0,270,0,0,0.10412454678568261
0,0,19,42.0,248,0,0,0.06744499942758841
0,9,19,8.0,257,0,0,0.11601708523872462
1,0,19,47.0,261,0,0,0.05583530744349652
2,2,19,3.0,244,0,0,0.12958563422266223
2,0,19,89.0,252,0,1,-0.0307893826240907
1,4,19,47.0,253,0,0,0.10067196028997827
2,2,19,8.0,234,0,0,0.11600638223065135
0,0,19,93.0,248,0,1,-0.03439475059661157
2,6,19,5.0,272,0,0,0.09246821497829016
1,4,19,11.0,258,0,0,0.14747571571716844
2,9,19,2.0,244,0,0,0.0833063897155294
0,0,19,1.0,233,0,0,0.0752512926277552
1,4,19,54.0,249,0,0,0.09190748330920218
2,0,19,0.0,257,0,0,0.08659625062274356
1,4,19,2.0,248,0,0,0.13938888242986885
0,4,19,26.0,256,0,0,0.1303779003816648
0,4,19,21.0,257,0,0,0.13863989307263186
1,4,19,23.0,244,0,0,0.13702440102866253
0,4,19,28.0,258,0,0,0.12556133826957916
2,2,19,4.0,261,0,0,0.13204144916336102
1,9,19,7.0,236,0,0,0.10280456095594603
2,2,19,22.0,234,0,0,0.10589221236530261
1,2,19,26.0,210,0,0,0.04918944917372403
1,6,19,8.0,256,0,0,0.1468285953469159
0,4,19,6.0,242,0,0,0.1339244084094488
0,2,19,9.0,257,0,0,0.14241600986449454
2,0,19,8.0,270,0,0,0.08165299516924973
2,6,19,25.0,257,0,0,0.12193017655497951
1,4,19,19.0,270,0,0,0.1311761805072374
2,9,19,5.0,257,0,0,0.10431590159149506
2,0,19,1.0,258,0,0,0.09155222672319663
1,9,19,37.0,257,0,0,0.08500812122746093
2,6,19,13.0,244,0,0,0.12092723290540353
0,0,19,9.0,258,0,0,0.11855570432689766
1,2,19,1.0,261,0,0,0.12341744647202602
1,0,19,36.0,252,0,0,0.08452445060241143
1,2,19,0.0,236,0,0,0.10892346789556939
2,4,19,18.0,256,0,0,0.14564238381668382
1,9,19,5.0,234,0,0,0.09862317867749948
2,9,19,37.0,233,0,0,0.0401595586388378
1,4,19,9.0,249,0,0,0.15274976375213667
0,6,19,11.0,244,0,0,0.1389399877092291
1,6,19,26.0,248,0,0,0.13334266975038894
0,2,19,5.0,257,0,0,0.1380961058677611
1,4,19,6.0,233,0,0,0.12535918347379826
2,4,19,7.0,270,0,0,0.12105483790489324
2,4,19,26.0,261,0,0,0.12923245156188456
0,0,19,14.0,248,0,0,0.11720807037225034
1,0,19,13.0,261,0,0,0.10653206246984004
1,4,19,10.0,252,0,0,0.14697174839324634
0,9,19,9.0,261,0,0,0.10122654516329466
1,2,19,1.0,270,0,0,0.11235645328388061
1,4,19,6.0,248,0,0,0.14905789166032057
2,9,19,25.0,270,0,0,0.06484904924305235
0,0,19,38.0,248,0,0,0.07735016384448312
1,2,19,18.0,210,0,0,0.05828512324540447
0,6,19,2.0,248,0,0,0.12954984185878055
1,6,19,22.0,249,0,0,0.13607796376787507
1,6,19,10.0,261,0,0,0.13064487572013445
2,4,19,2.0,270,0,0,0.11504494233801149
0,0,19,31.0,248,0,0,0.09117480213027007
0,6,19,3.0,242,0,0,0.1268306235326767
2,9,19,4.0,233,0,0,0.06991673825178712
2,0,19,23.0,258,0,0,0.0955556495177664
2,4,19,5.0,272,0,0,0.1073073362173026
1,4,19,35.0,272,0,0,0.09158868054678593
1,9,19,31.0,256,0,0,0.10154208778917007
2,6,19,14.0,261,0,0,0.11569691848013425
2,2,19,29.0,236,0,0,0.10653764335378685
2,4,19,36.0,244,0,0,0.11048025463752037
1,6,19,3.0,248,0,0,0.1351039226335265
2,0,19,6.0,256,0,0,0.10998641261609715
1,6,19,4.0,236,0,0,0.12277800159925589
1,4,19,13.0,248,0,0,0.15401833059557962
2,2,19,26.0,234,0,0,0.10501665268680427
0,4,19,3.0,270,0,0,0.11220863710133794
1,0,19,23.0,261,0,0,0.10044135490994788
0,6,19,14.0,234,0,0,0.11424471132816122
0,6,19,21.0,249,0,0,0.12462096621222851
2,4,19,3.0,248,0,0,0.13977606122752612
1,0,19,79.0,257,0,1,-0.0010517654382879993
0,9,19,25.0,242,0,0,0.08447878436050638
2,0,19,26.0,236,0,0,0.07833750365479275
1,2,19,6.0,236,0,0,0.12539409201761348
2,6,19,29.0,270,0,0,0.08524998123052596
1,2,19,11.0,248,0,0,0.14285864333796772
0,9,19,1.0,236,0,0,0.08120907182676174
1,6,19,13.0,244,0,0,0.1416891960651518
1,4,19,34.0,233,0,0,0.09964788423788784
2,9,19,12.0,242,0,0,0.08750684847474877
0,0,19,29.0,248,0,0,0.09709079220771943
0,9,19,12.0,233,0,0,0.08931417761684113
2,4,19,7.0,244,0,0,0.13308772656110984
2,9,19,27.0,270,0,0,0.061931908072903274
0,2,19,4.0,257,0,0,0.14024351010871655
1,2,19,26.0,261,0,0,0.1327153675266921
1,4,19,16.0,270,0,0,0.13114446567888827
1,4,19,4.0,257,0,0,0.14661044201586154
1,0,19,18.0,244,0,0,0.11544905038306147
0,2,19,53.0,233,0,0,0.04193768161997824
1,2,19,33.0,210,0,0,0.03727185279228329
1,2,19,35.0,270,0,0,0.09546444102909923
2,4,19,5.0,257,0,0,0.14743799449344935
0,0,19,13.0,270,0,0,0.09574449688575293
0,9,19,16.0,256,0,0,0.11003841353669053
2,6,19,5.0,244,0,0,0.1217623712758299
2,9,19,11.0,257,0,0,0.09990970906455288
2,6,19,18.0,242,0,0,0.11775926722578994
0,2,19,37.0,248,0,0,0.1005488577295417
2,2,19,21.0,242,0,0,0.12138617576368249
2,6,19,0.0,258,0,0,0.10069624585896964
0,0,19,3.0,249,0,0,0.11136737075533532
0,9,19,7.0,249,0,0,0.11276957433557033
2,4,19,46.0,256,0,0,0.09678427762966002
2,2,19,14.0,210,0,0,0.03422834502771788
0,0,19,46.0,236,0,0,0.03727550846715488
2,0,19,58.0,257,0,0,0.0276789544288355
1,6,19,9.0,257,0,0,0.1469633185891514
1,0,19,19.0,252,0,0,0.1122970069303203
1,4,19,83.0,253,0,0,0.026953462247876092
1,4,19,28.0,233,0,0,0.11194753449246841
1,0,19,1.0,257,0,0,0.10122583439813138
2,6,19,16.0,248,0,0,0.12962274487096426
0,2,19,27.0,270,0,0,0.10455453375847118
2,4,19,13.0,242,0,0,0.12889577863690782
2,4,19,1.0,272,0,0,0.09565241614600972
2,6,19,5.0,244,0,0,0.1217623712758299
0,4,19,39.0,242,0,0,0.09295171708698802
1,4,19,6.0,258,0,0,0.14702232116787411
0,2,19,27.0,270,0,0,0.10455453375847118
0,6,19,5.0,261,0,0,0.12310705569119856
1,4,19,17.0,233,0,0,0.1267301079817642
0,9,19,40.0,256,0,0,0.07079459763414242
2,2,19,34.0,244,0,0,0.10904050311856833
1,9,19,35.0,233,0,0,0.05816846978870738
0,9,19,10.0,257,0,0,0.11333014116189832
2,4,19,24.0,242,0,0,0.1235309969533735
2,2,19,9.0,257,0,0,0.14029772536189372
1,4,19,21.0,270,0,0,0.1268393858769784
2,6,19,14.0,257,0,0,0.12676621780013814
1,4,19,30.0,233,0,0,0.10881995674075884
2,2,19,17.0,270,0,0,0.11131005324749843
2,6,19,0.0,234,0,0,0.08208971345989435
2,4,19,24.0,242,0,0,0.1235309969533735
2,9,19,7.0,270,0,0,0.07748104844858184
2,2,20,69.0,234,0,0,0.011611695096912289
2,0,20,1.0,244,0,0,0.07507577280927269
2,0,20,34.0,244,0,0,0.06958553780005239
1,0,20,27.0,210,0,0,0.029634796228920623
0,2,20,4.0,258,0,0,0.12656716996401546
2,4,20,2.0,210,0,0,0.023595487353067934
2,9,20,19.0,233,0,0,0.058612111585994886
0,6,20,1.0,249,0,0,0.11549719993387181
2,4,20,11.0,257,0,0,0.14341057817915426
2,6,20,5.0,270,0,0,0.09862887889714578
0,0,20,25.0,258,0,0,0.09071835704138176
1,4,20,21.0,249,0,0,0.1399091819906823
1,9,20,10.0,270,0,0,0.08464049695524145
0,6,20,12.0,256,0,0,0.13781300746227232
0,0,20,1.0,210,0,0,0.03261018567488094
2,9,20,5.0,233,0,0,0.0679090197799922
0,6,20,44.0,270,0,0,0.05068966890150162
0,4,20,12.0,272,0,0,0.10001142252338391
1,2,20,20.0,258,0,0,0.12672252619871172
1,6,20,26.0,249,0,0,0.12704071836429992
2,4,20,19.0,248,0,0,0.13804666363128748
1,6,20,61.0,253,0,0,0.05971213482159343
1,6,20,7.0,233,0,0,0.11712961378892278
1,2,20,3.0,242,0,0,0.12514822308806328
0,9,20,2.0,242,0,0,0.09632311713635933
1,2,20,47.0,257,0,0,0.08699984584455567
2,2,20,12.0,234,0,0,0.10536511942972882
2,6,20,0.0,252,0,0,0.10204098577737697
0,0,20,18.0,242,0,0,0.1018853457177108
1,0,20,18.0,248,0,0,0.11018077533418524
2,4,20,30.0,261,0,0,0.11885000402441548
2,4,20,14.0,261,0,0,0.12963114773073775
2,0,20,9.0,249,0,0,0.1026687257312614
0,9,20,13.0,249,0,0,0.10461580978700241
2,2,20,6.0,242,0,0,0.12079139302566277
0,9,20,11.0,270,0,0,0.07238690836894968
0,2,20,8.0,270,0,0,0.10821961698385041
0,0,20,26.0,244,0,0,0.09291160299597057
2,6,20,12.0,253,0,0,0.1218756368064774
1,2,20,6.0,253,0,0,0.13610327916648685
0,6,20,25.0,244,0,0,0.11196452736368873
0,0,20,6.0,210,0,0,0.05102280333468667
1,2,20,7.0,253,0,0,0.13583142632761874
2,4,20,12.0,248,0,0,0.14064573012767484
1,2,20,23.0,258,0,0,0.1247292657302958
1,6,20,28.0,270,0,0,0.10008791297874209
2,9,20,4.0,256,0,0,0.09739937039732316
0,9,20,2.0,257,0,0,0.1024488805115581
0,9,20,9.0,261,0,0,0.0937501001462423
2,6,20,14.0,210,0,0,0.020243925768874682
1,6,20,0.0,248,0,0,0.12281147261303299
0,2,20,35.0,233,0,0,0.07977856106688985
1,4,20,0.0,248,0,0,0.12673565246646323
2,2,20,21.0,258,0,0,0.12404806808638635
2,4,20,1.0,233,0,0,0.08843982238469805
2,4,20,10.0,257,0,0,0.1418617833126049
0,2,20,45.0,248,0,0,0.07422491313107349
2,6,20,11.0,248,0,0,0.12424783401105094
0,0,20,14.0,253,0,0,0.11042565807447774
0,4,20,13.0,236,0,0,0.11991326249177581
2,4,20,27.0,236,0,0,0.1087621906097267
0,2,20,8.0,253,0,0,0.1294812766539759
1,0,20,6.0,253,0,0,0.10925110150133271
2,2,20,14.0,257,0,0,0.12888340804351295
2,2,20,16.0,270,0,0,0.10589636155575294
0,4,20,16.0,242,0,0,0.12688106012396
1,9,20,29.0,249,0,0,0.09857385434180443
1,6,20,8.0,248,0,0,0.1411916887964148
0,9,20,17.0,233,0,0,0.0736215433067745
0,4,20,20.0,270,0,0,0.10653603369300124
2,9,20,11.0,248,0,0,0.09293482132281838
2,6,20,12.0,258,0,0,0.11920603587216949
1,6,20,26.0,256,0,0,0.1295314156246848
0,2,20,10.0,270,0,0,0.10691188064708484
2,2,20,13.0,270,0,0,0.10419279297145967
0,2,20,21.0,253,0,0,0.11937970059376962
0,6,20,3.0,257,0,0,0.1269363973402649
0,2,20,7.0,270,0,0,0.10852074235006193
2,6,20,2.0,234,0,0,0.09111649753259876
0,6,20,7.0,242,0,0,0.12931766039625797
0,4,20,37.0,244,0,0,0.09825604003962607
1,2,20,3.0,257,0,0,0.13486565636806053
1,4,20,33.0,261,0,0,0.11793739240834866
2,9,20,13.0,249,0,0,0.09040976284769586
2,2,20,17.0,256,0,0,0.1295181152944888
0,2,20,2.0,248,0,0,0.12371297601469633
1,2,20,81.0,253,0,0,0.019028692858605534
0,2,20,9.0,272,0,0,0.09477291350340489
0,4,20,38.0,242,0,0,0.09317374082293195
2,6,20,75.0,248,0,0,0.01416466684923623
0,9,20,26.0,233,0,0,0.059719557125252454
0,2,20,9.0,270,0,0,0.11051628499594501
1,4,20,17.0,270,0,0,0.12525980919640217
0,9,20,30.0,270,0,0,0.05701759045386523
0,2,20,7.0,236,0,0,0.1165930148681521
2,6,20,11.0,258,0,0,0.12198576845041714
0,4,20,2.0,249,0,0,0.13036247533580303
0,0,20,13.0,210,0,0,0.04469240931226248
2,9,20,5.0,234,0,0,0.07505437296982853
0,4,20,23.0,248,0,0,0.12904300179351386
0,6,20,11.0,248,0,0,0.13668865543698933
2,4,20,2.0,272,0,0,0.09720482823526044
1,6,20,40.0,248,0,0,0.08803032308295156
0,4,20,20.0,248,0,0,0.13450138670202855
0,9,20,1.0,248,0,0,0.08972213318746292
1,6,20,25.0,252,0,0,0.12752149653834832
0,6,20,20.0,248,0,0,0.12585205816052458
0,9,20,75.0,257,0,1,-0.0009709894331916269
1,9,20,3.0,249,0,0,0.10603433956156921
2,6,20,11.0,234,0,0,0.09990829161557824
1,0,20,26.0,258,0,0,0.09592868365469609
1,2,20,32.0,253,0,0,0.11594758587877402
0,0,20,4.0,236,0,0,0.09739188967131229
0,0,20,12.0,252,0,0,0.11376734382353787
1,0,20,16.0,253,0,0,0.10938086278137377
0,0,20,36.0,236,0,0,0.05909641490861539
1,0,20,5.0,248,0,0,0.10546685170642289
2,0,20,6.0,233,0,0,0.07684381822045583
1,9,20,4.0,270,0,0,0.08664205751135756
1,0,20,101.0,256,0,1,-0.023654892182099374
1,4,20,19.0,234,0,0,0.12189915102786636
0,9,20,7.0,257,0,0,0.10672281787162163
1,9,20,12.0,244,0,0,0.10889000946099936
2,9,20,3.0,261,0,0,0.07659908908413593
2,9,20,15.0,256,0,0,0.09152048754594178
2,0,20,36.0,248,0,0,0.0739748859482785
1,9,20,18.0,236,0,0,0.09027781823746217
2,4,20,32.0,249,0,0,0.12133160222450712
2,9,20,12.0,261,0,0,0.08134221848245504
0,9,20,17.0,258,0,0,0.09379868557274185
2,9,20,33.0,249,0,0,0.06007699954289536
1,4,20,9.0,248,0,0,0.1494467570390528
0,0,20,3.0,252,0,0,0.10469414130056731
2,6,20,4.0,244,0,0,0.11390071053499345
0,2,20,1.0,234,0,0,0.09697690981938623
1,2,20,24.0,257,0,0,0.12715878920057805
0,0,20,21.0,234,0,0,0.08097033396079756
1,4,20,33.0,244,0,0,0.11464630223442207
0,6,20,13.0,242,0,0,0.1283335847854541
2,6,20,8.0,270,0,0,0.09857774697032451
0,2,20,43.0,270,0,0,0.059739938937787174
1,2,20,17.0,270,0,0,0.11546833196519818
0,6,20,6.0,272,0,0,0.09060088145041578
1,9,20,20.0,272,0,0,0.07136135518695819
2,9,20,18.0,252,0,0,0.08881733926699975
1,6,20,72.0,270,0,0,0.019763336223585504
2,9,20,35.0,248,0,0,0.058797042238893815
1,0,20,11.0,270,0,0,0.0873475909923066
1,9,20,1.0,270,0,0,0.07479114558812738
1,2,20,18.0,257,0,0,0.13534526950477271
0,9,20,2.0,248,0,0,0.10063218962983966
1,2,20,4.0,244,0,0,0.12908961751902626
2,6,20,8.0,270,0,0,0.09857774697032451
2,9,20,93.0,272,0,1,-0.05451907663622657
1,2,20,0.0,256,0,0,0.11541641446519879
0,2,20,13.0,249,0,0,0.12775110193178063
1,0,20,3.0,272,0,0,0.07229807640351149
0,6,20,6.0,270,0,0,0.10108794669292243
0,4,20,0.0,249,0,0,0.11720830828889583
2,0,20,5.0,233,0,0,0.07534125999660424
2,0,20,5.0,256,0,0,0.10165262927706886
2,9,20,1.0,257,0,0,0.08090487155644688
0,2,20,23.0,249,0,0,0.11641132207573845
0,0,20,13.0,257,0,0,0.11090603057721216
2,9,20,4.0,242,0,0,0.08161838240801
0,9,20,0.0,270,0,0,0.05790312492402527
2,2,20,10.0,242,0,0,0.11813477939430689
2,6,20,26.0,233,0,0,0.08136118928420077
0,2,20,5.0,258,0,0,0.12435649496587448
2,0,20,13.0,248,0,0,0.10003909968319047
0,0,20,18.0,253,0,0,0.10937810216396854
0,9,20,20.0,236,0,0,0.08218423082643977
1,6,20,0.0,257,0,0,0.12074863991086682
1,2,20,5.0,253,0,0,0.13269954706980136
0,6,20,11.0,258,0,0,0.13159567371000602
0,6,20,22.0,270,0,0,0.09282759260360851
2,2,20,18.0,233,0,0,0.09500421122593805
2,4,20,0.0,234,0,0,0.0877341902178621
2,6,20,17.0,253,0,0,0.12193573137622371
0,4,20,4.0,242,0,0,0.1260394922694179
1,2,20,5.0,248,0,0,0.13526303979267912
0,0,20,0.0,249,0,0,0.09480591428498719
2,6,20,12.0,248,0,0,0.1240601239711826
2,4,20,7.0,233,0,0,0.10335361067228499
2,6,20,2.0,244,0,0,0.10732738202614711
2,9,20,76.0,236,0,1,-0.029718265776368713
0,4,20,4.0,270,0,0,0.10608961071116646
2,4,20,75.0,270,0,0,0.010223845743553062
0,4,20,1.0,248,0,0,0.1230378372404155
2,9,20,76.0,270,0,1,-0.026455072927917156
0,4,20,10.0,258,0,0,0.13453693263462546
2,2,20,68.0,248,0,0,0.04299895418801947
1,4,20,16.0,236,0,0,0.1275868231975592
2,9,20,23.0,261,0,0,0.07298273465927829
2,4,20,10.0,252,0,0,0.13767745446894025
1,6,20,1.0,270,0,0,0.10084793062457309
1,2,20,1.0,210,0,0,0.053283791244614465
1,4,20,7.0,210,0,0,0.06814778975867075
1,6,20,11.0,270,0,0,0.11481481348711292
0,0,20,5.0,244,0,0,0.10698280110262293
0,2,20,8.0,257,0,0,0.13323831010390358
0,6,20,7.0,233,0,0,0.11000905959039925
2,9,20,4.0,234,0,0,0.07122687624611412
2,6,20,2.0,234,0,0,0.09111649753259876
1,0,20,15.0,236,0,0,0.0875433458374193
1,2,20,35.0,272,0,0,0.07543668529786429
2,4,20,6.0,233,0,0,0.10442343112371627
2,4,20,11.0,253,0,0,0.13850911004702665
1,2,20,7.0,272,0,0,0.10552160175253006
1,4,20,9.0,256,0,0,0.1495052395559917
0,2,20,2.0,244,0,0,0.11925931973483733
2,4,20,42.0,234,0,0,0.07610998422527115
1,4,20,4.0,242,0,0,0.13086815536654456
2,9,20,5.0,261,0,0,0.08479396592553923
2,9,20,16.0,244,0,0,0.08267144199145082
1,0,20,34.0,248,0,0,0.08426680912113349
2,4,21,24.0,270,0,0,0.10096155978836585
2,9,21,23.0,257,0,0,0.07486075842699569
2,0,21,6.0,256,0,0,0.10184279746671143
1,2,21,37.0,244,0,0,0.09029447400511903
0,6,21,6.0,256,0,0,0.12225683796339842
1,9,21,15.0,249,0,0,0.10128408700144542
2,2,21,18.0,258,0,0,0.12356998830405569
2,4,21,27.0,270,0,0,0.10035209754699559
0,2,21,26.0,234,0,0,0.08374048326105765
0,9,21,33.0,236,0,0,0.05233255317941532
1,4,21,1.0,248,0,0,0.11560758868556259
0,2,21,42.0,253,0,0,0.07740193790273553
2,2,21,35.0,253,0,0,0.10502993402466454
0,0,21,3.0,248,0,0,0.09326520793715776
1,0,21,5.0,272,0,0,0.0668613028969639
0,9,21,29.0,244,0,0,0.07205840160682875
1,9,21,22.0,261,0,0,0.08278897220463455
0,0,21,22.0,256,0,0,0.09149248635023821
2,6,21,6.0,258,0,0,0.11495623272056238
2,6,21,9.0,248,0,0,0.11635466802049338
2,2,21,17.0,257,0,0,0.12359677521127599
0,6,21,2.0,244,0,0,0.11048528194559593
2,4,21,57.0,257,0,0,0.06255290672228209
2,2,21,7.0,261,0,0,0.12026726944208666
0,4,21,8.0,248,0,0,0.13192515574611113
1,4,21,8.0,249,0,0,0.1329124255709701
2,6,21,27.0,256,0,0,0.10469100064001541
2,0,21,17.0,253,0,0,0.1001709346273374
0,2,21,40.0,270,0,0,0.05795066084816369
1,4,21,27.0,249,0,0,0.1224079601133472
2,9,21,5.0,252,0,0,0.09123432574606283
0,2,21,28.0,257,0,0,0.1094393230937521
2,0,21,9.0,248,0,0,0.10100118605733754
2,4,21,21.0,272,0,0,0.0908369742699614
0,4,21,27.0,210,0,0,0.041388027149879436
1,0,21,124.0,248,0,1,-0.027073981146061077
1,4,21,38.0,234,0,0,0.07718090099984265
2,0,21,10.0,270,0,0,0.07258454512637569
2,2,21,29.0,272,0,0,0.07260915107221699
1,0,21,12.0,236,0,0,0.08241592626004157
2,6,21,58.0,233,0,0,0.016022075749856812
0,6,21,6.0,257,0,0,0.12225683796339842
0,2,21,38.0,258,0,0,0.08891090508903765
2,9,21,31.0,257,0,0,0.0634904398863605
0,4,21,43.0,242,0,0,0.08040595215089785
0,0,21,79.0,236,0,1,-0.035996334923123374
1,4,21,22.0,236,0,0,0.10579852576566695
2,9,21,60.0,261,0,0,0.01073363412227557
1,9,21,48.0,256,0,0,0.053595521380851885
0,2,21,10.0,270,0,0,0.0986620456576296
0,2,21,50.0,248,0,0,0.05968282627319921
0,4,21,35.0,252,0,0,0.10000117828442168
1,6,21,3.0,248,0,0,0.116756108306101
0,4,21,14.0,270,0,0,0.09736742736575865
1,0,21,14.0,261,0,0,0.09049353671578475
0,2,21,3.0,233,0,0,0.09183246776555232
0,0,21,0.0,253,0,0,0.0821106293776459
2,6,21,14.0,257,0,0,0.11461880378359923
0,0,21,14.0,261,0,0,0.09430368359749364
1,4,21,40.0,256,0,0,0.0972015047497049
2,2,21,12.0,272,0,0,0.08394130836255209
2,0,21,8.0,261,0,0,0.09214842374787136
1,2,21,3.0,261,0,0,0.12327777298897302
1,4,21,19.0,272,0,0,0.09935719412314126
2,0,21,29.0,249,0,0,0.08116015790426634
0,2,21,8.0,236,0,0,0.10770977157199152
2,9,21,11.0,242,0,0,0.0740504225144547
2,9,21,26.0,236,0,0,0.0533335769170844
0,2,21,5.0,257,0,0,0.12102044463016598
0,9,21,18.0,253,0,0,0.09170404584309932
0,4,21,36.0,261,0,0,0.0901133885799621
0,0,21,31.0,244,0,0,0.07679724305075641
0,6,21,2.0,258,0,0,0.11043748043194157
2,6,21,98.0,242,0,1,-0.03655638345944945
0,6,21,14.0,270,0,0,0.08882927482440905
0,4,21,8.0,270,0,0,0.10267106668066739
2,4,21,34.0,253,0,0,0.11101708774973285
0,0,21,11.0,252,0,0,0.10552380027025421
0,9,21,3.0,234,0,0,0.0675797913257059
2,2,21,27.0,261,0,0,0.10789734013598973
2,9,21,3.0,210,0,1,-0.011455777806354539
1,9,21,7.0,236,0,0,0.08240430081143735
1,0,21,12.0,272,0,0,0.0679049633246459
1,0,21,25.0,257,0,0,0.08858334366553589
0,4,21,35.0,256,0,0,0.1012623812445439
0,2,21,16.0,270,0,0,0.09384215124640727
0,4,21,11.0,248,0,0,0.13250353280306332
0,0,21,29.0,233,0,0,0.06200567251214972
0,0,21,7.0,210,0,0,0.04105574299919035
2,9,21,5.0,258,0,0,0.08925382561915018
1,9,21,14.0,210,0,0,0.014176288750196053
1,0,21,5.0,270,0,0,0.07912006605410771
2,0,21,22.0,257,0,0,0.09192645373774722
1,2,21,16.0,272,0,0,0.08963412614699295
0,2,21,26.0,234,0,0,0.08374048326105765
1,9,21,13.0,270,0,0,0.07280910020596187
1,4,21,1.0,248,0,0,0.11560758868556259
2,4,21,14.0,252,0,0,0.12812990906996713
1,9,21,4.0,256,0,0,0.10609736503478134
1,9,21,12.0,248,0,0,0.1064388782410367
2,4,21,11.0,257,0,0,0.1346435295267308
1,9,21,10.0,248,0,0,0.10592237074498023
0,0,21,3.0,236,0,0,0.07864225471612718
2,4,21,5.0,270,0,0,0.10713591655757382
1,2,21,2.0,261,0,0,0.1215134045606972
1,0,21,33.0,252,0,0,0.07488510428706352
2,9,21,24.0,256,0,0,0.0744406720369124
2,0,21,27.0,236,0,0,0.06775442163820533
0,4,21,4.0,258,0,0,0.11862210092703424
1,4,21,27.0,256,0,0,0.12503139392663432
2,2,21,88.0,272,0,1,-0.04180925934688773
0,9,21,2.0,234,0,0,0.06770898528639036
0,9,21,21.0,236,0,0,0.06684417115233543
0,0,21,5.0,261,0,0,0.09204854405493779
0,0,21,1.0,270,0,0,0.06083556409857038
1,6,21,1.0,249,0,0,0.1076351886681049
2,6,21,73.0,272,0,1,-0.009402449545733216
1,4,21,9.0,236,0,0,0.11663951998951139
0,0,21,40.0,252,0,0,0.06182577579968673
1,2,21,14.0,248,0,0,0.1259184260161621
0,2,21,40.0,261,0,0,0.07583947766873478
0,0,21,27.0,233,0,0,0.0660109741328666
2,9,21,0.0,234,0,0,0.04150399894515988
2,2,21,7.0,272,0,0,0.09065829894891231
1,0,21,28.0,233,0,0,0.06406463066536816
0,4,21,0.0,234,0,0,0.08650613299430221
2,0,21,5.0,242,0,0,0.08415154908764944
0,4,21,6.0,233,0,0,0.1050456151009545
1,0,21,5.0,261,0,0,0.08770331584935331
2,9,21,9.0,261,0,0,0.07981844730677579
1,4,21,36.0,242,0,0,0.09023379401502885
2,4,21,12.0,256,0,0,0.13251367812431858
0,6,21,3.0,272,0,0,0.07438787847138262
2,2,21,20.0,257,0,0,0.11957139859937965
2,4,21,32.0,253,0,0,0.11370120642940057
2,4,21,9.0,252,0,0,0.13272404457080378
0,9,21,24.0,248,0,0,0.07837745255033068
2,0,21,1.0,257,0,0,0.08561536448696372
1,0,21,20.0,244,0,0,0.09287663714387484
2,6,21,44.0,233,0,0,0.04128644693490435
1,6,21,4.0,244,0,0,0.11357027878154152
2,0,21,16.0,249,0,0,0.09696633863858739
0,0,21,1.0,257,0,0,0.08161254239670546
0,4,21,12.0,249,0,0,0.13103869746992292
0,2,21,47.0,253,0,0,0.06527933688072352
0,9,21,5.0,270,0,0,0.06264138283495624
2,9,21,23.0,234,0,0,0.05187805196664619
0,9,21,2.0,257,0,0,0.09302830412617225
0,4,21,1.0,233,0,0,0.08717538618292808
0,0,21,25.0,256,0,0,0.08683129429448866
1,6,21,7.0,256,0,0,0.1275698868161107
2,6,21,13.0,257,0,0,0.11470497250938838
2,2,21,15.0,256,0,0,0.1219513683028765
1,9,21,13.0,258,0,0,0.09781219808136887
1,0,21,105.0,253,0,1,-0.030160956397693006
2,6,21,1.0,270,0,0,0.0770385788936242
1,6,21,26.0,234,0,0,0.09179029817567763
2,2,21,28.0,248,0,0,0.1156005787142938
2,9,21,15.0,270,0,0,0.06047732010585771
2,6,21,11.0,236,0,0,0.09307963646936057
0,9,21,9.0,234,0,0,0.07974195679616825
1,9,21,6.0,253,0,0,0.10737771041257066
1,6,21,32.0,236,0,0,0.08672551074150003
1,0,21,2.0,270,0,0,0.07349887690976642
0,2,21,13.0,272,0,0,0.08391545225527952
0,6,21,12.0,244,0,0,0.1230852623303052
2,0,21,36.0,234,0,0,0.04850837361788374
0,0,21,10.0,258,0,0,0.09942395475582289
2,0,21,45.0,233,0,0,0.02329562537129448
0,9,21,21.0,242,0,0,0.07444786991286811
0,2,21,45.0,257,0,0,0.07077688470689436
1,9,21,26.0,257,0,0,0.0923840483708499
2,6,21,13.0,248,0,0,0.11539864455522902
0,0,21,13.0,249,0,0,0.10187520948949103
2,2,21,39.0,242,0,0,0.0819108123535669
1,6,21,3.0,244,0,0,0.11210134025807189
1,0,21,8.0,257,0,0,0.10074068007027037
1,2,21,11.0,236,0,0,0.10567028924943045
0,0,21,4.0,249,0,0,0.09726494518072082
2,4,22,29.0,242,0,0,0.0923368906392168
1,9,22,31.0,210,0,1,-0.014620100446438467
1,0,22,3.0,258,0,0,0.07460382456056647
0,2,22,11.0,270,0,0,0.07725867361814254
2,4,22,10.0,256,0,0,0.11296041338211316
1,0,22,3.0,272,0,0,0.04842016399749316
0,9,22,12.0,233,0,0,0.06037224124626828
2,2,22,6.0,236,0,0,0.08965988622929089
1,6,22,11.0,252,0,0,0.11237526478339882
0,4,22,15.0,233,0,0,0.08203923602243102
0,6,22,41.0,258,0,0,0.06201807067793119
2,6,22,4.0,249,0,0,0.09392674908937115
1,0,22,21.0,270,0,0,0.06021385928014744
2,0,22,4.0,257,0,0,0.08183459044233676
0,0,22,13.0,242,0,0,0.07107049564463597
2,4,22,42.0,236,0,0,0.059062896901878936
0,0,22,21.0,234,0,0,0.054408406528518194
1,4,22,6.0,252,0,0,0.11785540863012117
2,2,22,21.0,248,0,0,0.09692041931835449
2,2,22,2.0,249,0,0,0.10054422322656964
1,2,22,2.0,257,0,0,0.1095867430413684
1,4,22,1.0,249,0,0,0.10030972054057652
2,0,22,4.0,270,0,0,0.058432797320325025
0,9,22,4.0,258,0,0,0.07529914704131391
0,4,22,5.0,256,0,0,0.10707974179726754
1,0,22,28.0,270,0,0,0.049240029420858145
0,4,22,7.0,270,0,0,0.08467271658951214
0,9,22,6.0,244,0,0,0.08286484494591084
2,6,22,13.0,257,0,0,0.09419006297578436
2,2,22,19.0,270,0,0,0.08175181367336093
2,6,22,30.0,258,0,0,0.07630802669301462
1,2,22,2.0,248,0,0,0.10194216666904266
0,4,22,49.0,258,0,0,0.05370333423344076
0,0,22,9.0,261,0,0,0.07710551766220086
0,6,22,3.0,258,0,0,0.09850805439105348
2,0,22,27.0,233,0,0,0.04972959268104904
2,4,22,27.0,210,0,0,0.004499226442728377
0,4,22,25.0,252,0,0,0.09822511699129866
0,9,22,16.0,258,0,0,0.0741953421031214
2,2,22,6.0,252,0,0,0.10779096675210442
2,0,22,5.0,210,0,1,-0.00260225073895759
2,0,22,14.0,210,0,1,-0.0021241435409498077
0,9,22,5.0,257,0,0,0.08434011771633776
2,2,22,10.0,248,0,0,0.10235034810677135
2,6,22,1.0,253,0,0,0.08719644145247163
0,9,22,4.0,210,0,0,0.01619647345402997
1,0,22,1.0,210,0,0,0.013108207873211875
0,4,22,46.0,272,0,0,0.024084882697984922
1,2,22,7.0,249,0,0,0.10851207946815711
2,4,22,11.0,234,0,0,0.08893965627976452
1,2,22,4.0,253,0,0,0.10720245918388666
1,9,22,17.0,244,0,0,0.08126251297658449
2,9,22,12.0,248,0,0,0.07090869102443897
0,6,22,34.0,248,0,0,0.0798395903092266
0,2,22,34.0,257,0,0,0.08479787756700452
0,6,22,9.0,258,0,0,0.10511350833870509
0,6,22,15.0,256,0,0,0.105050510425782
0,6,22,5.0,210,0,0,0.03598921838577673
0,0,22,7.0,248,0,0,0.0854118121977665
1,2,22,4.0,256,0,0,0.11024698152548423
2,2,22,3.0,252,0,0,0.10414896197899604
0,9,22,19.0,257,0,0,0.07908102740787859
0,4,22,29.0,258,0,0,0.09527331546090134
1,0,22,19.0,270,0,0,0.06183397255271328
1,4,22,33.0,270,0,0,0.07415200483268225
0,2,22,18.0,258,0,0,0.10229469533473279
0,2,22,0.0,248,0,0,0.08766713489958022
2,2,22,50.0,248,0,0,0.056738835979083024
2,4,22,45.0,252,0,0,0.06190928055019129
1,6,22,14.0,258,0,0,0.1068880686626773
0,4,22,16.0,234,0,0,0.08474841943269107
1,4,22,19.0,257,0,0,0.11616744075858426
0,4,22,8.0,236,0,0,0.09506528819335192
2,9,22,11.0,270,0,0,0.04276445981357213
0,0,22,3.0,252,0,0,0.07564221499586532
2,6,22,23.0,236,0,0,0.0749239718908391
1,2,22,16.0,249,0,0,0.10298360591075995
1,2,22,10.0,236,0,0,0.09142468462276532
2,4,22,17.0,244,0,0,0.10399979722492658
0,2,22,5.0,256,0,0,0.10146875758115059
0,4,22,41.0,272,0,0,0.036181957559921596
2,9,22,14.0,272,0,0,0.03582903787503511
0,6,22,32.0,236,0,0,0.0714739535738188
0,4,22,0.0,272,0,0,0.05339410634081665
0,6,22,19.0,234,0,0,0.08154344475283815
1,6,22,3.0,270,0,0,0.08046276115068585
0,0,22,21.0,248,0,0,0.08012527157948757
2,4,22,22.0,244,0,0,0.09901994911944267
0,2,22,3.0,261,0,0,0.09356951109510692
2,9,22,52.0,256,0,0,0.018361351218347033
2,0,22,43.0,234,0,0,0.019696284051327062
1,9,22,18.0,261,0,0,0.07825544405762774
0,2,22,30.0,252,0,0,0.08793124521030815
2,2,22,10.0,257,0,0,0.10462689059748326
0,4,22,34.0,248,0,0,0.09129463569692309
1,2,22,11.0,242,0,0,0.09963693047953537
0,0,22,5.0,270,0,0,0.0570087329458675
2,2,22,2.0,252,0,0,0.10345224601226377
0,2,22,4.0,252,0,0,0.10168423255687897
1,2,22,10.0,270,0,0,0.08973357102240531
0,0,22,25.0,249,0,0,0.07426744316935474
1,9,22,3.0,233,0,0,0.05630840422478556
1,6,22,19.0,256,0,0,0.11002096505408171
2,0,22,13.0,253,0,0,0.077808472162462
1,9,22,2.0,248,0,0,0.08153058085988762
1,9,22,6.0,252,0,0,0.09313647813843107
0,4,22,16.0,257,0,0,0.11153326857843054
2,9,22,3.0,248,0,0,0.0663298151955306
2,4,22,7.0,210,0,0,0.018496775926965414
0,4,22,14.0,270,0,0,0.080768439703917
0,6,22,76.0,252,0,1,-0.0006812020701769672
2,0,22,23.0,210,0,1,-0.006683056300781143
0,2,22,28.0,248,0,0,0.0889557799593893
1,2,22,4.0,233,0,0,0.082979592621508
1,4,22,16.0,261,0,0,0.10716624363117921
0,9,22,0.0,244,0,0,0.06425793574779404
2,9,22,3.0,257,0,0,0.06716740023132195
0,6,22,25.0,253,0,0,0.09158559725385462
1,2,22,8.0,234,0,0,0.08813871132119322
0,2,22,13.0,261,0,0,0.09508540011492084
2,0,22,1.0,272,0,0,0.03953333757413069
2,9,22,15.0,270,0,0,0.041620584014334994
2,0,22,43.0,244,0,0,0.03359246260037718
2,4,22,11.0,249,0,0,0.11035633311368465
1,4,22,5.0,234,0,0,0.09487878084863466
1,9,22,24.0,256,0,0,0.07986953092304638
0,0,22,4.0,248,0,0,0.07838309353349682
1,6,22,2.0,233,0,0,0.08427607295871886
1,9,22,18.0,257,0,0,0.08816830616184834
1,2,22,46.0,248,0,0,0.056023735412981
2,4,22,11.0,261,0,0,0.10467384785582451
0,4,22,49.0,258,0,0,0.05370333423344076
2,9,22,2.0,248,0,0,0.06654228156562836
2,2,22,55.0,244,0,0,0.042471157362863554
1,2,22,0.0,248,0,0,0.09108139791673353
2,2,22,26.0,242,0,0,0.08762379194605285
1,9,22,20.0,249,0,0,0.08666588650053408
1,2,22,3.0,272,0,0,0.07404945569091281
0,9,22,17.0,272,0,0,0.03903975490263989
1,2,22,23.0,234,0,0,0.07611975040451646
2,9,22,170.0,252,0,1,-0.0647009364856076
0,4,22,22.0,270,0,0,0.07767552905895225
1,4,22,15.0,258,0,0,0.11110176450916809
2,9,22,38.0,261,0,0,0.025192646240470795
2,4,22,4.0,253,0,0,0.11133157183382525
0,2,22,1.0,272,0,0,0.05169314570077144
2,2,22,46.0,248,0,0,0.05951227856203545
2,9,22,2.0,253,0,0,0.06987059815883223
0,9,22,7.0,270,0,0,0.052711351684335606
2,9,22,4.0,233,0,0,0.043403405644623194
2,2,22,16.0,256,0,0,0.10263304794362238
1,4,22,14.0,234,0,0,0.09597882387819257
1,9,22,33.0,253,0,0,0.06091471589663289
2,4,22,12.0,253,0,0,0.1097476558958192
1,4,22,7.0,249,0,0,0.11378648419012027
0,6,22,6.0,252,0,0,0.10955629039563247
0,6,22,0.0,210,0,0,0.023126197683996486
1,4,22,41.0,244,0,0,0.06664881734132055
1,9,22,8.0,252,0,0,0.09555525929583697
0,4,22,4.0,257,0,0,0.10879439833918636
0,0,22,26.0,252,0,0,0.07451339086162134
2,9,22,1.0,242,0,0,0.050845919210127266
0,4,22,11.0,270,0,0,0.08301334015791129
0,2,22,4.0,248,0,0,0.10092026000697596
2,9,22,9.0,258,0,0,0.06776640321427496
2,4,22,8.0,258,0,0,0.11327864310999886
2,0,22,2.0,234,0,0,0.050122461340551316
2,2,22,1.0,234,0,0,0.06931016625359332
1,9,22,4.0,253,0,0,0.09008371623763145
2,9,22,10.0,253,0,0,0.07174130524696232
1,0,22,15.0,270,0,0,0.06206143521087604
1,9,22,7.0,210,0,0,0.013411740030215724
2,2,22,49.0,244,0,0,0.05083539164670958
0,9,22,22.0,270,0,0,0.038729592219372444
0,2,22,23.0,244,0,0,0.08775215597705566
2,2,22,9.0,210,0,0,0.019131783728554064
1,0,22,13.0,256,0,0,0.0813349061927715
1,9,22,29.0,261,0,0,0.0659999723162431
0,4,22,35.0,244,0,0,0.07776291426847304
2,0,22,1.0,257,0,0,0.07078192999879196
2,2,22,6.0,257,0,0,0.1091791680867924
2,2,22,25.0,257,0,0,0.09807608918199306
0,6,22,4.0,249,0,0,0.10360955190099375
1,6,22,19.0,258,0,0,0.1052667621379288
1,0,22,18.0,257,0,0,0.08170392798647541
0,6,22,2.0,248,0,0,0.10136979723161643
1,4,22,9.0,248,0,0,0.11669340713776721
0,6,22,20.0,249,0,0,0.10328023137524422
0,0,22,8.0,244,0,0,0.07867157884745335
2,9,22,6.0,272,0,0,0.04001754725915052
0,9,22,27.0,248,0,0,0.0703452710324528
0,9,22,16.0,257,0,0,0.08023589846417756
2,4,22,16.0,233,0,0,0.08036738700023549
0,4,22,44.0,236,0,0,0.05639564406777953
0,9,22,42.0,270,0,0,0.01527004404831478
0,2,22,2.0,270,0,0,0.0664950526676703
1,6,22,46.0,248,0,0,0.056459126459825315
1,9,22,33.0,257,0,0,0.0632961864050563
0,9,22,6.0,272,0,0,0.04259893681253979
2,0,22,61.0,257,0,0,0.006171521923192702
0,0,22,36.0,261,0,0,0.04765192738035062
1,4,22,2.0,249,0,0,0.10813230559737058
0,0,22,1.0,257,0,0,0.06500403478036909
2,6,22,26.0,272,0,0,0.06161198307074345
0,4,22,13.0,257,0,0,0.11339839305970317
1,6,22,4.0,270,0,0,0.08166660977756379
0,9,22,3.0,257,0,0,0.08166718273391116
2,9,22,2.0,261,0,0,0.054069048042616585
0,2,22,35.0,233,0,0,0.059785813098665486
2,0,22,6.0,272,0,0,0.050602980157189115
1,9,22,4.0,256,0,0,0.090371571862076
1,6,22,6.0,248,0,0,0.11000540420712018
0,2,22,11.0,249,0,0,0.10745954449050665
0,2,22,2.0,258,0,0,0.0939712715753318
1,6,22,25.0,210,0,0,0.025194192170285068
1,6,22,19.0,256,0,0,0.11002096505408171
1,6,22,26.0,242,0,0,0.0937875394368598
2,2,23,19.0,248,0,0,0.07788788289126514
1,2,23,3.0,270,0,0,0.07352227921257692
1,6,23,41.0,258,0,0,0.04866152871100793
1,0,23,2.0,253,0,0,0.06746181948217556
0,6,23,17.0,252,0,0,0.08892302527582108
2,4,23,9.0,257,0,0,0.10201279917663664
1,2,23,39.0,252,0,0,0.057240092821051025
2,6,23,29.0,257,0,0,0.06407243959733355
1,6,23,19.0,256,0,0,0.09227118441483795
0,6,23,7.0,270,0,0,0.06394945207279423
1,0,23,14.0,236,0,0,0.05097331233189617
2,0,23,2.0,256,0,0,0.06226311134578422
2,4,23,26.0,242,0,0,0.07490536415310733
2,4,23,43.0,270,0,0,0.041840614399148546
2,6,23,1.0,248,0,0,0.06903116904571793
0,0,23,1.0,257,0,0,0.049253060939524085
2,0,23,11.0,210,0,1,-0.010538390242002205
2,4,23,3.0,248,0,0,0.09358896052311172
2,0,23,24.0,261,0,0,0.04975296166876009
2,9,23,4.0,272,0,0,0.027029626152608066
1,0,23,2.0,252,0,0,0.06557446861439409
2,4,23,15.0,236,0,0,0.07497874346703548
0,6,23,8.0,261,0,0,0.08572351482638951
1,2,23,9.0,270,0,0,0.07781127441728397
1,2,23,53.0,236,0,0,0.028877705038307888
0,9,23,9.0,257,0,0,0.07337256102296186
0,2,23,9.0,234,0,0,0.06884598549344867
2,6,23,34.0,252,0,0,0.05347447134073757
2,4,23,31.0,249,0,0,0.08011652419034065
1,2,23,1.0,233,0,0,0.058047569616862305
2,6,23,34.0,257,0,0,0.057597325153820766
0,2,23,17.0,270,0,0,0.05716825179535412
1,2,23,44.0,270,0,0,0.026985979066558752
2,4,23,43.0,252,0,0,0.05678430856161498
2,2,23,31.0,248,0,0,0.07054701206415159
0,4,23,5.0,249,0,0,0.09358748269878059
1,2,23,3.0,233,0,0,0.06892404930618523
2,0,23,19.0,272,0,0,0.03089682019981499
1,0,23,88.0,270,0,1,-0.061838322542896784
1,2,23,3.0,272,0,0,0.05909845398180824
2,0,23,15.0,248,0,0,0.06077057240598316
0,4,23,2.0,248,0,0,0.09072913186226716
0,2,23,20.0,244,0,0,0.07591682834099622
2,6,23,3.0,252,0,0,0.0792865398473922
1,9,23,5.0,248,0,0,0.0775429005855639
1,9,23,18.0,272,0,0,0.04436040083425408
1,2,23,13.0,272,0,0,0.05944216954624715
2,4,23,1.0,261,0,0,0.07698830462732942
2,0,23,17.0,257,0,0,0.06589614744960925
2,6,23,27.0,270,0,0,0.05601313573305022
1,0,23,9.0,270,0,0,0.05275593045646387
1,2,23,6.0,236,0,0,0.0774927328274605
1,4,23,17.0,234,0,0,0.07898721057093949
0,2,23,24.0,270,0,0,0.0518880120415377
2,0,23,21.0,258,0,0,0.05905994270278625
2,2,23,27.0,257,0,0,0.07862869257785987
1,6,23,14.0,233,0,0,0.07239718448255905
1,4,23,6.0,261,0,0,0.0970400819634103
0,2,23,43.0,242,0,0,0.04178725843826603
0,9,23,44.0,248,0,0,0.02879402840571932
2,9,23,1.0,249,0,0,0.045073138293173054
0,9,23,37.0,233,0,0,0.014993437251819453
0,0,23,15.0,244,0,0,0.06388518469881432
1,6,23,2.0,261,0,0,0.08300570192123657
1,6,23,9.0,249,0,0,0.09802785639195533
0,4,23,51.0,272,0,0,0.006335945673797472
1,4,23,12.0,233,0,0,0.07996791945471515
2,0,23,10.0,257,0,0,0.06375899952322572
0,4,23,26.0,242,0,0,0.0734213673806492
1,6,23,3.0,257,0,0,0.09471973049967997
0,2,23,7.0,210,0,0,0.03034019125311649
0,6,23,9.0,257,0,0,0.09216233095991688
0,9,23,7.0,270,0,0,0.04011829152695656
0,2,23,33.0,252,0,0,0.06717979354385462
0,2,23,5.0,258,0,0,0.07943180520074578
2,2,23,3.0,249,0,0,0.08409158566183605
1,6,23,56.0,270,0,0,0.01140272650994778
1,4,23,3.0,252,0,0,0.09831744543416499
0,9,23,19.0,252,0,0,0.0659546932466395
2,9,23,6.0,270,0,0,0.03611624286922144
1,0,23,13.0,253,0,0,0.07006500178724684
0,6,23,48.0,256,0,0,0.040153826041168794
0,0,23,41.0,210,0,1,-0.02137555164804228
0,0,23,1.0,258,0,0,0.045175015438033816
2,2,23,0.0,258,0,0,0.06143584018199533
1,4,23,11.0,236,0,0,0.08566995565995772
0,9,23,9.0,236,0,0,0.06120862062976029
2,9,23,23.0,256,0,0,0.04163139677982153
1,0,23,29.0,234,0,0,0.042504652505873985
1,9,23,56.0,248,0,0,0.010115562736359274
1,2,23,25.0,270,0,0,0.06327102220358938
0,6,23,25.0,261,0,0,0.06628241625265474
2,0,23,0.0,257,0,0,0.047605494093398315
1,2,23,2.0,249,0,0,0.087488357432843
2,4,23,18.0,248,0,0,0.09527010686096893
2,0,23,1.0,256,0,0,0.05449881477478302
0,6,23,2.0,233,0,0,0.062252230518508145
0,9,23,2.0,258,0,0,0.057683105085256536
0,6,23,22.0,258,0,0,0.0780894199919403
2,4,23,14.0,258,0,0,0.09496237539333807
1,9,23,3.0,244,0,0,0.06658550779890726
0,4,23,41.0,261,0,0,0.053884246175602946
1,4,23,11.0,270,0,0,0.08010771582967013
1,4,23,3.0,270,0,0,0.07663727393212916
1,9,23,44.0,242,0,0,0.025204320124101454
2,2,23,10.0,258,0,0,0.08239919372598914
0,2,23,6.0,242,0,0,0.07804473989038163
2,0,23,6.0,258,0,0,0.0649420335438371
2,6,23,24.0,257,0,0,0.07097348108541912
2,2,23,8.0,258,0,0,0.0870468002713688
1,6,23,50.0,252,0,0,0.04367407358421227
1,2,23,28.0,270,0,0,0.06327054681054067
0,0,23,10.0,248,0,0,0.0668811490938156
0,2,23,16.0,258,0,0,0.0824197588865212
0,9,23,2.0,270,0,0,0.02954290696440376
0,9,23,4.0,270,0,0,0.03207930630138178
2,4,23,7.0,248,0,0,0.09494601720745954
0,6,23,1.0,261,0,0,0.0675240968471017
2,9,23,1.0,261,0,0,0.031011601987059767
0,6,23,14.0,249,0,0,0.08780769204307648
1,6,23,5.0,270,0,0,0.0746691944182939
2,6,23,24.0,233,0,0,0.03930010448576182
0,4,23,6.0,270,0,0,0.07086385693205799
1,0,23,56.0,242,0,0,0.006230638593077931
0,9,23,39.0,248,0,0,0.03214972720713605
1,4,23,6.0,270,0,0,0.08614942811761506
0,6,23,10.0,244,0,0,0.0871749135921559
2,2,23,22.0,257,0,0,0.07928166913853352
1,4,23,0.0,234,0,0,0.06782878124900293
2,6,23,3.0,257,0,0,0.07934033246869177
2,9,23,9.0,257,0,0,0.05788671934468981
2,6,23,5.0,270,0,0,0.06415516511725927
1,2,23,12.0,272,0,0,0.061358875101203525
2,4,23,9.0,257,0,0,0.10201279917663664
2,2,23,16.0,253,0,0,0.08395449677731948
2,4,23,26.0,236,0,0,0.0674789305887259
1,2,23,66.0,270,0,1,-0.0056524207203959564
1,4,23,4.0,258,0,0,0.0948000016774706
2,0,23,14.0,252,0,0,0.06232467472492853
1,6,23,19.0,252,0,0,0.09172282265294729
1,4,23,21.0,253,0,0,0.09074881147866876
1,6,23,5.0,270,0,0,0.0746691944182939
2,0,23,4.0,270,0,0,0.044005194791110314
1,4,23,4.0,257,0,0,0.10012738206488225
1,0,23,2.0,272,0,0,0.035604783339341584
1,6,23,32.0,249,0,0,0.07153458115889966
1,6,23,0.0,258,0,0,0.06966787069655767
2,2,23,48.0,257,0,0,0.0425903480728983
1,0,23,44.0,257,0,0,0.028204853195607393
1,0,23,38.0,256,0,0,0.043780418454707815
2,6,23,1.0,236,0,0,0.05147176275183196
2,9,23,6.0,236,0,0,0.04670738589116985
1,9,23,15.0,270,0,0,0.047491102667918894
2,0,23,1.0,249,0,0,0.049250584198529346
0,9,23,57.0,233,0,1,-0.014616790864932172
0,0,23,21.0,234,0,0,0.04281585569893287
0,4,23,26.0,257,0,0,0.08753971373349756
1,0,23,18.0,261,0,0,0.06092527091554256
0,4,23,34.0,261,0,0,0.06733737208843305
0,9,23,18.0,233,0,0,0.038979860704576486
2,2,23,32.0,248,0,0,0.07126894224619751
0,4,23,8.0,210,0,0,0.0379259953412322
2,2,23,26.0,272,0,0,0.04540715984437693
1,9,23,12.0,249,0,0,0.08213632566210693
0,4,23,24.0,249,0,0,0.08799707255896483
1,4,23,19.0,258,0,0,0.09766387092357409
0,0,23,2.0,233,0,0,0.032316392859956244
1,2,23,9.0,257,0,0,0.09468347202682592
0,4,23,40.0,258,0,0,0.06317137183736099
1,2,23,38.0,253,0,0,0.06379276206947626
2,0,23,22.0,236,0,0,0.04121926486776484
1,0,23,15.0,248,0,0,0.06700531624050399
0,6,23,24.0,233,0,0,0.05751420009311403
2,6,23,23.0,270,0,0,0.05800336625087277
1,9,23,2.0,236,0,0,0.05692236973652243
2,4,23,19.0,258,0,0,0.0953415147921316
0,2,23,20.0,253,0,0,0.08047939878589239
2,2,23,37.0,233,0,0,0.04256503281740376
1,2,23,3.0,270,0,0,0.07352227921257692
0,6,23,5.0,253,0,0,0.08872999735291098
0,6,23,31.0,252,0,0,0.06991577867741472
1,2,23,2.0,257,0,0,0.09349624723776406
1,4,23,10.0,253,0,0,0.09764881542626702
2,2,23,2.0,242,0,0,0.07516093872842478
1,0,23,77.0,210,0,1,-0.06516728372131297
1,2,23,2.0,253,0,0,0.09086209476866369
1,2,23,8.0,249,0,0,0.09297421313499743
1,2,23,64.0,258,0,0,0.015616376816504629
1,9,23,20.0,261,0,0,0.06251937991171619
0,2,23,3.0,257,0,0,0.08201912497964148
0,4,23,7.0,252,0,0,0.09869535189361589
0,9,23,3.0,270,0,0,0.029153823168344806
2,0,23,11.0,253,0,0,0.06459702578027005
1,9,23,32.0,256,0,0,0.056108608722179265
0,9,23,6.0,242,0,0,0.0648709564636093
0,9,23,26.0,242,0,0,0.045045792029335896
0,4,23,5.0,249,0,0,0.09358748269878059
0,6,23,2.0,248,0,0,0.08418472040456149
2,0,23,13.0,270,0,0,0.03765169283546421
2,9,23,5.0,258,0,0,0.05689865121826909
0,9,23,14.0,261,0,0,0.05434293800521306
0,0,23,24.0,256,0,0,0.061533346040154036
2,4,23,19.0,236,0,0,0.0749608375586962
2,4,23,14.0,257,0,0,0.09782021525463191
0,2,23,23.0,252,0,0,0.07968317930268876
