level_encoded,event_encoded,hour,seconds_since_last_log,ip_frequency,is_error,same_ip_count_last_60s,event_frequency
1.2719268836423367,-0.08020954456279278,-1.5210607442710904,-0.9870553744905034,0.24343323227141758,-0.7693177038035366,-0.4424116035629445,0.4114932347284073
-1.1415966147302186,1.2229512119407457,-1.5210607442710904,0.09829881524742227,-4.371436754202321,1.299853097174238,-0.4424116035629445,-4.321638738631761
-1.1415966147302186,0.8971610228148611,-1.5210607442710904,-0.6443119461522111,-4.371436754202321,1.299853097174238,1.5777327049436507,-4.301411678916546
0.06516513445605905,-0.08020954456279278,-1.5210607442710904,-0.9299314697674548,0.0115302178757523,-0.7693177038035366,-0.4424116035629445,0.4114932347284073
1.2719268836423367,1.5487414010666303,-1.5210607442710904,-0.7014358508752598,0.45214594522751633,-0.7693177038035366,-0.4424116035629445,0.113144103928995
0.06516513445605905,-1.3833703010663312,-1.5210607442710904,-0.18732070836782133,-0.7305594281903766,-0.7693177038035366,-0.4424116035629445,0.07268998449856622
-1.1415966147302186,-0.40599973368867737,-1.5210607442710904,-0.13019680364477262,-4.371436754202321,1.299853097174238,3.597877013450246,-4.336809033418172
-1.1415966147302186,-0.40599973368867737,-1.5210607442710904,-0.5871880414291624,-4.371436754202321,1.299853097174238,5.6180213219568405,-4.336809033418172
0.06516513445605905,-0.731789922814562,-1.5210607442710904,-0.872807565044406,0.3361944380296837,-0.7693177038035366,-0.4424116035629445,0.2092226375762634
-1.1415966147302186,-0.08020954456279278,-1.5210607442710904,-0.7585597555983086,0.3361944380296837,1.299853097174238,1.5777327049436507,0.4114932347284073
-1.1415966147302186,0.8971610228148611,-1.5210607442710904,-0.24444461309087007,-4.325056151323189,1.299853097174238,-0.4424116035629445,-4.301411678916546
-1.1415966147302186,0.8971610228148611,-1.5210607442710904,-0.6443119461522111,-4.371436754202321,1.299853097174238,3.597877013450246,-4.301411678916546
-1.1415966147302186,0.8971610228148611,-1.5210607442710904,-0.18732070836782133,-3.861250122531858,1.299853097174238,-0.4424116035629445,-4.301411678916546
-1.1415966147302186,-0.731789922814562,-1.5210607442710904,-0.8156836603213573,0.6608586581836151,1.299853097174238,-0.4424116035629445,0.2092226375762634
-1.1415966147302186,-0.40599973368867737,-1.5210607442710904,-0.3015685178139188,-4.04677253404839,1.299853097174238,-0.4424116035629445,-4.336809033418172
-1.1415966147302186,-1.0575801119404467,-1.5210607442710904,-0.24444461309087007,-3.861250122531858,1.299853097174238,1.5777327049436507,-4.3418657983469755
0.06516513445605905,1.5487414010666303,-1.5210607442710904,-0.5871880414291624,0.15067202651315148,-0.7693177038035366,-0.4424116035629445,0.113144103928995
-1.1415966147302186,1.2229512119407457,-1.5210607442710904,-0.5871880414291624,-4.325056151323189,1.299853097174238,-0.4424116035629445,-4.321638738631761
-1.1415966147302186,-1.0575801119404467,-1.5210607442710904,-0.7585597555983086,-4.325056151323189,1.299853097174238,1.5777327049436507,-4.3418657983469755
-1.1415966147302186,-1.0575801119404467,-1.5210607442710904,-0.5871880414291624,-4.371436754202321,1.299853097174238,-0.4424116035629445,-4.3418657983469755
-1.1415966147302186,1.2229512119407457,-1.5210607442710904,0.6124139577548607,-4.04677253404839,1.299853097174238,-0.4424116035629445,-4.321638738631761
1.2719268836423367,-0.731789922814562,-1.5210607442710904,-0.8156836603213573,0.6608586581836151,-0.7693177038035366,-0.4424116035629445,0.2092226375762634
-1.1415966147302186,0.8971610228148611,-1.5210607442710904,-0.7585597555983086,-4.04677253404839,1.299853097174238,1.5777327049436507,-4.301411678916546
-1.1415966147302186,1.2229512119407457,-1.5210607442710904,-0.872807565044406,-4.04677253404839,1.299853097174238,3.597877013450246,-4.321638738631761
-1.1415966147302186,0.24558064456309184,-1.5210607442710904,-0.8156836603213573,-3.861250122531858,1.299853097174238,-0.4424116035629445,-4.331752268489368
0.06516513445605905,-0.08020954456279278,-1.5210607442710904,-0.6443119461522111,0.45214594522751633,-0.7693177038035366,-0.4424116035629445,0.4114932347284073
0.06516513445605905,-0.08020954456279278,-1.5210607442710904,-0.9299314697674548,-0.19718249508034646,-0.7693177038035366,-0.4424116035629445,0.4114932347284073
-1.1415966147302186,1.5487414010666303,-1.5210607442710904,-0.9299314697674548,0.3825750409088168,1.299853097174238,-0.4424116035629445,0.113144103928995
-1.1415966147302186,0.8971610228148611,-1.5210607442710904,-0.7014358508752598,-4.371436754202321,1.299853097174238,1.5777327049436507,-4.301411678916546
-1.1415966147302186,1.2229512119407457,-1.5210607442710904,-0.7585597555983086,-4.371436754202321,1.299853097174238,3.597877013450246,-4.321638738631761
-1.1415966147302186,0.8971610228148611,-1.5210607442710904,-0.8156836603213573,-4.04677253404839,1.299853097174238,5.6180213219568405,-4.301411678916546
-1.1415966147302186,-0.40599973368867737,-1.5210607442710904,-0.872807565044406,-4.371436754202321,1.299853097174238,3.597877013450246,-4.336809033418172
-1.1415966147302186,-0.40599973368867737,-1.5210607442710904,-0.8156836603213573,-3.861250122531858,1.299853097174238,1.5777327049436507,-4.336809033418172
-1.1415966147302186,-1.0575801119404467,-1.5210607442710904,-0.7585597555983086,-4.325056151323189,1.299853097174238,-0.4424116035629445,-4.3418657983469755
-1.1415966147302186,0.24558064456309184,-1.5210607442710904,-0.5300641367061136,-3.861250122531858,1.299853097174238,3.597877013450246,-4.331752268489368
1.2719268836423367,0.5713708336889765,-1.5210607442710904,0.09829881524742227,0.15067202651315148,-0.7693177038035366,-0.4424116035629445,0.31541470108113895
-1.1415966147302186,0.24558064456309184,-1.5210607442710904,-0.5300641367061136,-3.861250122531858,1.299853097174238,3.597877013450246,-4.331752268489368
-1.1415966147302186,0.8971610228148611,-1.5210607442710904,-0.5871880414291624,-4.371436754202321,1.299853097174238,5.6180213219568405,-4.301411678916546
1.2719268836423367,1.5487414010666303,-1.5210607442710904,-0.872807565044406,0.0115302178757523,-0.7693177038035366,-0.4424116035629445,0.113144103928995
1.2719268836423367,0.5713708336889765,-1.5210607442710904,-0.18732070836782133,0.3593847394692502,-0.7693177038035366,-0.4424116035629445,0.31541470108113895
1.2719268836423367,1.5487414010666303,-1.5210607442710904,-0.5871880414291624,0.15067202651315148,-0.7693177038035366,1.5777327049436507,0.113144103928995
-1.1415966147302186,1.2229512119407457,-1.5210607442710904,-0.8156836603213573,-4.325056151323189,1.299853097174238,-0.4424116035629445,-4.321638738631761
-1.1415966147302186,0.24558064456309184,-1.5210607442710904,-0.01594899419867517,-3.861250122531858,1.299853097174238,1.5777327049436507,-4.331752268489368
-1.1415966147302186,-0.08020954456279278,-1.5210607442710904,-0.4158163272600162,0.45214594522751633,1.299853097174238,-0.4424116035629445,0.4114932347284073
-1.1415966147302186,0.8971610228148611,-1.5210607442710904,-0.5300641367061136,-4.04677253404839,1.299853097174238,-0.4424116035629445,-4.301411678916546
-1.1415966147302186,-1.0575801119404467,-1.5210607442710904,-0.7585597555983086,-4.371436754202321,1.299853097174238,-0.4424116035629445,-4.3418657983469755
-1.1415966147302186,1.2229512119407457,-1.5210607442710904,-0.6443119461522111,-4.325056151323189,1.299853097174238,1.5777327049436507,-4.321638738631761
1.2719268836423367,-0.731789922814562,-1.5210607442710904,0.6695378624779095,0.6608586581836151,-0.7693177038035366,-0.4424116035629445,0.2092226375762634
-1.1415966147302186,0.8971610228148611,-1.5210607442710904,-0.07307289892172389,-4.371436754202321,1.299853097174238,1.5777327049436507,-4.301411678916546
-1.1415966147302186,1.2229512119407457,-1.5210607442710904,-0.13019680364477262,-4.04677253404839,1.299853097174238,-0.4424116035629445,-4.321638738631761
-1.1415966147302186,1.2229512119407457,-1.5210607442710904,-0.5871880414291624,-4.04677253404839,1.299853097174238,1.5777327049436507,-4.321638738631761
1.2719268836423367,-0.08020954456279278,-1.5210607442710904,-0.4158163272600162,0.45214594522751633,-0.7693177038035366,-0.4424116035629445,0.4114932347284073
-1.1415966147302186,-0.40599973368867737,-1.5210607442710904,-0.9870553744905034,-4.325056151323189,1.299853097174238,-0.4424116035629445,-4.336809033418172
-1.1415966147302186,-1.3833703010663312,-1.5210607442710904,-0.6443119461522111,-0.7305594281903766,1.299853097174238,-0.4424116035629445,0.07268998449856622
-1.1415966147302186,0.24558064456309184,-1.5210607442710904,-0.9299314697674548,-4.325056151323189,1.299853097174238,1.5777327049436507,-4.331752268489368
-1.1415966147302186,-0.40599973368867737,-1.5210607442710904,-0.3586924225369675,-4.325056151323189,1.299853097174238,3.597877013450246,-4.336809033418172
0.06516513445605905,0.5713708336889765,-1.5210607442710904,-0.7585597555983086,-0.19718249508034646,-0.7693177038035366,-0.4424116035629445,0.31541470108113895
-1.1415966147302186,0.8971610228148611,-1.5210607442710904,-0.01594899419867517,-4.04677253404839,1.299853097174238,3.597877013450246,-4.301411678916546
0.06516513445605905,-0.731789922814562,-1.5210607442710904,-0.24444461309087007,0.26662353371098413,-0.7693177038035366,-0.4424116035629445,0.2092226375762634
-1.1415966147302186,-1.0575801119404467,-1.5210607442710904,0.09829881524742227,-4.371436754202321,1.299853097174238,-0.4424116035629445,-4.3418657983469755
1.2719268836423367,0.5713708336889765,-1.5210607442710904,-0.4158163272600162,0.45214594522751633,-0.7693177038035366,-0.4424116035629445,0.31541470108113895
1.2719268836423367,-0.731789922814562,-1.5210607442710904,-0.8156836603213573,-0.17399219364077992,-0.7693177038035366,-0.4424116035629445,0.2092226375762634
1.2719268836423367,-0.731789922814562,-1.5210607442710904,0.4981661483087633,0.05791082075488536,-0.7693177038035366,-0.4424116035629445,0.2092226375762634
-1.1415966147302186,-1.0575801119404467,-1.5210607442710904,0.6124139577548607,-4.04677253404839,1.299853097174238,-0.4424116035629445,-4.3418657983469755
-1.1415966147302186,-1.0575801119404467,-1.5210607442710904,-0.7585597555983086,-4.325056151323189,1.299853097174238,1.5777327049436507,-4.3418657983469755
-1.1415966147302186,1.5487414010666303,-1.5210607442710904,-0.9870553744905034,-0.17399219364077992,1.299853097174238,-0.4424116035629445,0.113144103928995
-1.1415966147302186,-1.3833703010663312,-1.5210607442710904,-0.9299314697674548,0.05791082075488536,1.299853097174238,1.5777327049436507,0.07268998449856622
-1.1415966147302186,-0.40599973368867737,-1.5210607442710904,-0.4158163272600162,-4.371436754202321,1.299853097174238,-0.4424116035629445,-4.336809033418172
-1.1415966147302186,-1.0575801119404467,-1.5210607442710904,-0.9870553744905034,-4.04677253404839,1.299853097174238,1.5777327049436507,-4.3418657983469755
1.2719268836423367,0.5713708336889765,-1.5210607442710904,1.183653004985348,0.3825750409088168,-0.7693177038035366,-0.4424116035629445,0.31541470108113895
0.06516513445605905,-0.731789922814562,-1.5210607442710904,-0.9299314697674548,0.05791082075488536,-0.7693177038035366,1.5777327049436507,0.2092226375762634
0.06516513445605905,-0.731789922814562,-1.5210607442710904,-0.9870553744905034,0.3825750409088168,-0.7693177038035366,1.5777327049436507,0.2092226375762634
-1.1415966147302186,-0.40599973368867737,-1.5210607442710904,-0.8156836603213573,-4.371436754202321,1.299853097174238,1.5777327049436507,-4.336809033418172
1.2719268836423367,-0.731789922814562,-1.5210607442710904,-0.8156836603213573,-0.7305594281903766,-0.7693177038035366,-0.4424116035629445,0.2092226375762634
0.06516513445605905,-0.731789922814562,-1.5210607442710904,-0.7585597555983086,0.3361944380296837,-0.7693177038035366,-0.4424116035629445,0.2092226375762634
-1.1415966147302186,-0.40599973368867737,-1.5210607442710904,0.3267944341396172,-4.04677253404839,1.299853097174238,-0.4424116035629445,-4.336809033418172
1.2719268836423367,1.5487414010666303,-1.5210607442710904,0.041174910524373554,0.6608586581836151,-0.7693177038035366,-0.4424116035629445,0.113144103928995
-1.1415966147302186,-0.40599973368867737,-1.5210607442710904,-0.872807565044406,-3.861250122531858,1.299853097174238,-0.4424116035629445,-4.336809033418172
1.2719268836423367,1.5487414010666303,-1.5210607442710904,-0.9299314697674548,0.15067202651315148,-0.7693177038035366,-0.4424116035629445,0.113144103928995
1.2719268836423367,0.5713708336889765,-1.5210607442710904,-0.13019680364477262,0.24343323227141758,-0.7693177038035366,-0.4424116035629445,0.31541470108113895
-1.1415966147302186,-1.3833703010663312,-1.5210607442710904,1.0694051955392505,-0.19718249508034646,1.299853097174238,-0.4424116035629445,0.07268998449856622
-1.1415966147302186,0.8971610228148611,-1.5210607442710904,-0.8156836603213573,-4.325056151323189,1.299853097174238,-0.4424116035629445,-4.301411678916546
-1.1415966147302186,0.5713708336889765,-1.5210607442710904,-0.07307289892172389,0.173862327952718,1.299853097174238,-0.4424116035629445,0.31541470108113895
1.2719268836423367,-0.08020954456279278,-1.5210607442710904,-0.3586924225369675,0.0115302178757523,-0.7693177038035366,-0.4424116035629445,0.4114932347284073
-1.1415966147302186,-1.0575801119404467,-1.5210607442710904,-0.3586924225369675,-4.04677253404839,1.299853097174238,-0.4424116035629445,-4.3418657983469755
1.2719268836423367,-0.08020954456279278,-1.5210607442710904,-0.13019680364477262,0.173862327952718,-0.7693177038035366,1.5777327049436507,0.4114932347284073
1.2719268836423367,-1.3833703010663312,-1.5210607442710904,-0.9299314697674548,-0.19718249508034646,-0.7693177038035366,1.5777327049436507,0.07268998449856622
-1.1415966147302186,1.2229512119407457,-1.5210607442710904,-0.6443119461522111,-3.861250122531858,1.299853097174238,-0.4424116035629445,-4.321638738631761
-1.1415966147302186,-1.0575801119404467,-1.5210607442710904,-0.6443119461522111,-3.861250122531858,1.299853097174238,1.5777327049436507,-4.3418657983469755
-1.1415966147302186,0.8971610228148611,-1.5210607442710904,-0.7014358508752598,-3.861250122531858,1.299853097174238,3.597877013450246,-4.301411678916546
-1.1415966147302186,1.2229512119407457,-1.5210607442710904,-0.5871880414291624,-4.04677253404839,1.299853097174238,1.5777327049436507,-4.321638738631761
-1.1415966147302186,1.2229512119407457,-1.5210607442710904,-0.872807565044406,-4.04677253404839,1.299853097174238,3.597877013450246,-4.321638738631761
-1.1415966147302186,-0.40599973368867737,-1.5210607442710904,-0.8156836603213573,-4.371436754202321,1.299853097174238,-0.4424116035629445,-4.336809033418172
0.06516513445605905,-0.731789922814562,-1.5210607442710904,0.4410422435857146,0.0115302178757523,-0.7693177038035366,-0.4424116035629445,0.2092226375762634
-1.1415966147302186,-0.40599973368867737,-1.5210607442710904,-0.7014358508752598,-4.325056151323189,1.299853097174238,-0.4424116035629445,-4.336809033418172
-1.1415966147302186,1.2229512119407457,-1.5210607442710904,-0.6443119461522111,-4.04677253404839,1.299853097174238,3.597877013450246,-4.321638738631761
0.06516513445605905,0.5713708336889765,-1.5210607442710904,-0.24444461309087007,0.3593847394692502,-0.7693177038035366,-0.4424116035629445,0.31541470108113895
-1.1415966147302186,0.24558064456309184,-1.5210607442710904,-0.3015685178139188,-4.325056151323189,1.299853097174238,1.5777327049436507,-4.331752268489368
-1.1415966147302186,-0.08020954456279278,-1.5210607442710904,-0.7014358508752598,0.15067202651315148,1.299853097174238,-0.4424116035629445,0.4114932347284073
-1.1415966147302186,1.2229512119407457,-1.5210607442710904,-0.47294023198306495,-3.861250122531858,1.299853097174238,-0.4424116035629445,-4.321638738631761
-1.1415966147302186,-1.0575801119404467,-1.5210607442710904,-0.6443119461522111,-4.04677253404839,1.299853097174238,1.5777327049436507,-4.3418657983469755
-1.1415966147302186,0.5713708336889765,-1.5210607442710904,-0.7014358508752598,0.15067202651315148,1.299853097174238,1.5777327049436507,0.31541470108113895
1.2719268836423367,0.5713708336889765,-1.5210607442710904,0.3267944341396172,0.26662353371098413,-0.7693177038035366,-0.4424116035629445,0.31541470108113895
0.06516513445605905,-0.731789922814562,-1.5210607442710904,0.7837856719240069,0.15067202651315148,-0.7693177038035366,1.5777327049436507,0.2092226375762634
-1.1415966147302186,0.8971610228148611,-1.5210607442710904,-0.7014358508752598,-4.371436754202321,1.299853097174238,-0.4424116035629445,-4.301411678916546
1.2719268836423367,0.5713708336889765,-1.5210607442710904,-0.7585597555983086,-0.12761159076164688,-0.7693177038035366,-0.4424116035629445,0.31541470108113895
-1.1415966147302186,-1.3833703010663312,-1.5210607442710904,-0.3015685178139188,0.3593847394692502,1.299853097174238,-0.4424116035629445,0.07268998449856622
-1.1415966147302186,0.24558064456309184,-1.5210607442710904,0.155422719970471,-4.371436754202321,1.299853097174238,1.5777327049436507,-4.331752268489368
-1.1415966147302186,0.8971610228148611,-1.5210607442710904,-0.9299314697674548,-4.371436754202321,1.299853097174238,3.597877013450246,-4.301411678916546
-1.1415966147302186,0.8971610228148611,-1.5210607442710904,-0.9299314697674548,-3.861250122531858,1.299853097174238,-0.4424116035629445,-4.301411678916546
-1.1415966147302186,0.24558064456309184,-1.5210607442710904,-0.8156836603213573,-4.04677253404839,1.299853097174238,-0.4424116035629445,-4.331752268489368
-1.1415966147302186,0.8971610228148611,-1.5210607442710904,-0.8156836603213573,-4.325056151323189,1.299853097174238,-0.4424116035629445,-4.301411678916546
-1.1415966147302186,1.2229512119407457,-1.5210607442710904,-0.8156836603213573,-4.371436754202321,1.299853097174238,5.6180213219568405,-4.321638738631761
0.06516513445605905,1.5487414010666303,-1.5210607442710904,-0.7014358508752598,0.3593847394692502,-0.7693177038035366,1.5777327049436507,0.113144103928995
-1.1415966147302186,0.24558064456309184,-1.5210607442710904,-0.5871880414291624,-4.371436754202321,1.299853097174238,7.638165630463436,-4.331752268489368
1.2719268836423367,-0.731789922814562,-1.5210607442710904,-0.5871880414291624,0.3593847394692502,-0.7693177038035366,-0.4424116035629445,0.2092226375762634
-1.1415966147302186,-0.40599973368867737,-1.5210607442710904,-0.6443119461522111,-4.04677253404839,1.299853097174238,1.5777327049436507,-4.336809033418172
1.2719268836423367,0.5713708336889765,-1.5210607442710904,-0.3015685178139188,-0.7305594281903766,-0.7693177038035366,-0.4424116035629445,0.31541470108113895
-1.1415966147302186,0.24558064456309184,-1.5210607442710904,-0.47294023198306495,-4.325056151323189,1.299853097174238,1.5777327049436507,-4.331752268489368
0.06516513445605905,0.5713708336889765,-1.5210607442710904,-0.9299314697674548,0.7072392610627481,-0.7693177038035366,-0.4424116035629445,0.31541470108113895
-1.1415966147302186,-1.3833703010663312,-1.5210607442710904,0.155422719970471,0.15067202651315148,1.299853097174238,-0.4424116035629445,0.07268998449856622
-1.1415966147302186,-1.0575801119404467,-1.5210607442710904,-0.5871880414291624,-4.04677253404839,1.299853097174238,1.5777327049436507,-4.3418657983469755
-1.1415966147302186,0.8971610228148611,-1.5210607442710904,-0.9299314697674548,-4.325056151323189,1.299853097174238,1.5777327049436507,-4.301411678916546
-1.1415966147302186,-0.08020954456279278,-1.5210607442710904,0.2125466246935197,0.15067202651315148,1.299853097174238,-0.4424116035629445,0.4114932347284073
-1.1415966147302186,1.2229512119407457,-1.5210607442710904,-0.6443119461522111,-4.04677253404839,1.299853097174238,1.5777327049436507,-4.321638738631761
1.2719268836423367,-0.08020954456279278,-1.5210607442710904,-0.13019680364477262,0.173862327952718,-0.7693177038035366,-0.4424116035629445,0.4114932347284073
0.06516513445605905,-0.08020954456279278,-1.5210607442710904,-0.9299314697674548,0.05791082075488536,-0.7693177038035366,-0.4424116035629445,0.4114932347284073
-1.1415966147302186,-1.0575801119404467,-1.5210607442710904,-0.9299314697674548,-3.861250122531858,1.299853097174238,-0.4424116035629445,-4.3418657983469755
1.2719268836423367,0.5713708336889765,-1.5210607442710904,-0.7014358508752598,0.173862327952718,-0.7693177038035366,1.5777327049436507,0.31541470108113895
0.06516513445605905,1.5487414010666303,-1.5210607442710904,0.041174910524373554,0.3361944380296837,-0.7693177038035366,-0.4424116035629445,0.113144103928995
1.2719268836423367,-0.731789922814562,-1.5210607442710904,0.7266617672009582,0.6608586581836151,-0.7693177038035366,-0.4424116035629445,0.2092226375762634
-1.1415966147302186,-1.0575801119404467,-1.5210607442710904,-0.7585597555983086,-4.04677253404839,1.299853097174238,-0.4424116035629445,-4.3418657983469755
-1.1415966147302186,0.24558064456309184,-1.5210607442710904,0.7266617672009582,-3.861250122531858,1.299853097174238,-0.4424116035629445,-4.331752268489368
0.06516513445605905,-0.731789922814562,-1.5210607442710904,-0.13019680364477262,-0.12761159076164688,-0.7693177038035366,-0.4424116035629445,0.2092226375762634
-1.1415966147302186,-1.0575801119404467,-1.5210607442710904,-0.8156836603213573,-4.04677253404839,1.299853097174238,1.5777327049436507,-4.3418657983469755
0.06516513445605905,0.5713708336889765,-1.5210607442710904,-0.47294023198306495,-0.19718249508034646,-0.7693177038035366,-0.4424116035629445,0.31541470108113895
1.2719268836423367,-1.3833703010663312,-1.5210607442710904,-0.7585597555983086,0.173862327952718,-0.7693177038035366,-0.4424116035629445,0.07268998449856622
1.2719268836423367,0.5713708336889765,-1.5210607442710904,0.7837856719240069,-0.19718249508034646,-0.7693177038035366,1.5777327049436507,0.31541470108113895
0.06516513445605905,-0.731789922814562,-1.5210607442710904,-0.7014358508752598,0.45214594522751633,-0.7693177038035366,-0.4424116035629445,0.2092226375762634
-1.1415966147302186,0.8971610228148611,-1.5210607442710904,-0.8156836603213573,-4.04677253404839,1.299853097174238,1.5777327049436507,-4.301411678916546
0.06516513445605905,-0.08020954456279278,-1.5210607442710904,-0.6443119461522111,0.3593847394692502,-0.7693177038035366,-0.4424116035629445,0.4114932347284073
-1.1415966147302186,-0.40599973368867737,-1.5210607442710904,-0.18732070836782133,-3.861250122531858,1.299853097174238,-0.4424116035629445,-4.336809033418172
-1.1415966147302186,0.8971610228148611,-1.5210607442710904,-0.8156836603213573,-4.325056151323189,1.299853097174238,-0.4424116035629445,-4.301411678916546
0.06516513445605905,1.5487414010666303,-1.5210607442710904,-0.8156836603213573,0.3593847394692502,-0.7693177038035366,-0.4424116035629445,0.113144103928995
-1.1415966147302186,1.5487414010666303,-1.5210607442710904,0.9551573860931531,0.6608586581836151,1.299853097174238,-0.4424116035629445,0.113144103928995
1.2719268836423367,-0.08020954456279278,-1.5210607442710904,-0.4158163272600162,0.3593847394692502,-0.7693177038035366,-0.4424116035629445,0.4114932347284073
0.06516513445605905,-1.3833703010663312,-1.5210607442710904,-0.6443119461522111,0.7072392610627481,-0.7693177038035366,-0.4424116035629445,0.07268998449856622
-1.1415966147302186,0.24558064456309184,-1.5210607442710904,-0.5871880414291624,-3.861250122531858,1.299853097174238,-0.4424116035629445,-4.331752268489368
-1.1415966147302186,-0.40599973368867737,-1.5210607442710904,-0.7014358508752598,-4.04677253404839,1.299853097174238,-0.4424116035629445,-4.336809033418172
0.06516513445605905,-0.08020954456279278,-1.5210607442710904,-0.4158163272600162,0.3593847394692502,-0.7693177038035366,-0.4424116035629445,0.4114932347284073
-1.1415966147302186,-1.0575801119404467,-1.5210607442710904,-0.8156836603213573,-3.861250122531858,1.299853097174238,1.5777327049436507,-4.3418657983469755
-1.1415966147302186,-0.40599973368867737,-1.5210607442710904,-0.9299314697674548,-4.325056151323189,1.299853097174238,-0.4424116035629445,-4.336809033418172
-1.1415966147302186,0.24558064456309184,-1.5210607442710904,-0.5871880414291624,-3.861250122531858,1.299853097174238,3.597877013450246,-4.331752268489368
0.06516513445605905,-0.731789922814562,-1.5210607442710904,-0.7585597555983086,-0.12761159076164688,-0.7693177038035366,-0.4424116035629445,0.2092226375762634
-1.1415966147302186,-1.3833703010663312,-1.5210607442710904,-0.7014358508752598,-0.17399219364077992,1.299853097174238,-0.4424116035629445,0.07268998449856622
-1.1415966147302186,0.24558064456309184,-1.5210607442710904,-0.7585597555983086,-4.04677253404839,1.299853097174238,1.5777327049436507,-4.331752268489368
-1.1415966147302186,1.2229512119407457,-1.5210607442710904,-0.3586924225369675,-4.325056151323189,1.299853097174238,1.5777327049436507,-4.321638738631761
1.2719268836423367,-0.08020954456279278,-1.5210607442710904,0.2125466246935197,0.3593847394692502,-0.7693177038035366,-0.4424116035629445,0.4114932347284073
1.2719268836423367,-1.3833703010663312,-1.5210607442710904,-0.18732070836782133,0.6608586581836151,-0.7693177038035366,-0.4424116035629445,0.07268998449856622
-1.1415966147302186,-0.40599973368867737,-1.5210607442710904,-0.47294023198306495,-4.325056151323189,1.299853097174238,1.5777327049436507,-4.336809033418172
-1.1415966147302186,0.24558064456309184,-1.5210607442710904,-0.7014358508752598,-4.325056151323189,1.299853097174238,3.597877013450246,-4.331752268489368
-1.1415966147302186,0.8971610228148611,-1.5210607442710904,-0.872807565044406,-3.861250122531858,1.299853097174238,-0.4424116035629445,-4.301411678916546
-1.1415966147302186,0.8971610228148611,-1.5210607442710904,0.4981661483087633,-4.325056151323189,1.299853097174238,3.597877013450246,-4.301411678916546
1.2719268836423367,-0.731789922814562,-1.5210607442710904,0.041174910524373554,0.3593847394692502,-0.7693177038035366,-0.4424116035629445,0.2092226375762634
-1.1415966147302186,-1.3833703010663312,-1.5210607442710904,-0.6443119461522111,0.7072392610627481,1.299853097174238,-0.4424116035629445,0.07268998449856622
-1.1415966147302186,1.2229512119407457,-1.5210607442710904,-0.872807565044406,-4.325056151323189,1.299853097174238,5.6180213219568405,-4.321638738631761
-1.1415966147302186,1.2229512119407457,-1.5210607442710904,-0.872807565044406,-4.371436754202321,1.299853097174238,-0.4424116035629445,-4.321638738631761
-1.1415966147302186,0.24558064456309184,-1.5210607442710904,-0.9870553744905034,-3.861250122531858,1.299853097174238,1.5777327049436507,-4.331752268489368
-1.1415966147302186,0.24558064456309184,-1.5210607442710904,-0.7014358508752598,-3.861250122531858,1.299853097174238,3.597877013450246,-4.331752268489368
0.06516513445605905,1.5487414010666303,-1.5210607442710904,-0.5871880414291624,0.7072392610627481,-0.7693177038035366,-0.4424116035629445,0.113144103928995
0.06516513445605905,-0.731789922814562,-1.5210607442710904,-0.9870553744905034,-0.19718249508034646,-0.7693177038035366,1.5777327049436507,0.2092226375762634
-1.1415966147302186,0.8971610228148611,-1.5210607442710904,-0.01594899419867517,-3.861250122531858,1.299853097174238,3.597877013450246,-4.301411678916546
-1.1415966147302186,-0.08020954456279278,-1.5210607442710904,-0.5300641367061136,0.7072392610627481,1.299853097174238,3.597877013450246,0.4114932347284073
-1.1415966147302186,-0.40599973368867737,-1.5210607442710904,-0.7585597555983086,-4.325056151323189,1.299853097174238,1.5777327049436507,-4.336809033418172
1.2719268836423367,-0.08020954456279278,-1.5210607442710904,-0.7014358508752598,0.24343323227141758,-0.7693177038035366,-0.4424116035629445,0.4114932347284073
-1.1415966147302186,-1.0575801119404467,-1.5210607442710904,-0.9870553744905034,-4.371436754202321,1.299853097174238,1.5777327049436507,-4.3418657983469755
1.2719268836423367,-1.3833703010663312,-1.5210607442710904,-0.24444461309087007,0.7072392610627481,-0.7693177038035366,3.597877013450246,0.07268998449856622
-1.1415966147302186,0.5713708336889765,-1.5210607442710904,-0.7014358508752598,0.45214594522751633,1.299853097174238,-0.4424116035629445,0.31541470108113895
-1.1415966147302186,1.2229512119407457,-1.5210607442710904,-0.9299314697674548,-4.04677253404839,1.299853097174238,-0.4424116035629445,-4.321638738631761
1.2719268836423367,-0.731789922814562,-1.5210607442710904,-0.5300641367061136,0.3361944380296837,-0.7693177038035366,-0.4424116035629445,0.2092226375762634
1.2719268836423367,-1.3833703010663312,-1.5210607442710904,-0.9870553744905034,0.3593847394692502,-0.7693177038035366,-0.4424116035629445,0.07268998449856622
-1.1415966147302186,-0.40599973368867737,-1.5210607442710904,-0.9299314697674548,-4.04677253404839,1.299853097174238,1.5777327049436507,-4.336809033418172
0.06516513445605905,-0.08020954456279278,-1.5210607442710904,-0.7014358508752598,0.6608586581836151,-0.7693177038035366,-0.4424116035629445,0.4114932347284073
-1.1415966147302186,-0.40599973368867737,-1.5210607442710904,-0.5871880414291624,-3.861250122531858,1.299853097174238,1.5777327049436507,-4.336809033418172
-1.1415966147302186,-1.0575801119404467,-1.5210607442710904,-0.6443119461522111,-4.371436754202321,1.299853097174238,1.5777327049436507,-4.3418657983469755
1.2719268836423367,-0.08020954456279278,-1.5210607442710904,-0.01594899419867517,0.3593847394692502,-0.7693177038035366,1.5777327049436507,0.4114932347284073
0.06516513445605905,-0.08020954456279278,-1.5210607442710904,-0.9870553744905034,0.45214594522751633,-0.7693177038035366,-0.4424116035629445,0.4114932347284073
-1.1415966147302186,-1.3833703010663312,-1.5210607442710904,-0.8156836603213573,0.26662353371098413,1.299853097174238,-0.4424116035629445,0.07268998449856622
-1.1415966147302186,-1.3833703010663312,-1.5210607442710904,-0.9870553744905034,-0.12761159076164688,1.299853097174238,-0.4424116035629445,0.07268998449856622
1.2719268836423367,1.5487414010666303,-1.5210607442710904,-0.5871880414291624,-0.17399219364077992,-0.7693177038035366,-0.4424116035629445,0.113144103928995
-1.1415966147302186,-1.0575801119404467,-1.5210607442710904,-0.872807565044406,-3.861250122531858,1.299853097174238,1.5777327049436507,-4.3418657983469755
-1.1415966147302186,1.2229512119407457,-1.5210607442710904,-0.8156836603213573,-4.04677253404839,1.299853097174238,3.597877013450246,-4.321638738631761
-1.1415966147302186,0.24558064456309184,-1.5210607442710904,0.09829881524742227,-4.04677253404839,1.299853097174238,1.5777327049436507,-4.331752268489368
-1.1415966147302186,-0.40599973368867737,-1.5210607442710904,-0.7585597555983086,-3.861250122531858,1.299853097174238,1.5777327049436507,-4.336809033418172
-1.1415966147302186,1.2229512119407457,-1.5210607442710904,-0.8156836603213573,-4.325056151323189,1.299853097174238,-0.4424116035629445,-4.321638738631761
-1.1415966147302186,1.5487414010666303,-1.5210607442710904,-0.872807565044406,0.6608586581836151,1.299853097174238,-0.4424116035629445,0.113144103928995
-1.1415966147302186,-0.40599973368867737,-1.5210607442710904,-0.872807565044406,-4.325056151323189,1.299853097174238,1.5777327049436507,-4.336809033418172
-1.1415966147302186,1.2229512119407457,-1.5210607442710904,-0.5871880414291624,-3.861250122531858,1.299853097174238,3.597877013450246,-4.321638738631761
-1.1415966147302186,0.24558064456309184,-1.5210607442710904,-0.13019680364477262,-4.325056151323189,1.299853097174238,3.597877013450246,-4.331752268489368
-1.1415966147302186,0.24558064456309184,-1.5210607442710904,-0.5871880414291624,-4.04677253404839,1.299853097174238,3.597877013450246,-4.331752268489368
-1.1415966147302186,1.5487414010666303,-1.5210607442710904,-0.3015685178139188,-0.7305594281903766,1.299853097174238,-0.4424116035629445,0.113144103928995
-1.1415966147302186,-0.08020954456279278,-1.5210607442710904,-0.01594899419867517,0.6608586581836151,1.299853097174238,-0.4424116035629445,0.4114932347284073
-1.1415966147302186,0.8971610228148611,-1.5210607442710904,0.155422719970471,-4.04677253404839,1.299853097174238,1.5777327049436507,-4.301411678916546
-1.1415966147302186,1.2229512119407457,-1.5210607442710904,-0.3586924225369675,-4.371436754202321,1.299853097174238,-0.4424116035629445,-4.321638738631761
-1.1415966147302186,-1.3833703010663312,-1.5210607442710904,-0.3586924225369675,0.3361944380296837,1.299853097174238,-0.4424116035629445,0.07268998449856622
0.06516513445605905,-1.3833703010663312,-1.5210607442710904,-0.5871880414291624,0.7072392610627481,-0.7693177038035366,-0.4424116035629445,0.07268998449856622
-1.1415966147302186,0.8971610228148611,-1.5210607442710904,-0.18732070836782133,-3.861250122531858,1.299853097174238,-0.4424116035629445,-4.301411678916546
0.06516513445605905,-1.3833703010663312,-1.5210607442710904,-0.7585597555983086,-0.19718249508034646,-0.7693177038035366,-0.4424116035629445,0.07268998449856622
1.2719268836423367,1.5487414010666303,-1.5210607442710904,0.155422719970471,0.6608586581836151,-0.7693177038035366,-0.4424116035629445,0.113144103928995
-1.1415966147302186,-0.40599973368867737,-1.5210607442710904,-0.7585597555983086,-3.861250122531858,1.299853097174238,1.5777327049436507,-4.336809033418172
-1.1415966147302186,-0.40599973368867737,-1.5210607442710904,-0.872807565044406,-4.325056151323189,1.299853097174238,-0.4424116035629445,-4.336809033418172
0.06516513445605905,1.5487414010666303,-1.5210607442710904,-0.7014358508752598,0.7072392610627481,-0.7693177038035366,1.5777327049436507,0.113144103928995
1.2719268836423367,-0.731789922814562,-1.5210607442710904,-0.4158163272600162,0.0115302178757523,-0.7693177038035366,-0.4424116035629445,0.2092226375762634
-1.1415966147302186,-0.731789922814562,-1.5210607442710904,-0.7585597555983086,0.6608586581836151,1.299853097174238,1.5777327049436507,0.2092226375762634
0.06516513445605905,-0.731789922814562,-1.5210607442710904,0.555290053031812,0.24343323227141758,-0.7693177038035366,-0.4424116035629445,0.2092226375762634
-1.1415966147302186,1.5487414010666303,-1.5210607442710904,-0.8156836603213573,0.3593847394692502,1.299853097174238,-0.4424116035629445,0.113144103928995
-1.1415966147302186,0.5713708336889765,-1.5210607442710904,-0.8156836603213573,0.45214594522751633,1.299853097174238,-0.4424116035629445,0.31541470108113895
0.06516513445605905,-0.731789922814562,-1.5210607442710904,-0.3015685178139188,0.15067202651315148,-0.7693177038035366,-0.4424116035629445,0.2092226375762634
0.06516513445605905,0.5713708336889765,-1.5210607442710904,-0.7014358508752598,0.15067202651315148,-0.7693177038035366,1.5777327049436507,0.31541470108113895
-1.1415966147302186,0.24558064456309184,-1.5210607442710904,-0.7014358508752598,-4.04677253404839,1.299853097174238,-0.4424116035629445,-4.331752268489368
1.2719268836423367,1.5487414010666303,-1.5210607442710904,0.2125466246935197,0.6608586581836151,-0.7693177038035366,-0.4424116035629445,0.113144103928995
-1.1415966147302186,0.8971610228148611,-1.5210607442710904,-0.872807565044406,-3.861250122531858,1.299853097174238,-0.4424116035629445,-4.301411678916546
-1.1415966147302186,0.24558064456309184,-1.5210607442710904,-0.18732070836782133,-4.371436754202321,1.299853097174238,-0.4424116035629445,-4.331752268489368
-1.1415966147302186,0.24558064456309184,-1.5210607442710904,-0.4158163272600162,-4.371436754202321,1.299853097174238,1.5777327049436507,-4.331752268489368
-1.1415966147302186,-0.40599973368867737,-1.5210607442710904,-0.8156836603213573,-4.04677253404839,1.299853097174238,1.5777327049436507,-4.336809033418172
-1.1415966147302186,-0.40599973368867737,-1.5210607442710904,-0.07307289892172389,-4.04677253404839,1.299853097174238,1.5777327049436507,-4.336809033418172
-1.1415966147302186,-1.0575801119404467,-1.5210607442710904,-0.872807565044406,-4.325056151323189,1.299853097174238,-0.4424116035629445,-4.3418657983469755
1.2719268836423367,1.5487414010666303,-1.5210607442710904,-0.8156836603213573,-0.17399219364077992,-0.7693177038035366,-0.4424116035629445,0.113144103928995
-1.1415966147302186,0.8971610228148611,-1.5210607442710904,-0.7014358508752598,-4.371436754202321,1.299853097174238,3.597877013450246,-4.301411678916546
1.2719268836423367,1.5487414010666303,-1.5210607442710904,-0.872807565044406,0.3361944380296837,-0.7693177038035366,-0.4424116035629445,0.113144103928995
0.06516513445605905,-1.3833703010663312,-1.5210607442710904,-0.47294023198306495,-0.7305594281903766,-0.7693177038035366,-0.4424116035629445,0.07268998449856622
1.2719268836423367,1.5487414010666303,-1.5210607442710904,-0.07307289892172389,-0.7305594281903766,-0.7693177038035366,1.5777327049436507,0.113144103928995
0.06516513445605905,1.5487414010666303,-1.5210607442710904,0.09829881524742227,0.6608586581836151,-0.7693177038035366,-0.4424116035629445,0.113144103928995
-1.1415966147302186,1.2229512119407457,-1.5210607442710904,-0.872807565044406,-3.861250122531858,1.299853097174238,-0.4424116035629445,-4.321638738631761
-1.1415966147302186,-0.40599973368867737,-1.5210607442710904,-0.7014358508752598,-4.371436754202321,1.299853097174238,1.5777327049436507,-4.336809033418172
-1.1415966147302186,1.2229512119407457,-1.5210607442710904,-0.9299314697674548,-4.04677253404839,1.299853097174238,-0.4424116035629445,-4.321638738631761
1.2719268836423367,-0.731789922814562,-1.5210607442710904,0.4981661483087633,0.15067202651315148,-0.7693177038035366,-0.4424116035629445,0.2092226375762634
-1.1415966147302186,0.8971610228148611,-1.5210607442710904,-0.5871880414291624,-4.371436754202321,1.299853097174238,1.5777327049436507,-4.301411678916546
0.06516513445605905,-1.3833703010663312,-1.5210607442710904,-0.3586924225369675,0.05791082075488536,-0.7693177038035366,-0.4424116035629445,0.07268998449856622
-1.1415966147302186,-1.0575801119404467,-1.5210607442710904,-0.872807565044406,-4.04677253404839,1.299853097174238,1.5777327049436507,-4.3418657983469755
1.2719268836423367,1.5487414010666303,-1.5210607442710904,-0.18732070836782133,0.3361944380296837,-0.7693177038035366,-0.4424116035629445,0.113144103928995
-1.1415966147302186,-0.40599973368867737,-1.5210607442710904,-0.9870553744905034,-4.371436754202321,1.299853097174238,1.5777327049436507,-4.336809033418172
-1.1415966147302186,0.24558064456309184,-1.5210607442710904,0.041174910524373554,-4.04677253404839,1.299853097174238,1.5777327049436507,-4.331752268489368
-1.1415966147302186,1.2229512119407457,-1.5210607442710904,-0.6443119461522111,-3.861250122531858,1.299853097174238,-0.4424116035629445,-4.321638738631761
-1.1415966147302186,0.8971610228148611,-1.5210607442710904,0.155422719970471,-4.04677253404839,1.299853097174238,3.597877013450246,-4.301411678916546
-1.1415966147302186,0.8971610228148611,-1.5210607442710904,-0.9870553744905034,-4.04677253404839,1.299853097174238,5.6180213219568405,-4.301411678916546
-1.1415966147302186,-1.0575801119404467,-1.5210607442710904,-0.5871880414291624,-4.371436754202321,1.299853097174238,1.5777327049436507,-4.3418657983469755
1.2719268836423367,0.5713708336889765,-1.5210607442710904,-0.9870553744905034,0.45214594522751633,-0.7693177038035366,-0.4424116035629445,0.31541470108113895
-1.1415966147302186,0.8971610228148611,-1.5210607442710904,-0.872807565044406,-4.04677253404839,1.299853097174238,5.6180213219568405,-4.301411678916546
0.06516513445605905,-0.08020954456279278,-1.5210607442710904,-0.7585597555983086,0.0115302178757523,-0.7693177038035366,-0.4424116035629445,0.4114932347284073
-1.1415966147302186,-0.40599973368867737,-1.5210607442710904,-0.872807565044406,-4.325056151323189,1.299853097174238,-0.4424116035629445,-4.336809033418172
-1.1415966147302186,1.2229512119407457,-1.5210607442710904,-0.872807565044406,-4.325056151323189,1.299853097174238,1.5777327049436507,-4.321638738631761
-1.1415966147302186,-1.3833703010663312,-1.5210607442710904,-0.7585597555983086,0.173862327952718,1.299853097174238,-0.4424116035629445,0.07268998449856622
-1.1415966147302186,1.2229512119407457,-1.5210607442710904,-0.8156836603213573,-3.861250122531858,1.299853097174238,1.5777327049436507,-4.321638738631761
1.2719268836423367,-0.731789922814562,-1.5210607442710904,-0.8156836603213573,0.15067202651315148,-0.7693177038035366,-0.4424116035629445,0.2092226375762634
-1.1415966147302186,0.24558064456309184,-1.5210607442710904,-0.872807565044406,-3.861250122531858,1.299853097174238,3.597877013450246,-4.331752268489368
-1.1415966147302186,1.5487414010666303,-1.5210607442710904,-0.8156836603213573,0.45214594522751633,1.299853097174238,1.5777327049436507,0.113144103928995
-1.1415966147302186,0.24558064456309184,-1.5210607442710904,-0.18732070836782133,-3.861250122531858,1.299853097174238,3.597877013450246,-4.331752268489368
0.06516513445605905,-1.3833703010663312,-1.5210607442710904,-0.8156836603213573,-0.12761159076164688,-0.7693177038035366,-0.4424116035629445,0.07268998449856622
1.2719268836423367,0.5713708336889765,-1.5210607442710904,-0.7585597555983086,0.0115302178757523,-0.7693177038035366,1.5777327049436507,0.31541470108113895
-1.1415966147302186,0.8971610228148611,-1.5210607442710904,0.041174910524373554,-4.325056151323189,1.299853097174238,3.597877013450246,-4.301411678916546
-1.1415966147302186,0.24558064456309184,-1.5210607442710904,-0.13019680364477262,-3.861250122531858,1.299853097174238,3.597877013450246,-4.331752268489368
-1.1415966147302186,1.2229512119407457,-1.5210607442710904,-0.9299314697674548,-4.325056151323189,1.299853097174238,1.5777327049436507,-4.321638738631761
-1.1415966147302186,0.8971610228148611,-1.5210607442710904,0.555290053031812,-4.04677253404839,1.299853097174238,-0.4424116035629445,-4.301411678916546
-1.1415966147302186,-0.40599973368867737,-1.5210607442710904,-0.5871880414291624,-4.371436754202321,1.299853097174238,-0.4424116035629445,-4.336809033418172
1.2719268836423367,-0.08020954456279278,-1.5210607442710904,-0.6443119461522111,0.05791082075488536,-0.7693177038035366,-0.4424116035629445,0.4114932347284073
-1.1415966147302186,-0.40599973368867737,-1.5210607442710904,-0.7014358508752598,-4.04677253404839,1.299853097174238,1.5777327049436507,-4.336809033418172
-1.1415966147302186,-0.40599973368867737,-1.5210607442710904,0.26967052941656844,-3.861250122531858,1.299853097174238,-0.4424116035629445,-4.336809033418172
1.2719268836423367,0.5713708336889765,-1.5210607442710904,-0.872807565044406,0.3593847394692502,-0.7693177038035366,-0.4424116035629445,0.31541470108113895
-1.1415966147302186,0.8971610228148611,-1.5210607442710904,0.3267944341396172,-4.04677253404839,1.299853097174238,1.5777327049436507,-4.301411678916546
-1.1415966147302186,1.2229512119407457,-1.5210607442710904,-0.6443119461522111,-3.861250122531858,1.299853097174238,1.5777327049436507,-4.321638738631761
-1.1415966147302186,1.5487414010666303,-1.5210607442710904,-0.5300641367061136,0.6608586581836151,1.299853097174238,-0.4424116035629445,0.113144103928995
-1.1415966147302186,-0.40599973368867737,-1.5210607442710904,0.6695378624779095,-3.861250122531858,1.299853097174238,1.5777327049436507,-4.336809033418172
-1.1415966147302186,0.24558064456309184,-1.5210607442710904,-0.872807565044406,-4.371436754202321,1.299853097174238,-0.4424116035629445,-4.331752268489368
-1.1415966147302186,-0.40599973368867737,-1.5210607442710904,1.412148623877543,-4.04677253404839,1.299853097174238,-0.4424116035629445,-4.336809033418172
-1.1415966147302186,1.5487414010666303,-1.5210607442710904,-0.872807565044406,0.45214594522751633,1.299853097174238,-0.4424116035629445,0.113144103928995
-1.1415966147302186,-0.40599973368867737,-1.5210607442710904,-0.24444461309087007,-4.04677253404839,1.299853097174238,1.5777327049436507,-4.336809033418172
-1.1415966147302186,0.8971610228148611,-1.5210607442710904,-0.7585597555983086,-4.325056151323189,1.299853097174238,-0.4424116035629445,-4.301411678916546
-1.1415966147302186,0.8971610228148611,-1.5210607442710904,-0.3015685178139188,-4.325056151323189,1.299853097174238,1.5777327049436507,-4.301411678916546
-1.1415966147302186,1.2229512119407457,-1.5210607442710904,-0.3015685178139188,-3.861250122531858,1.299853097174238,-0.4424116035629445,-4.321638738631761
1.2719268836423367,0.5713708336889765,-1.5210607442710904,0.4981661483087633,0.45214594522751633,-0.7693177038035366,-0.4424116035629445,0.31541470108113895
1.2719268836423367,1.5487414010666303,-1.5210607442710904,-0.8156836603213573,0.6608586581836151,-0.7693177038035366,-0.4424116035629445,0.113144103928995
1.2719268836423367,1.5487414010666303,-1.5210607442710904,-0.7014358508752598,0.3593847394692502,-0.7693177038035366,-0.4424116035629445,0.113144103928995
-1.1415966147302186,-1.0575801119404467,-1.5210607442710904,-0.5300641367061136,-3.861250122531858,1.299853097174238,1.5777327049436507,-4.3418657983469755
-1.1415966147302186,0.24558064456309184,-1.5210607442710904,-0.24444461309087007,-4.04677253404839,1.299853097174238,-0.4424116035629445,-4.331752268489368
-1.1415966147302186,0.24558064456309184,-1.5210607442710904,-0.24444461309087007,-3.861250122531858,1.299853097174238,1.5777327049436507,-4.331752268489368
-1.1415966147302186,1.2229512119407457,-1.5210607442710904,1.0694051955392505,-4.04677253404839,1.299853097174238,1.5777327049436507,-4.321638738631761
-1.1415966147302186,1.5487414010666303,-1.5210607442710904,-0.6443119461522111,0.05791082075488536,1.299853097174238,-0.4424116035629445,0.113144103928995
-1.1415966147302186,-0.40599973368867737,-1.5210607442710904,-0.8156836603213573,-4.04677253404839,1.299853097174238,3.597877013450246,-4.336809033418172
-1.1415966147302186,0.24558064456309184,-1.5210607442710904,-0.8156836603213573,-3.861250122531858,1.299853097174238,1.5777327049436507,-4.331752268489368
-1.1415966147302186,0.8971610228148611,-1.5210607442710904,-0.872807565044406,-3.861250122531858,1.299853097174238,3.597877013450246,-4.301411678916546
0.06516513445605905,0.5713708336889765,-1.5210607442710904,-0.7585597555983086,0.3593847394692502,-0.7693177038035366,-0.4424116035629445,0.31541470108113895
-1.1415966147302186,-0.08020954456279278,-1.5210607442710904,-0.5300641367061136,0.3825750409088168,1.299853097174238,-0.4424116035629445,0.4114932347284073
-1.1415966147302186,1.2229512119407457,-1.5210607442710904,-0.872807565044406,-4.325056151323189,1.299853097174238,-0.4424116035629445,-4.321638738631761
-1.1415966147302186,-0.40599973368867737,-1.5210607442710904,-0.8156836603213573,-4.371436754202321,1.299853097174238,-0.4424116035629445,-4.336809033418172
-1.1415966147302186,-1.0575801119404467,-1.5210607442710904,-0.8156836603213573,-4.04677253404839,1.299853097174238,3.597877013450246,-4.3418657983469755
-1.1415966147302186,1.2229512119407457,-1.5210607442710904,-0.24444461309087007,-3.861250122531858,1.299853097174238,3.597877013450246,-4.321638738631761
-1.1415966147302186,1.2229512119407457,-1.5210607442710904,-0.6443119461522111,-4.371436754202321,1.299853097174238,1.5777327049436507,-4.321638738631761
1.2719268836423367,0.5713708336889765,-1.5210607442710904,-0.13019680364477262,0.26662353371098413,-0.7693177038035366,-0.4424116035629445,0.31541470108113895
-1.1415966147302186,-1.0575801119404467,-1.5210607442710904,-0.7014358508752598,-4.325056151323189,1.299853097174238,1.5777327049436507,-4.3418657983469755
-1.1415966147302186,0.24558064456309184,-1.5210607442710904,-0.7585597555983086,-4.325056151323189,1.299853097174238,3.597877013450246,-4.331752268489368
-1.1415966147302186,-0.08020954456279278,-1.5210607442710904,-0.7585597555983086,0.3593847394692502,1.299853097174238,-0.4424116035629445,0.4114932347284073
-1.1415966147302186,-0.40599973368867737,-1.5210607442710904,-0.5871880414291624,-3.861250122531858,1.299853097174238,1.5777327049436507,-4.336809033418172
-1.1415966147302186,1.2229512119407457,-1.5210607442710904,-0.5871880414291624,-4.371436754202321,1.299853097174238,1.5777327049436507,-4.321638738631761
1.2719268836423367,1.5487414010666303,-1.5210607442710904,-0.872807565044406,-0.7305594281903766,-0.7693177038035366,-0.4424116035629445,0.113144103928995
-1.1415966147302186,0.8971610228148611,-1.5210607442710904,-0.3586924225369675,-4.325056151323189,1.299853097174238,3.597877013450246,-4.301411678916546
-1.1415966147302186,0.24558064456309184,-1.5210607442710904,-0.872807565044406,-4.325056151323189,1.299853097174238,5.6180213219568405,-4.331752268489368
-1.1415966147302186,-0.40599973368867737,-1.5210607442710904,-0.47294023198306495,-3.861250122531858,1.299853097174238,1.5777327049436507,-4.336809033418172
0.06516513445605905,1.5487414010666303,-1.5210607442710904,-0.5871880414291624,0.26662353371098413,-0.7693177038035366,1.5777327049436507,0.113144103928995
1.2719268836423367,1.5487414010666303,-1.5210607442710904,-0.7014358508752598,0.15067202651315148,-0.7693177038035366,-0.4424116035629445,0.113144103928995
-1.1415966147302186,-1.3833703010663312,-1.5210607442710904,-0.5300641367061136,0.15067202651315148,1.299853097174238,-0.4424116035629445,0.07268998449856622
-1.1415966147302186,-1.0575801119404467,-1.5210607442710904,0.9551573860931531,-4.325056151323189,1.299853097174238,-0.4424116035629445,-4.3418657983469755
0.06516513445605905,0.5713708336889765,-1.5210607442710904,-0.7585597555983086,0.6608586581836151,-0.7693177038035366,-0.4424116035629445,0.31541470108113895
-1.1415966147302186,1.5487414010666303,-1.5210607442710904,-0.7585597555983086,-0.12761159076164688,1.299853097174238,-0.4424116035629445,0.113144103928995
-1.1415966147302186,0.24558064456309184,-1.5210607442710904,0.2125466246935197,-4.371436754202321,1.299853097174238,-0.4424116035629445,-4.331752268489368
-1.1415966147302186,1.2229512119407457,-1.5210607442710904,-0.5300641367061136,-4.325056151323189,1.299853097174238,1.5777327049436507,-4.321638738631761
-1.1415966147302186,0.8971610228148611,-1.5210607442710904,-0.6443119461522111,-4.04677253404839,1.299853097174238,-0.4424116035629445,-4.301411678916546
-1.1415966147302186,0.8971610228148611,-1.5210607442710904,-0.8156836603213573,-3.861250122531858,1.299853097174238,-0.4424116035629445,-4.301411678916546
-1.1415966147302186,1.2229512119407457,-1.5210607442710904,-0.8156836603213573,-3.861250122531858,1.299853097174238,1.5777327049436507,-4.321638738631761
-1.1415966147302186,1.5487414010666303,-1.5210607442710904,-0.6443119461522111,0.15067202651315148,1.299853097174238,-0.4424116035629445,0.113144103928995
-1.1415966147302186,-1.0575801119404467,-1.5210607442710904,-0.9299314697674548,-4.325056151323189,1.299853097174238,3.597877013450246,-4.3418657983469755
-1.1415966147302186,-0.40599973368867737,-1.5210607442710904,-0.5300641367061136,-4.04677253404839,1.299853097174238,1.5777327049436507,-4.336809033418172
-1.1415966147302186,1.2229512119407457,-1.5210607442710904,-0.7014358508752598,-4.325056151323189,1.299853097174238,3.597877013450246,-4.321638738631761
0.06516513445605905,-1.3833703010663312,-1.5210607442710904,-0.8156836603213573,0.7072392610627481,-0.7693177038035366,-0.4424116035629445,0.07268998449856622
-1.1415966147302186,0.5713708336889765,-1.5210607442710904,-0.9299314697674548,0.7072392610627481,1.299853097174238,1.5777327049436507,0.31541470108113895
-1.1415966147302186,-0.731789922814562,-1.5210607442710904,0.09829881524742227,-0.7305594281903766,1.299853097174238,-0.4424116035629445,0.2092226375762634
0.06516513445605905,-0.731789922814562,-1.5210607442710904,-0.9870553744905034,0.3361944380296837,-0.7693177038035366,-0.4424116035629445,0.2092226375762634
-1.1415966147302186,-0.40599973368867737,-1.5210607442710904,0.041174910524373554,-4.04677253404839,1.299853097174238,1.5777327049436507,-4.336809033418172
-1.1415966147302186,0.24558064456309184,-1.5210607442710904,-0.872807565044406,-4.371436754202321,1.299853097174238,-0.4424116035629445,-4.331752268489368
-1.1415966147302186,0.8971610228148611,-1.5210607442710904,-0.3586924225369675,-3.861250122531858,1.299853097174238,-0.4424116035629445,-4.301411678916546
-1.1415966147302186,-1.0575801119404467,-1.5210607442710904,-0.3586924225369675,-3.861250122531858,1.299853097174238,1.5777327049436507,-4.3418657983469755
-1.1415966147302186,0.24558064456309184,-1.5210607442710904,-0.6443119461522111,-4.371436754202321,1.299853097174238,1.5777327049436507,-4.331752268489368
-1.1415966147302186,0.8971610228148611,-1.5210607442710904,-0.6443119461522111,-4.371436754202321,1.299853097174238,3.597877013450246,-4.301411678916546
0.06516513445605905,0.5713708336889765,-1.5210607442710904,-0.3586924225369675,0.45214594522751633,-0.7693177038035366,3.597877013450246,0.31541470108113895
-1.1415966147302186,0.24558064456309184,-1.5210607442710904,-0.9870553744905034,-3.861250122531858,1.299853097174238,-0.4424116035629445,-4.331752268489368
1.2719268836423367,0.5713708336889765,-1.5210607442710904,-0.8156836603213573,0.26662353371098413,-0.7693177038035366,-0.4424116035629445,0.31541470108113895
-1.1415966147302186,-1.3833703010663312,-1.5210607442710904,0.7837856719240069,0.24343323227141758,1.299853097174238,-0.4424116035629445,0.07268998449856622
1.2719268836423367,0.5713708336889765,-1.5210607442710904,-0.13019680364477262,0.15067202651315148,-0.7693177038035366,-0.4424116035629445,0.31541470108113895
-1.1415966147302186,-1.0575801119404467,-1.5210607442710904,-0.7014358508752598,-4.04677253404839,1.299853097174238,-0.4424116035629445,-4.3418657983469755
-1.1415966147302186,-0.40599973368867737,-1.5210607442710904,-0.5871880414291624,-3.861250122531858,1.299853097174238,-0.4424116035629445,-4.336809033418172
-1.1415966147302186,0.24558064456309184,-1.5210607442710904,-0.872807565044406,-4.371436754202321,1.299853097174238,-0.4424116035629445,-4.331752268489368
-1.1415966147302186,0.8971610228148611,-1.5210607442710904,-0.18732070836782133,-4.04677253404839,1.299853097174238,1.5777327049436507,-4.301411678916546
-1.1415966147302186,-0.731789922814562,-1.5210607442710904,-0.7014358508752598,0.173862327952718,1.299853097174238,-0.4424116035629445,0.2092226375762634
-1.1415966147302186,-1.0575801119404467,-1.5210607442710904,-0.7585597555983086,-3.861250122531858,1.299853097174238,1.5777327049436507,-4.3418657983469755
-1.1415966147302186,0.24558064456309184,-1.5210607442710904,-0.872807565044406,-3.861250122531858,1.299853097174238,3.597877013450246,-4.331752268489368
0.06516513445605905,0.5713708336889765,-1.5210607442710904,-0.872807565044406,0.173862327952718,-0.7693177038035366,1.5777327049436507,0.31541470108113895
0.06516513445605905,-0.08020954456279278,-1.5210607442710904,-0.9299314697674548,0.05791082075488536,-0.7693177038035366,-0.4424116035629445,0.4114932347284073
-1.1415966147302186,-1.0575801119404467,-1.5210607442710904,-0.5871880414291624,-3.861250122531858,1.299853097174238,5.6180213219568405,-4.3418657983469755
-1.1415966147302186,-1.0575801119404467,-1.5210607442710904,-0.872807565044406,-3.861250122531858,1.299853097174238,7.638165630463436,-4.3418657983469755
-1.1415966147302186,-0.40599973368867737,-1.5210607442710904,-0.7014358508752598,-4.371436754202321,1.299853097174238,1.5777327049436507,-4.336809033418172
-1.1415966147302186,1.2229512119407457,-1.5210607442710904,-0.18732070836782133,-4.04677253404839,1.299853097174238,1.5777327049436507,-4.321638738631761
-1.1415966147302186,0.8971610228148611,-1.5210607442710904,-0.7585597555983086,-4.325056151323189,1.299853097174238,-0.4424116035629445,-4.301411678916546
-1.1415966147302186,1.2229512119407457,-1.5210607442710904,-0.872807565044406,-4.325056151323189,1.299853097174238,1.5777327049436507,-4.321638738631761
-1.1415966147302186,0.24558064456309184,-1.5210607442710904,-0.7585597555983086,-3.861250122531858,1.299853097174238,7.638165630463436,-4.331752268489368
-1.1415966147302186,0.5713708336889765,-1.5210607442710904,-0.18732070836782133,0.3593847394692502,1.299853097174238,-0.4424116035629445,0.31541470108113895
-1.1415966147302186,0.5713708336889765,-1.5210607442710904,-0.9299314697674548,0.26662353371098413,1.299853097174238,-0.4424116035629445,0.31541470108113895
-1.1415966147302186,1.5487414010666303,-1.5210607442710904,-0.872807565044406,-0.17399219364077992,1.299853097174238,-0.4424116035629445,0.113144103928995
-1.1415966147302186,-1.3833703010663312,-1.5210607442710904,-0.5300641367061136,0.26662353371098413,1.299853097174238,1.5777327049436507,0.07268998449856622
-1.1415966147302186,-0.731789922814562,-1.5210607442710904,-0.9299314697674548,-0.12761159076164688,1.299853097174238,-0.4424116035629445,0.2092226375762634
0.06516513445605905,0.5713708336889765,-1.5210607442710904,-0.5300641367061136,-0.17399219364077992,-0.7693177038035366,1.5777327049436507,0.31541470108113895
0.06516513445605905,-1.3833703010663312,-1.5210607442710904,-0.4158163272600162,0.3825750409088168,-0.7693177038035366,-0.4424116035629445,0.07268998449856622
-1.1415966147302186,-0.731789922814562,-1.5210607442710904,-0.47294023198306495,0.15067202651315148,1.299853097174238,-0.4424116035629445,0.2092226375762634
-1.1415966147302186,-0.40599973368867737,-1.5210607442710904,-0.3586924225369675,-4.04677253404839,1.299853097174238,-0.4424116035629445,-4.336809033418172
-1.1415966147302186,0.24558064456309184,-1.5210607442710904,-0.3015685178139188,-4.04677253404839,1.299853097174238,1.5777327049436507,-4.331752268489368
-1.1415966147302186,-1.0575801119404467,-1.5210607442710904,-0.9299314697674548,-3.861250122531858,1.299853097174238,-0.4424116035629445,-4.3418657983469755
-1.1415966147302186,0.24558064456309184,-1.5210607442710904,-0.872807565044406,-4.371436754202321,1.299853097174238,-0.4424116035629445,-4.331752268489368
0.06516513445605905,0.5713708336889765,-1.5210607442710904,-0.5300641367061136,-0.19718249508034646,-0.7693177038035366,-0.4424116035629445,0.31541470108113895
-1.1415966147302186,-1.0575801119404467,-1.5210607442710904,-0.9299314697674548,-4.04677253404839,1.299853097174238,3.597877013450246,-4.3418657983469755
-1.1415966147302186,0.8971610228148611,-1.5210607442710904,-0.07307289892172389,-4.371436754202321,1.299853097174238,1.5777327049436507,-4.301411678916546
-1.1415966147302186,0.24558064456309184,-1.5210607442710904,-0.8156836603213573,-3.861250122531858,1.299853097174238,1.5777327049436507,-4.331752268489368
-1.1415966147302186,-1.0575801119404467,-1.5210607442710904,-0.872807565044406,-3.861250122531858,1.299853097174238,3.597877013450246,-4.3418657983469755
1.2719268836423367,0.5713708336889765,-1.5210607442710904,0.2125466246935197,0.7072392610627481,-0.7693177038035366,-0.4424116035629445,0.31541470108113895
-1.1415966147302186,0.8971610228148611,-1.5210607442710904,-0.872807565044406,-4.04677253404839,1.299853097174238,3.597877013450246,-4.301411678916546
-1.1415966147302186,-1.0575801119404467,-1.5210607442710904,-0.8156836603213573,-4.371436754202321,1.299853097174238,3.597877013450246,-4.3418657983469755
-1.1415966147302186,1.2229512119407457,-1.5210607442710904,-0.7014358508752598,-4.325056151323189,1.299853097174238,-0.4424116035629445,-4.321638738631761
-1.1415966147302186,1.5487414010666303,-1.5210607442710904,-0.8156836603213573,0.0115302178757523,1.299853097174238,-0.4424116035629445,0.113144103928995
-1.1415966147302186,-1.0575801119404467,-1.5210607442710904,0.6124139577548607,-4.371436754202321,1.299853097174238,1.5777327049436507,-4.3418657983469755
-1.1415966147302186,0.8971610228148611,-1.5210607442710904,-0.7585597555983086,-4.04677253404839,1.299853097174238,1.5777327049436507,-4.301411678916546
-1.1415966147302186,-1.0575801119404467,-1.5210607442710904,-0.5871880414291624,-3.861250122531858,1.299853097174238,-0.4424116035629445,-4.3418657983469755
0.06516513445605905,1.5487414010666303,-1.5210607442710904,-0.872807565044406,-0.17399219364077992,-0.7693177038035366,1.5777327049436507,0.113144103928995
-1.1415966147302186,-0.731789922814562,-1.5210607442710904,-0.9870553744905034,0.7072392610627481,1.299853097174238,-0.4424116035629445,0.2092226375762634
-1.1415966147302186,1.2229512119407457,-1.5210607442710904,-0.47294023198306495,-4.325056151323189,1.299853097174238,1.5777327049436507,-4.321638738631761
-1.1415966147302186,1.2229512119407457,-1.5210607442710904,-0.8156836603213573,-4.04677253404839,1.299853097174238,1.5777327049436507,-4.321638738631761
-1.1415966147302186,-1.0575801119404467,-1.5210607442710904,-0.5871880414291624,-3.861250122531858,1.299853097174238,1.5777327049436507,-4.3418657983469755
-1.1415966147302186,-0.40599973368867737,-1.5210607442710904,-0.9299314697674548,-4.04677253404839,1.299853097174238,3.597877013450246,-4.336809033418172
0.06516513445605905,-0.08020954456279278,-1.5210607442710904,-0.3586924225369675,0.3361944380296837,-0.7693177038035366,-0.4424116035629445,0.4114932347284073
-1.1415966147302186,0.8971610228148611,-1.5210607442710904,-0.9299314697674548,-4.371436754202321,1.299853097174238,1.5777327049436507,-4.301411678916546
-1.1415966147302186,-1.0575801119404467,-1.5210607442710904,-0.9870553744905034,-4.325056151323189,1.299853097174238,1.5777327049436507,-4.3418657983469755
-1.1415966147302186,1.2229512119407457,-1.5210607442710904,-0.07307289892172389,-3.861250122531858,1.299853097174238,3.597877013450246,-4.321638738631761
1.2719268836423367,0.5713708336889765,-1.5210607442710904,-0.3586924225369675,0.3593847394692502,-0.7693177038035366,-0.4424116035629445,0.31541470108113895
1.2719268836423367,-0.731789922814562,-1.5210607442710904,0.8409095766470557,-0.12761159076164688,-0.7693177038035366,-0.4424116035629445,0.2092226375762634
-1.1415966147302186,-1.0575801119404467,-1.5210607442710904,-0.07307289892172389,-3.861250122531858,1.299853097174238,1.5777327049436507,-4.3418657983469755
-1.1415966147302186,-0.40599973368867737,-1.5210607442710904,-0.18732070836782133,-3.861250122531858,1.299853097174238,1.5777327049436507,-4.336809033418172
-1.1415966147302186,-1.0575801119404467,-1.5210607442710904,-0.8156836603213573,-3.861250122531858,1.299853097174238,3.597877013450246,-4.3418657983469755
-1.1415966147302186,0.8971610228148611,-1.5210607442710904,-0.7014358508752598,-4.325056151323189,1.299853097174238,-0.4424116035629445,-4.301411678916546
0.06516513445605905,1.5487414010666303,-1.5210607442710904,-0.5871880414291624,0.3593847394692502,-0.7693177038035366,-0.4424116035629445,0.113144103928995
-1.1415966147302186,0.8971610228148611,-1.5210607442710904,-0.5871880414291624,-3.861250122531858,1.299853097174238,5.6180213219568405,-4.301411678916546
1.2719268836423367,-0.08020954456279278,-1.5210607442710904,-0.3015685178139188,0.6608586581836151,-0.7693177038035366,-0.4424116035629445,0.4114932347284073
-1.1415966147302186,0.5713708336889765,-1.5210607442710904,-0.7585597555983086,0.15067202651315148,1.299853097174238,-0.4424116035629445,0.31541470108113895
-1.1415966147302186,0.24558064456309184,-1.5210607442710904,0.7837856719240069,-4.371436754202321,1.299853097174238,1.5777327049436507,-4.331752268489368
-1.1415966147302186,0.8971610228148611,-1.5210607442710904,-0.9870553744905034,-3.861250122531858,1.299853097174238,-0.4424116035629445,-4.301411678916546
0.06516513445605905,0.5713708336889765,-1.5210607442710904,-0.3015685178139188,-0.19718249508034646,-0.7693177038035366,-0.4424116035629445,0.31541470108113895
1.2719268836423367,-0.08020954456279278,-1.5210607442710904,-0.6443119461522111,-0.19718249508034646,-0.7693177038035366,1.5777327049436507,0.4114932347284073
-1.1415966147302186,0.24558064456309184,-1.5210607442710904,-0.6443119461522111,-3.861250122531858,1.299853097174238,1.5777327049436507,-4.331752268489368
-1.1415966147302186,0.8971610228148611,-1.5210607442710904,-0.872807565044406,-4.325056151323189,1.299853097174238,-0.4424116035629445,-4.301411678916546
-1.1415966147302186,-1.0575801119404467,-1.5210607442710904,-0.7585597555983086,-4.325056151323189,1.299853097174238,1.5777327049436507,-4.3418657983469755
-1.1415966147302186,-1.0575801119404467,-1.5210607442710904,-0.8156836603213573,-4.371436754202321,1.299853097174238,1.5777327049436507,-4.3418657983469755
1.2719268836423367,-0.08020954456279278,-1.5210607442710904,-0.872807565044406,0.7072392610627481,-0.7693177038035366,-0.4424116035629445,0.4114932347284073
-1.1415966147302186,-0.40599973368867737,-1.5210607442710904,-0.5300641367061136,-4.04677253404839,1.299853097174238,-0.4424116035629445,-4.336809033418172
-1.1415966147302186,0.8971610228148611,-1.5210607442710904,-0.47294023198306495,-3.861250122531858,1.299853097174238,3.597877013450246,-4.301411678916546
-1.1415966147302186,0.24558064456309184,-1.5210607442710904,-0.5300641367061136,-4.371436754202321,1.299853097174238,1.5777327049436507,-4.331752268489368
-1.1415966147302186,-1.3833703010663312,-1.5210607442710904,-0.6443119461522111,-0.7305594281903766,1.299853097174238,-0.4424116035629445,0.07268998449856622
-1.1415966147302186,0.24558064456309184,-1.5210607442710904,-0.7585597555983086,-4.04677253404839,1.299853097174238,1.5777327049436507,-4.331752268489368
0.06516513445605905,-1.3833703010663312,-1.5210607442710904,-0.7014358508752598,0.3593847394692502,-0.7693177038035366,-0.4424116035629445,0.07268998449856622
-1.1415966147302186,0.5713708336889765,-1.5210607442710904,-0.3586924225369675,0.3593847394692502,1.299853097174238,-0.4424116035629445,0.31541470108113895
-1.1415966147302186,0.24558064456309184,-1.5210607442710904,-0.9299314697674548,-4.04677253404839,1.299853097174238,3.597877013450246,-4.331752268489368
1.2719268836423367,-0.731789922814562,-1.5210607442710904,-0.47294023198306495,0.45214594522751633,-0.7693177038035366,-0.4424116035629445,0.2092226375762634
-1.1415966147302186,-1.0575801119404467,-1.5210607442710904,-0.5871880414291624,-4.325056151323189,1.299853097174238,-0.4424116035629445,-4.3418657983469755
-1.1415966147302186,1.2229512119407457,-1.5210607442710904,0.3267944341396172,-4.325056151323189,1.299853097174238,1.5777327049436507,-4.321638738631761
1.2719268836423367,-0.08020954456279278,-1.5210607442710904,-0.872807565044406,0.15067202651315148,-0.7693177038035366,-0.4424116035629445,0.4114932347284073
0.06516513445605905,-0.08020954456279278,-1.5210607442710904,-0.6443119461522111,0.24343323227141758,-0.7693177038035366,-0.4424116035629445,0.4114932347284073
-1.1415966147302186,0.8971610228148611,-1.5210607442710904,-0.7014358508752598,-4.371436754202321,1.299853097174238,-0.4424116035629445,-4.301411678916546
-1.1415966147302186,0.8971610228148611,-1.5210607442710904,-0.7585597555983086,-3.861250122531858,1.299853097174238,-0.4424116035629445,-4.301411678916546
-1.1415966147302186,1.2229512119407457,-1.5210607442710904,-0.7014358508752598,-3.861250122531858,1.299853097174238,1.5777327049436507,-4.321638738631761
0.06516513445605905,0.5713708336889765,-1.5210607442710904,-0.872807565044406,0.6608586581836151,-0.7693177038035366,-0.4424116035629445,0.31541470108113895
-1.1415966147302186,0.24558064456309184,-1.5210607442710904,0.555290053031812,-4.371436754202321,1.299853097174238,1.5777327049436507,-4.331752268489368
-1.1415966147302186,1.2229512119407457,-1.5210607442710904,-0.7585597555983086,-3.861250122531858,1.299853097174238,3.597877013450246,-4.321638738631761
-1.1415966147302186,0.5713708336889765,-1.5210607442710904,-0.24444461309087007,0.15067202651315148,1.299853097174238,-0.4424116035629445,0.31541470108113895
-1.1415966147302186,-1.0575801119404467,-1.5210607442710904,-0.7014358508752598,-4.325056151323189,1.299853097174238,-0.4424116035629445,-4.3418657983469755
-1.1415966147302186,1.2229512119407457,-1.5210607442710904,-0.07307289892172389,-3.861250122531858,1.299853097174238,1.5777327049436507,-4.321638738631761
1.2719268836423367,0.5713708336889765,-1.5210607442710904,-0.872807565044406,0.7072392610627481,-0.7693177038035366,-0.4424116035629445,0.31541470108113895
-1.1415966147302186,1.2229512119407457,-1.5210607442710904,-0.8156836603213573,-4.04677253404839,1.299853097174238,-0.4424116035629445,-4.321638738631761
-1.1415966147302186,0.5713708336889765,-1.3822778296478158,1.1265291002622992,0.26662353371098413,1.299853097174238,-0.4424116035629445,0.31541470108113895
0.06516513445605905,-0.08020954456279278,-1.3822778296478158,-0.5871880414291624,0.173862327952718,-0.7693177038035366,-0.4424116035629445,0.4114932347284073
-1.1415966147302186,0.5713708336889765,-1.3822778296478158,0.3839183388626659,0.26662353371098413,1.299853097174238,1.5777327049436507,0.31541470108113895
1.2719268836423367,1.5487414010666303,-1.3822778296478158,-0.3586924225369675,0.24343323227141758,-0.7693177038035366,-0.4424116035629445,0.113144103928995
-1.1415966147302186,-0.731789922814562,-1.3822778296478158,0.3267944341396172,0.15067202651315148,1.299853097174238,-0.4424116035629445,0.2092226375762634
-1.1415966147302186,-1.3833703010663312,-1.3822778296478158,-0.5300641367061136,0.3593847394692502,1.299853097174238,-0.4424116035629445,0.07268998449856622
1.2719268836423367,-0.08020954456279278,-1.3822778296478158,1.8120159569388838,-0.12761159076164688,-0.7693177038035366,-0.4424116035629445,0.4114932347284073
1.2719268836423367,-0.731789922814562,-1.3822778296478158,-0.13019680364477262,0.3361944380296837,-0.7693177038035366,-0.4424116035629445,0.2092226375762634
-1.1415966147302186,-0.731789922814562,-1.3822778296478158,-0.5300641367061136,0.7072392610627481,1.299853097174238,-0.4424116035629445,0.2092226375762634
1.2719268836423367,-0.08020954456279278,-1.3822778296478158,-0.5300641367061136,-0.12761159076164688,-0.7693177038035366,1.5777327049436507,0.4114932347284073
-1.1415966147302186,-0.731789922814562,-1.3822778296478158,-0.6443119461522111,-0.17399219364077992,1.299853097174238,-0.4424116035629445,0.2092226375762634
1.2719268836423367,1.5487414010666303,-1.3822778296478158,-0.7014358508752598,-0.17399219364077992,-0.7693177038035366,1.5777327049436507,0.113144103928995
1.2719268836423367,-1.3833703010663312,-1.3822778296478158,-0.5300641367061136,-0.7305594281903766,-0.7693177038035366,-0.4424116035629445,0.07268998449856622
1.2719268836423367,1.5487414010666303,-1.3822778296478158,-0.24444461309087007,-0.12761159076164688,-0.7693177038035366,1.5777327049436507,0.113144103928995
-1.1415966147302186,-0.08020954456279278,-1.3822778296478158,-0.01594899419867517,0.6608586581836151,1.299853097174238,-0.4424116035629445,0.4114932347284073
1.2719268836423367,0.5713708336889765,-1.3822778296478158,0.2125466246935197,0.3593847394692502,-0.7693177038035366,-0.4424116035629445,0.31541470108113895
-1.1415966147302186,-0.731789922814562,-1.3822778296478158,-0.13019680364477262,-0.7305594281903766,1.299853097174238,-0.4424116035629445,0.2092226375762634
1.2719268836423367,-0.08020954456279278,-1.3822778296478158,-0.872807565044406,0.3593847394692502,-0.7693177038035366,1.5777327049436507,0.4114932347284073
-1.1415966147302186,1.5487414010666303,-1.3822778296478158,-0.9870553744905034,0.15067202651315148,1.299853097174238,3.597877013450246,0.113144103928995
1.2719268836423367,-0.731789922814562,-1.3822778296478158,-0.9870553744905034,0.3593847394692502,-0.7693177038035366,-0.4424116035629445,0.2092226375762634
1.2719268836423367,-0.731789922814562,-1.3822778296478158,-0.872807565044406,0.6608586581836151,-0.7693177038035366,-0.4424116035629445,0.2092226375762634
-1.1415966147302186,-0.08020954456279278,-1.3822778296478158,-0.01594899419867517,-0.7305594281903766,1.299853097174238,1.5777327049436507,0.4114932347284073
-1.1415966147302186,-0.08020954456279278,-1.3822778296478158,-0.7014358508752598,-0.17399219364077992,1.299853097174238,-0.4424116035629445,0.4114932347284073
0.06516513445605905,1.5487414010666303,-1.3822778296478158,3.4686091939072967,0.15067202651315148,-0.7693177038035366,-0.4424116035629445,0.113144103928995
-1.1415966147302186,-1.3833703010663312,-1.3822778296478158,-0.4158163272600162,0.15067202651315148,1.299853097174238,-0.4424116035629445,0.07268998449856622
1.2719268836423367,1.5487414010666303,-1.3822778296478158,0.9551573860931531,0.3593847394692502,-0.7693177038035366,-0.4424116035629445,0.113144103928995
-1.1415966147302186,1.5487414010666303,-1.3822778296478158,1.6406442427697379,0.24343323227141758,1.299853097174238,-0.4424116035629445,0.113144103928995
0.06516513445605905,1.5487414010666303,-1.3822778296478158,-0.3586924225369675,0.6608586581836151,-0.7693177038035366,-0.4424116035629445,0.113144103928995
-1.1415966147302186,1.5487414010666303,-1.3822778296478158,1.0694051955392505,0.3593847394692502,1.299853097174238,-0.4424116035629445,0.113144103928995
0.06516513445605905,-0.731789922814562,-1.3822778296478158,0.041174910524373554,-0.12761159076164688,-0.7693177038035366,-0.4424116035629445,0.2092226375762634
0.06516513445605905,0.5713708336889765,-1.3822778296478158,-0.9299314697674548,0.3361944380296837,-0.7693177038035366,-0.4424116035629445,0.31541470108113895
1.2719268836423367,1.5487414010666303,-1.3822778296478158,0.3267944341396172,0.3593847394692502,-0.7693177038035366,-0.4424116035629445,0.113144103928995
1.2719268836423367,-0.731789922814562,-1.3822778296478158,-0.18732070836782133,0.45214594522751633,-0.7693177038035366,-0.4424116035629445,0.2092226375762634
0.06516513445605905,-0.731789922814562,-1.3822778296478158,-0.6443119461522111,0.45214594522751633,-0.7693177038035366,1.5777327049436507,0.2092226375762634
-1.1415966147302186,-0.08020954456279278,-1.3822778296478158,-0.7014358508752598,0.3825750409088168,1.299853097174238,-0.4424116035629445,0.4114932347284073
1.2719268836423367,-0.731789922814562,-1.3822778296478158,0.6124139577548607,0.3361944380296837,-0.7693177038035366,-0.4424116035629445,0.2092226375762634
-1.1415966147302186,1.5487414010666303,-1.3822778296478158,-0.5300641367061136,0.26662353371098413,1.299853097174238,-0.4424116035629445,0.113144103928995
1.2719268836423367,0.5713708336889765,-1.3822778296478158,0.041174910524373554,-0.19718249508034646,-0.7693177038035366,-0.4424116035629445,0.31541470108113895
-1.1415966147302186,-1.3833703010663312,-1.3822778296478158,-0.3015685178139188,0.3593847394692502,1.299853097174238,-0.4424116035629445,0.07268998449856622
-1.1415966147302186,-1.3833703010663312,-1.3822778296478158,-0.18732070836782133,0.26662353371098413,1.299853097174238,1.5777327049436507,0.07268998449856622
0.06516513445605905,0.5713708336889765,-1.3822778296478158,0.6124139577548607,0.173862327952718,-0.7693177038035366,-0.4424116035629445,0.31541470108113895
0.06516513445605905,0.5713708336889765,-1.3822778296478158,3.4686091939072967,-0.19718249508034646,-0.7693177038035366,-0.4424116035629445,0.31541470108113895
0.06516513445605905,1.5487414010666303,-1.3822778296478158,1.0694051955392505,0.24343323227141758,-0.7693177038035366,-0.4424116035629445,0.113144103928995
1.2719268836423367,-0.731789922814562,-1.3822778296478158,-0.5300641367061136,0.15067202651315148,-0.7693177038035366,-0.4424116035629445,0.2092226375762634
-1.1415966147302186,-1.3833703010663312,-1.3822778296478158,0.3839183388626659,-0.7305594281903766,1.299853097174238,-0.4424116035629445,0.07268998449856622
0.06516513445605905,1.5487414010666303,-1.3822778296478158,-0.47294023198306495,0.15067202651315148,-0.7693177038035366,1.5777327049436507,0.113144103928995
1.2719268836423367,-0.08020954456279278,-1.3822778296478158,-0.5871880414291624,0.45214594522751633,-0.7693177038035366,-0.4424116035629445,0.4114932347284073
-1.1415966147302186,-0.08020954456279278,-1.3822778296478158,1.5835203380466891,0.6608586581836151,1.299853097174238,-0.4424116035629445,0.4114932347284073
1.2719268836423367,-1.3833703010663312,-1.3822778296478158,2.326131099446322,-0.19718249508034646,-0.7693177038035366,-0.4424116035629445,0.07268998449856622
1.2719268836423367,-0.731789922814562,-1.3822778296478158,0.2125466246935197,0.3593847394692502,-0.7693177038035366,-0.4424116035629445,0.2092226375762634
-1.1415966147302186,-0.731789922814562,-1.3822778296478158,2.725998432507663,0.26662353371098413,1.299853097174238,-0.4424116035629445,0.2092226375762634
-1.1415966147302186,-0.08020954456279278,-1.3822778296478158,0.7837856719240069,0.6608586581836151,1.299853097174238,-0.4424116035629445,0.4114932347284073
1.2719268836423367,1.5487414010666303,-1.3822778296478158,0.041174910524373554,0.15067202651315148,-0.7693177038035366,-0.4424116035629445,0.113144103928995
0.06516513445605905,0.5713708336889765,-1.3822778296478158,0.09829881524742227,0.173862327952718,-0.7693177038035366,-0.4424116035629445,0.31541470108113895
0.06516513445605905,-1.3833703010663312,-1.3822778296478158,0.09829881524742227,0.0115302178757523,-0.7693177038035366,-0.4424116035629445,0.07268998449856622
1.2719268836423367,-0.731789922814562,-1.3822778296478158,1.6977681474927866,0.15067202651315148,-0.7693177038035366,-0.4424116035629445,0.2092226375762634
1.2719268836423367,1.5487414010666303,-1.3822778296478158,-0.7014358508752598,0.6608586581836151,-0.7693177038035366,-0.4424116035629445,0.113144103928995
1.2719268836423367,-1.3833703010663312,-1.3822778296478158,0.3267944341396172,0.3825750409088168,-0.7693177038035366,-0.4424116035629445,0.07268998449856622
-1.1415966147302186,0.5713708336889765,-1.3822778296478158,-0.5300641367061136,0.6608586581836151,1.299853097174238,1.5777327049436507,0.31541470108113895
1.2719268836423367,-1.3833703010663312,-1.3822778296478158,-0.9870553744905034,-0.19718249508034646,-0.7693177038035366,-0.4424116035629445,0.07268998449856622
-1.1415966147302186,-1.3833703010663312,-1.3822778296478158,-0.7014358508752598,-0.7305594281903766,1.299853097174238,-0.4424116035629445,0.07268998449856622
-1.1415966147302186,-0.731789922814562,-1.3822778296478158,-0.4158163272600162,0.3825750409088168,1.299853097174238,1.5777327049436507,0.2092226375762634
1.2719268836423367,-1.3833703010663312,-1.3822778296478158,-0.7585597555983086,0.05791082075488536,-0.7693177038035366,-0.4424116035629445,0.07268998449856622
0.06516513445605905,-1.3833703010663312,-1.3822778296478158,-0.7014358508752598,0.15067202651315148,-0.7693177038035366,-0.4424116035629445,0.07268998449856622
-1.1415966147302186,1.5487414010666303,-1.3822778296478158,0.555290053031812,-0.12761159076164688,1.299853097174238,-0.4424116035629445,0.113144103928995
0.06516513445605905,-1.3833703010663312,-1.3822778296478158,-0.872807565044406,-0.12761159076164688,-0.7693177038035366,1.5777327049436507,0.07268998449856622
1.2719268836423367,-0.08020954456279278,-1.3822778296478158,0.041174910524373554,0.3593847394692502,-0.7693177038035366,-0.4424116035629445,0.4114932347284073
0.06516513445605905,-0.731789922814562,-1.3822778296478158,0.041174910524373554,0.3593847394692502,-0.7693177038035366,1.5777327049436507,0.2092226375762634
-1.1415966147302186,-0.08020954456279278,-1.3822778296478158,-0.07307289892172389,0.45214594522751633,1.299853097174238,-0.4424116035629445,0.4114932347284073
1.2719268836423367,1.5487414010666303,-1.3822778296478158,-0.6443119461522111,0.15067202651315148,-0.7693177038035366,-0.4424116035629445,0.113144103928995
0.06516513445605905,0.5713708336889765,-1.3822778296478158,0.09829881524742227,0.3593847394692502,-0.7693177038035366,-0.4424116035629445,0.31541470108113895
1.2719268836423367,-0.731789922814562,-1.3822778296478158,-0.01594899419867517,0.3593847394692502,-0.7693177038035366,1.5777327049436507,0.2092226375762634
-1.1415966147302186,-0.08020954456279278,-1.3822778296478158,-0.872807565044406,0.3825750409088168,1.299853097174238,-0.4424116035629445,0.4114932347284073
-1.1415966147302186,0.5713708336889765,-1.3822778296478158,-0.3586924225369675,0.3825750409088168,1.299853097174238,1.5777327049436507,0.31541470108113895
0.06516513445605905,1.5487414010666303,-1.3822778296478158,-0.6443119461522111,0.45214594522751633,-0.7693177038035366,-0.4424116035629445,0.113144103928995
1.2719268836423367,-1.3833703010663312,-1.3822778296478158,1.3550247191544942,-0.19718249508034646,-0.7693177038035366,-0.4424116035629445,0.07268998449856622
0.06516513445605905,0.5713708336889765,-1.3822778296478158,-0.5300641367061136,0.3593847394692502,-0.7693177038035366,-0.4424116035629445,0.31541470108113895
0.06516513445605905,-0.731789922814562,-1.3822778296478158,0.3267944341396172,0.7072392610627481,-0.7693177038035366,-0.4424116035629445,0.2092226375762634
0.06516513445605905,0.5713708336889765,-1.3822778296478158,-0.872807565044406,0.3593847394692502,-0.7693177038035366,-0.4424116035629445,0.31541470108113895
1.2719268836423367,-0.731789922814562,-1.3822778296478158,1.0694051955392505,-0.17399219364077992,-0.7693177038035366,-0.4424116035629445,0.2092226375762634
1.2719268836423367,-1.3833703010663312,-1.3822778296478158,-0.3015685178139188,-0.7305594281903766,-0.7693177038035366,-0.4424116035629445,0.07268998449856622
-1.1415966147302186,0.5713708336889765,-1.3822778296478158,1.0694051955392505,0.6608586581836151,1.299853097174238,-0.4424116035629445,0.31541470108113895
0.06516513445605905,-0.731789922814562,-1.3822778296478158,-0.5871880414291624,0.26662353371098413,-0.7693177038035366,-0.4424116035629445,0.2092226375762634
-1.1415966147302186,1.5487414010666303,-1.3822778296478158,-0.6443119461522111,0.6608586581836151,1.299853097174238,1.5777327049436507,0.113144103928995
-1.1415966147302186,-1.3833703010663312,-1.3822778296478158,-0.5300641367061136,0.3825750409088168,1.299853097174238,-0.4424116035629445,0.07268998449856622
1.2719268836423367,-1.3833703010663312,-1.3822778296478158,0.3267944341396172,0.26662353371098413,-0.7693177038035366,1.5777327049436507,0.07268998449856622
1.2719268836423367,-0.08020954456279278,-1.3822778296478158,1.926263766384981,0.3361944380296837,-0.7693177038035366,-0.4424116035629445,0.4114932347284073
1.2719268836423367,-1.3833703010663312,-1.3822778296478158,-0.6443119461522111,0.3361944380296837,-0.7693177038035366,1.5777327049436507,0.07268998449856622
1.2719268836423367,-0.08020954456279278,-1.3822778296478158,-0.9299314697674548,0.24343323227141758,-0.7693177038035366,-0.4424116035629445,0.4114932347284073
0.06516513445605905,1.5487414010666303,-1.3822778296478158,0.6124139577548607,0.05791082075488536,-0.7693177038035366,-0.4424116035629445,0.113144103928995
0.06516513445605905,1.5487414010666303,-1.3822778296478158,-0.6443119461522111,-0.12761159076164688,-0.7693177038035366,-0.4424116035629445,0.113144103928995
-1.1415966147302186,-1.3833703010663312,-1.3822778296478158,-0.18732070836782133,-0.7305594281903766,1.299853097174238,-0.4424116035629445,0.07268998449856622
0.06516513445605905,-0.731789922814562,-1.3822778296478158,-0.8156836603213573,0.15067202651315148,-0.7693177038035366,-0.4424116035629445,0.2092226375762634
-1.1415966147302186,1.5487414010666303,-1.3822778296478158,-0.8156836603213573,0.6608586581836151,1.299853097174238,-0.4424116035629445,0.113144103928995
0.06516513445605905,-0.731789922814562,-1.3822778296478158,-0.5871880414291624,0.3361944380296837,-0.7693177038035366,-0.4424116035629445,0.2092226375762634
0.06516513445605905,-0.731789922814562,-1.3822778296478158,-0.3586924225369675,0.15067202651315148,-0.7693177038035366,-0.4424116035629445,0.2092226375762634
1.2719268836423367,1.5487414010666303,-1.3822778296478158,-0.7014358508752598,0.24343323227141758,-0.7693177038035366,-0.4424116035629445,0.113144103928995
-1.1415966147302186,0.5713708336889765,-1.3822778296478158,0.4981661483087633,0.45214594522751633,1.299853097174238,-0.4424116035629445,0.31541470108113895
0.06516513445605905,-1.3833703010663312,-1.3822778296478158,-0.6443119461522111,0.7072392610627481,-0.7693177038035366,-0.4424116035629445,0.07268998449856622
1.2719268836423367,1.5487414010666303,-1.3822778296478158,1.0694051955392505,-0.7305594281903766,-0.7693177038035366,-0.4424116035629445,0.113144103928995
0.06516513445605905,1.5487414010666303,-1.3822778296478158,0.6695378624779095,0.45214594522751633,-0.7693177038035366,-0.4424116035629445,0.113144103928995
1.2719268836423367,-0.08020954456279278,-1.3822778296478158,1.9833876711080298,0.15067202651315148,-0.7693177038035366,-0.4424116035629445,0.4114932347284073
-1.1415966147302186,-1.3833703010663312,-1.3822778296478158,-0.872807565044406,0.24343323227141758,1.299853097174238,-0.4424116035629445,0.07268998449856622
0.06516513445605905,0.5713708336889765,-1.3822778296478158,-0.8156836603213573,0.45214594522751633,-0.7693177038035366,1.5777327049436507,0.31541470108113895
0.06516513445605905,-1.3833703010663312,-1.3822778296478158,0.09829881524742227,0.26662353371098413,-0.7693177038035366,-0.4424116035629445,0.07268998449856622
0.06516513445605905,-1.3833703010663312,-1.3822778296478158,-0.872807565044406,0.24343323227141758,-0.7693177038035366,1.5777327049436507,0.07268998449856622
1.2719268836423367,1.5487414010666303,-1.3822778296478158,-0.7014358508752598,0.3593847394692502,-0.7693177038035366,-0.4424116035629445,0.113144103928995
0.06516513445605905,-1.3833703010663312,-1.3822778296478158,-0.7585597555983086,0.6608586581836151,-0.7693177038035366,-0.4424116035629445,0.07268998449856622
1.2719268836423367,-1.3833703010663312,-1.3822778296478158,-0.6443119461522111,0.173862327952718,-0.7693177038035366,-0.4424116035629445,0.07268998449856622
-1.1415966147302186,-0.08020954456279278,-1.3822778296478158,-0.7585597555983086,0.6608586581836151,1.299853097174238,1.5777327049436507,0.4114932347284073
-1.1415966147302186,1.5487414010666303,-1.3822778296478158,-0.8156836603213573,-0.17399219364077992,1.299853097174238,-0.4424116035629445,0.113144103928995
-1.1415966147302186,-1.3833703010663312,-1.3822778296478158,-0.8156836603213573,0.7072392610627481,1.299853097174238,-0.4424116035629445,0.07268998449856622
-1.1415966147302186,-1.3833703010663312,-1.3822778296478158,-0.872807565044406,0.15067202651315148,1.299853097174238,-0.4424116035629445,0.07268998449856622
1.2719268836423367,1.5487414010666303,-1.3822778296478158,0.4981661483087633,-0.17399219364077992,-0.7693177038035366,1.5777327049436507,0.113144103928995
1.2719268836423367,0.5713708336889765,-1.3822778296478158,-0.7014358508752598,0.26662353371098413,-0.7693177038035366,-0.4424116035629445,0.31541470108113895
0.06516513445605905,0.5713708336889765,-1.3822778296478158,-0.5871880414291624,0.173862327952718,-0.7693177038035366,1.5777327049436507,0.31541470108113895
0.06516513445605905,-0.731789922814562,-1.3822778296478158,-0.18732070836782133,-0.17399219364077992,-0.7693177038035366,3.597877013450246,0.2092226375762634
1.2719268836423367,-0.08020954456279278,-1.3822778296478158,-0.01594899419867517,0.3593847394692502,-0.7693177038035366,-0.4424116035629445,0.4114932347284073
1.2719268836423367,-0.08020954456279278,-1.3822778296478158,0.155422719970471,0.45214594522751633,-0.7693177038035366,-0.4424116035629445,0.4114932347284073
-1.1415966147302186,-1.3833703010663312,-1.3822778296478158,-0.01594899419867517,0.6608586581836151,1.299853097174238,-0.4424116035629445,0.07268998449856622
1.2719268836423367,1.5487414010666303,-1.3822778296478158,-0.18732070836782133,0.3825750409088168,-0.7693177038035366,-0.4424116035629445,0.113144103928995
0.06516513445605905,0.5713708336889765,-1.3822778296478158,0.26967052941656844,0.15067202651315148,-0.7693177038035366,-0.4424116035629445,0.31541470108113895
0.06516513445605905,0.5713708336889765,-1.3822778296478158,-0.7014358508752598,0.3593847394692502,-0.7693177038035366,-0.4424116035629445,0.31541470108113895
-1.1415966147302186,-0.731789922814562,-1.3822778296478158,0.7266617672009582,0.6608586581836151,1.299853097174238,-0.4424116035629445,0.2092226375762634
1.2719268836423367,-0.08020954456279278,-1.3822778296478158,1.2407769097083967,0.15067202651315148,-0.7693177038035366,-0.4424116035629445,0.4114932347284073
1.2719268836423367,-0.731789922814562,-1.3822778296478158,0.7266617672009582,0.0115302178757523,-0.7693177038035366,-0.4424116035629445,0.2092226375762634
0.06516513445605905,-0.08020954456279278,-1.3822778296478158,-0.9299314697674548,0.24343323227141758,-0.7693177038035366,-0.4424116035629445,0.4114932347284073
0.06516513445605905,-1.3833703010663312,-1.3822778296478158,-0.8156836603213573,0.3361944380296837,-0.7693177038035366,-0.4424116035629445,0.07268998449856622
0.06516513445605905,-0.731789922814562,-1.3822778296478158,-0.9870553744905034,0.6608586581836151,-0.7693177038035366,-0.4424116035629445,0.2092226375762634
-1.1415966147302186,0.5713708336889765,-1.3822778296478158,-0.872807565044406,-0.7305594281903766,1.299853097174238,-0.4424116035629445,0.31541470108113895
1.2719268836423367,1.5487414010666303,-1.3822778296478158,-0.3015685178139188,-0.12761159076164688,-0.7693177038035366,-0.4424116035629445,0.113144103928995
-1.1415966147302186,0.5713708336889765,-1.3822778296478158,-0.8156836603213573,0.45214594522751633,1.299853097174238,-0.4424116035629445,0.31541470108113895
0.06516513445605905,1.5487414010666303,-1.3822778296478158,-0.9299314697674548,-0.17399219364077992,-0.7693177038035366,-0.4424116035629445,0.113144103928995
0.06516513445605905,0.5713708336889765,-1.3822778296478158,-0.07307289892172389,0.15067202651315148,-0.7693177038035366,-0.4424116035629445,0.31541470108113895
1.2719268836423367,-1.3833703010663312,-1.3822778296478158,-0.9299314697674548,-0.7305594281903766,-0.7693177038035366,1.5777327049436507,0.07268998449856622
1.2719268836423367,-0.731789922814562,-1.3822778296478158,-0.47294023198306495,0.24343323227141758,-0.7693177038035366,1.5777327049436507,0.2092226375762634
-1.1415966147302186,1.5487414010666303,-1.3822778296478158,0.09829881524742227,0.3593847394692502,1.299853097174238,-0.4424116035629445,0.113144103928995
-1.1415966147302186,1.5487414010666303,-1.3822778296478158,1.2407769097083967,0.7072392610627481,1.299853097174238,-0.4424116035629445,0.113144103928995
0.06516513445605905,-0.08020954456279278,-1.3822778296478158,-0.7014358508752598,0.7072392610627481,-0.7693177038035366,1.5777327049436507,0.4114932347284073
0.06516513445605905,-1.3833703010663312,-1.3822778296478158,-0.7014358508752598,0.6608586581836151,-0.7693177038035366,-0.4424116035629445,0.07268998449856622
-1.1415966147302186,1.5487414010666303,-1.3822778296478158,-0.13019680364477262,0.15067202651315148,1.299853097174238,-0.4424116035629445,0.113144103928995
0.06516513445605905,0.5713708336889765,-1.3822778296478158,1.2979008144314454,0.26662353371098413,-0.7693177038035366,-0.4424116035629445,0.31541470108113895
-1.1415966147302186,-0.731789922814562,-1.3822778296478158,1.0122812908162018,0.15067202651315148,1.299853097174238,-0.4424116035629445,0.2092226375762634
-1.1415966147302186,0.5713708336889765,-1.3822778296478158,-0.47294023198306495,0.45214594522751633,1.299853097174238,-0.4424116035629445,0.31541470108113895
-1.1415966147302186,0.5713708336889765,-1.3822778296478158,-0.24444461309087007,-0.17399219364077992,1.299853097174238,-0.4424116035629445,0.31541470108113895
1.2719268836423367,-0.08020954456279278,-1.3822778296478158,-0.18732070836782133,0.173862327952718,-0.7693177038035366,-0.4424116035629445,0.4114932347284073
0.06516513445605905,-0.731789922814562,-1.3822778296478158,-0.5300641367061136,0.15067202651315148,-0.7693177038035366,1.5777327049436507,0.2092226375762634
0.06516513445605905,1.5487414010666303,-1.3822778296478158,-0.9870553744905034,-0.17399219364077992,-0.7693177038035366,-0.4424116035629445,0.113144103928995
-1.1415966147302186,0.5713708336889765,-1.3822778296478158,-0.7014358508752598,0.24343323227141758,1.299853097174238,-0.4424116035629445,0.31541470108113895
-1.1415966147302186,0.5713708336889765,-1.3822778296478158,-0.9299314697674548,-0.17399219364077992,1.299853097174238,3.597877013450246,0.31541470108113895
0.06516513445605905,0.5713708336889765,-1.3822778296478158,0.09829881524742227,-0.7305594281903766,-0.7693177038035366,-0.4424116035629445,0.31541470108113895
1.2719268836423367,0.5713708336889765,-1.3822778296478158,-0.8156836603213573,0.15067202651315148,-0.7693177038035366,-0.4424116035629445,0.31541470108113895
0.06516513445605905,0.5713708336889765,-1.3822778296478158,0.09829881524742227,-0.12761159076164688,-0.7693177038035366,-0.4424116035629445,0.31541470108113895
0.06516513445605905,1.5487414010666303,-1.3822778296478158,1.2407769097083967,0.3361944380296837,-0.7693177038035366,-0.4424116035629445,0.113144103928995
-1.1415966147302186,-1.3833703010663312,-1.3822778296478158,-0.5300641367061136,0.3825750409088168,1.299853097174238,-0.4424116035629445,0.07268998449856622
0.06516513445605905,0.5713708336889765,-1.3822778296478158,3.1258657655690043,0.3593847394692502,-0.7693177038035366,-0.4424116035629445,0.31541470108113895
1.2719268836423367,1.5487414010666303,-1.3822778296478158,0.8409095766470557,0.3593847394692502,-0.7693177038035366,1.5777327049436507,0.113144103928995
0.06516513445605905,0.5713708336889765,-1.3822778296478158,-0.7585597555983086,0.3593847394692502,-0.7693177038035366,3.597877013450246,0.31541470108113895
1.2719268836423367,-0.08020954456279278,-1.3822778296478158,0.6124139577548607,0.26662353371098413,-0.7693177038035366,-0.4424116035629445,0.4114932347284073
0.06516513445605905,-1.3833703010663312,-1.3822778296478158,0.6124139577548607,0.3593847394692502,-0.7693177038035366,-0.4424116035629445,0.07268998449856622
0.06516513445605905,1.5487414010666303,-1.3822778296478158,-0.3586924225369675,0.6608586581836151,-0.7693177038035366,-0.4424116035629445,0.113144103928995
-1.1415966147302186,1.5487414010666303,-1.3822778296478158,-0.01594899419867517,0.7072392610627481,1.299853097174238,-0.4424116035629445,0.113144103928995
1.2719268836423367,0.5713708336889765,-1.3822778296478158,-0.3586924225369675,0.45214594522751633,-0.7693177038035366,-0.4424116035629445,0.31541470108113895
-1.1415966147302186,-0.08020954456279278,-1.3822778296478158,0.4410422435857146,0.7072392610627481,1.299853097174238,1.5777327049436507,0.4114932347284073
0.06516513445605905,-0.08020954456279278,-1.3822778296478158,0.3267944341396172,0.7072392610627481,-0.7693177038035366,3.597877013450246,0.4114932347284073
1.2719268836423367,1.5487414010666303,-1.3822778296478158,-0.01594899419867517,0.173862327952718,-0.7693177038035366,-0.4424116035629445,0.113144103928995
0.06516513445605905,1.5487414010666303,-1.3822778296478158,1.8120159569388838,0.6608586581836151,-0.7693177038035366,-0.4424116035629445,0.113144103928995
0.06516513445605905,-0.08020954456279278,-1.3822778296478158,-0.9870553744905034,-0.7305594281903766,-0.7693177038035366,-0.4424116035629445,0.4114932347284073
1.2719268836423367,-1.3833703010663312,-1.3822778296478158,0.2125466246935197,0.173862327952718,-0.7693177038035366,-0.4424116035629445,0.07268998449856622
1.2719268836423367,-1.3833703010663312,-1.3822778296478158,-0.9299314697674548,-0.17399219364077992,-0.7693177038035366,-0.4424116035629445,0.07268998449856622
1.2719268836423367,-0.08020954456279278,-1.3822778296478158,-0.01594899419867517,0.24343323227141758,-0.7693177038035366,-0.4424116035629445,0.4114932347284073
1.2719268836423367,-1.3833703010663312,-1.3822778296478158,2.1547593852771763,0.26662353371098413,-0.7693177038035366,-0.4424116035629445,0.07268998449856622
1.2719268836423367,-1.3833703010663312,-1.3822778296478158,0.155422719970471,0.3593847394692502,-0.7693177038035366,-0.4424116035629445,0.07268998449856622
-1.1415966147302186,1.5487414010666303,-1.3822778296478158,-0.3586924225369675,-0.17399219364077992,1.299853097174238,-0.4424116035629445,0.113144103928995
-1.1415966147302186,-0.08020954456279278,-1.3822778296478158,-0.01594899419867517,0.45214594522751633,1.299853097174238,-0.4424116035629445,0.4114932347284073
-1.1415966147302186,0.5713708336889765,-1.3822778296478158,-0.4158163272600162,0.3593847394692502,1.299853097174238,-0.4424116035629445,0.31541470108113895
-1.1415966147302186,-1.3833703010663312,-1.3822778296478158,1.0694051955392505,-0.17399219364077992,1.299853097174238,-0.4424116035629445,0.07268998449856622
0.06516513445605905,1.5487414010666303,-1.3822778296478158,-0.18732070836782133,0.3825750409088168,-0.7693177038035366,-0.4424116035629445,0.113144103928995
-1.1415966147302186,-0.08020954456279278,-1.3822778296478158,-0.5300641367061136,0.3825750409088168,1.299853097174238,1.5777327049436507,0.4114932347284073
0.06516513445605905,-0.08020954456279278,-1.3822778296478158,0.555290053031812,-0.19718249508034646,-0.7693177038035366,-0.4424116035629445,0.4114932347284073
1.2719268836423367,-1.3833703010663312,-1.3822778296478158,0.7266617672009582,0.3593847394692502,-0.7693177038035366,-0.4424116035629445,0.07268998449856622
1.2719268836423367,-1.3833703010663312,-1.3822778296478158,-0.7014358508752598,0.15067202651315148,-0.7693177038035366,-0.4424116035629445,0.07268998449856622
1.2719268836423367,-0.731789922814562,-1.3822778296478158,0.555290053031812,0.26662353371098413,-0.7693177038035366,-0.4424116035629445,0.2092226375762634
1.2719268836423367,0.5713708336889765,-1.3822778296478158,-0.13019680364477262,0.173862327952718,-0.7693177038035366,-0.4424116035629445,0.31541470108113895
0.06516513445605905,1.5487414010666303,-1.3822778296478158,-0.7014358508752598,0.6608586581836151,-0.7693177038035366,-0.4424116035629445,0.113144103928995
-1.1415966147302186,-0.731789922814562,-1.3822778296478158,-0.9299314697674548,0.15067202651315148,1.299853097174238,1.5777327049436507,0.2092226375762634
0.06516513445605905,1.5487414010666303,-1.3822778296478158,4.21121995530693,0.45214594522751633,-0.7693177038035366,-0.4424116035629445,0.113144103928995
0.06516513445605905,1.5487414010666303,-1.3822778296478158,-0.9870553744905034,0.3825750409088168,-0.7693177038035366,-0.4424116035629445,0.113144103928995
-1.1415966147302186,1.5487414010666303,-1.3822778296478158,-0.7014358508752598,0.6608586581836151,1.299853097174238,-0.4424116035629445,0.113144103928995
-1.1415966147302186,0.5713708336889765,-1.3822778296478158,-0.5871880414291624,0.0115302178757523,1.299853097174238,-0.4424116035629445,0.31541470108113895
1.2719268836423367,-0.08020954456279278,-1.3822778296478158,-0.5300641367061136,0.3825750409088168,-0.7693177038035366,1.5777327049436507,0.4114932347284073
-1.1415966147302186,-1.3833703010663312,-1.3822778296478158,0.7266617672009582,0.3593847394692502,1.299853097174238,-0.4424116035629445,0.07268998449856622
-1.1415966147302186,-0.731789922814562,-1.3822778296478158,-0.8156836603213573,0.0115302178757523,1.299853097174238,1.5777327049436507,0.2092226375762634
0.06516513445605905,0.5713708336889765,-1.3822778296478158,-0.872807565044406,-0.12761159076164688,-0.7693177038035366,-0.4424116035629445,0.31541470108113895
-1.1415966147302186,-0.08020954456279278,-1.3822778296478158,-0.872807565044406,-0.17399219364077992,1.299853097174238,-0.4424116035629445,0.4114932347284073
0.06516513445605905,-0.08020954456279278,-1.3822778296478158,-0.7014358508752598,0.24343323227141758,-0.7693177038035366,-0.4424116035629445,0.4114932347284073
-1.1415966147302186,-0.731789922814562,-1.3822778296478158,1.5835203380466891,0.3593847394692502,1.299853097174238,-0.4424116035629445,0.2092226375762634
-1.1415966147302186,-0.731789922814562,-1.3822778296478158,-0.9299314697674548,-0.12761159076164688,1.299853097174238,1.5777327049436507,0.2092226375762634
-1.1415966147302186,-1.3833703010663312,-1.3822778296478158,0.09829881524742227,0.6608586581836151,1.299853097174238,-0.4424116035629445,0.07268998449856622
0.06516513445605905,-0.731789922814562,-1.3822778296478158,-0.6443119461522111,0.7072392610627481,-0.7693177038035366,-0.4424116035629445,0.2092226375762634
-1.1415966147302186,-0.731789922814562,-1.3822778296478158,-0.9870553744905034,0.15067202651315148,1.299853097174238,-0.4424116035629445,0.2092226375762634
0.06516513445605905,0.5713708336889765,-1.3822778296478158,-0.5300641367061136,0.05791082075488536,-0.7693177038035366,-0.4424116035629445,0.31541470108113895
1.2719268836423367,-0.08020954456279278,-1.3822778296478158,-0.4158163272600162,0.24343323227141758,-0.7693177038035366,-0.4424116035629445,0.4114932347284073
-1.1415966147302186,-0.731789922814562,-1.3822778296478158,-0.5871880414291624,-0.7305594281903766,1.299853097174238,-0.4424116035629445,0.2092226375762634
1.2719268836423367,-0.731789922814562,-1.3822778296478158,-0.4158163272600162,0.173862327952718,-0.7693177038035366,-0.4424116035629445,0.2092226375762634
-1.1415966147302186,-1.3833703010663312,-1.3822778296478158,1.5835203380466891,0.26662353371098413,1.299853097174238,-0.4424116035629445,0.07268998449856622
0.06516513445605905,0.5713708336889765,-1.3822778296478158,-0.47294023198306495,0.3593847394692502,-0.7693177038035366,-0.4424116035629445,0.31541470108113895
-1.1415966147302186,-1.3833703010663312,-1.3822778296478158,1.5263964333236404,0.7072392610627481,1.299853097174238,-0.4424116035629445,0.07268998449856622
1.2719268836423367,1.5487414010666303,-1.3822778296478158,-0.6443119461522111,-0.12761159076164688,-0.7693177038035366,-0.4424116035629445,0.113144103928995
0.06516513445605905,0.5713708336889765,-1.3822778296478158,-0.4158163272600162,-0.12761159076164688,-0.7693177038035366,1.5777327049436507,0.31541470108113895
-1.1415966147302186,-1.3833703010663312,-1.3822778296478158,0.26967052941656844,-0.17399219364077992,1.299853097174238,-0.4424116035629445,0.07268998449856622
1.2719268836423367,-0.731789922814562,-1.3822778296478158,-0.5300641367061136,-0.12761159076164688,-0.7693177038035366,3.597877013450246,0.2092226375762634
0.06516513445605905,0.5713708336889765,-1.3822778296478158,-0.7585597555983086,0.3593847394692502,-0.7693177038035366,-0.4424116035629445,0.31541470108113895
1.2719268836423367,0.5713708336889765,-1.3822778296478158,-0.6443119461522111,0.3593847394692502,-0.7693177038035366,-0.4424116035629445,0.31541470108113895
-1.1415966147302186,0.5713708336889765,-1.2434949150245411,4.154096050583881,0.45214594522751633,1.299853097174238,-0.4424116035629445,0.31541470108113895
0.06516513445605905,-1.3833703010663312,-1.2434949150245411,-0.01594899419867517,0.3361944380296837,-0.7693177038035366,-0.4424116035629445,0.07268998449856622
0.06516513445605905,-1.3833703010663312,-1.2434949150245411,-0.7585597555983086,0.6608586581836151,-0.7693177038035366,-0.4424116035629445,0.07268998449856622
1.2719268836423367,-1.3833703010663312,-1.2434949150245411,1.1265291002622992,0.6608586581836151,-0.7693177038035366,-0.4424116035629445,0.07268998449856622
0.06516513445605905,-0.08020954456279278,-1.2434949150245411,1.0694051955392505,0.26662353371098413,-0.7693177038035366,-0.4424116035629445,0.4114932347284073
1.2719268836423367,1.5487414010666303,-1.2434949150245411,-0.01594899419867517,0.3825750409088168,-0.7693177038035366,-0.4424116035629445,0.113144103928995
-1.1415966147302186,-1.3833703010663312,-1.2434949150245411,3.5257330986303455,0.7072392610627481,1.299853097174238,-0.4424116035629445,0.07268998449856622
-1.1415966147302186,0.5713708336889765,-1.2434949150245411,-0.9299314697674548,0.7072392610627481,1.299853097174238,1.5777327049436507,0.31541470108113895
-1.1415966147302186,-0.731789922814562,-1.2434949150245411,0.7266617672009582,0.45214594522751633,1.299853097174238,-0.4424116035629445,0.2092226375762634
-1.1415966147302186,0.5713708336889765,-1.2434949150245411,1.8691398616619324,-0.19718249508034646,1.299853097174238,-0.4424116035629445,0.31541470108113895
-1.1415966147302186,-0.08020954456279278,-1.2434949150245411,1.6977681474927866,0.3593847394692502,1.299853097174238,-0.4424116035629445,0.4114932347284073
-1.1415966147302186,0.5713708336889765,-1.2434949150245411,0.4410422435857146,-0.12761159076164688,1.299853097174238,-0.4424116035629445,0.31541470108113895
-1.1415966147302186,-1.3833703010663312,-1.2434949150245411,2.6688745277846144,-0.7305594281903766,1.299853097174238,-0.4424116035629445,0.07268998449856622
1.2719268836423367,1.5487414010666303,-1.2434949150245411,-0.13019680364477262,0.26662353371098413,-0.7693177038035366,-0.4424116035629445,0.113144103928995
0.06516513445605905,-0.08020954456279278,-1.2434949150245411,0.7266617672009582,0.7072392610627481,-0.7693177038035366,-0.4424116035629445,0.4114932347284073
1.2719268836423367,-0.731789922814562,-1.2434949150245411,1.8691398616619324,-0.17399219364077992,-0.7693177038035366,-0.4424116035629445,0.2092226375762634
-1.1415966147302186,1.5487414010666303,-1.2434949150245411,-0.07307289892172389,0.3593847394692502,1.299853097174238,-0.4424116035629445,0.113144103928995
0.06516513445605905,0.5713708336889765,-1.2434949150245411,0.26967052941656844,0.15067202651315148,-0.7693177038035366,-0.4424116035629445,0.31541470108113895
-1.1415966147302186,-1.3833703010663312,-1.2434949150245411,-0.6443119461522111,0.3593847394692502,1.299853097174238,1.5777327049436507,0.07268998449856622
-1.1415966147302186,-1.3833703010663312,-1.2434949150245411,0.7266617672009582,0.24343323227141758,1.299853097174238,-0.4424116035629445,0.07268998449856622
0.06516513445605905,0.5713708336889765,-1.2434949150245411,1.183653004985348,0.7072392610627481,-0.7693177038035366,-0.4424116035629445,0.31541470108113895
0.06516513445605905,-0.731789922814562,-1.2434949150245411,-0.9299314697674548,-0.12761159076164688,-0.7693177038035366,-0.4424116035629445,0.2092226375762634
1.2719268836423367,-1.3833703010663312,-1.2434949150245411,1.183653004985348,-0.7305594281903766,-0.7693177038035366,-0.4424116035629445,0.07268998449856622
0.06516513445605905,1.5487414010666303,-1.2434949150245411,-0.4158163272600162,0.15067202651315148,-0.7693177038035366,-0.4424116035629445,0.113144103928995
-1.1415966147302186,1.5487414010666303,-1.2434949150245411,-0.7585597555983086,0.3593847394692502,1.299853097174238,-0.4424116035629445,0.113144103928995
1.2719268836423367,0.5713708336889765,-1.2434949150245411,0.3839183388626659,-0.12761159076164688,-0.7693177038035366,-0.4424116035629445,0.31541470108113895
-1.1415966147302186,-1.3833703010663312,-1.2434949150245411,-0.24444461309087007,0.6608586581836151,1.299853097174238,-0.4424116035629445,0.07268998449856622
1.2719268836423367,1.5487414010666303,-1.2434949150245411,-0.6443119461522111,0.3361944380296837,-0.7693177038035366,-0.4424116035629445,0.113144103928995
-1.1415966147302186,-0.08020954456279278,-1.2434949150245411,-0.3015685178139188,-0.19718249508034646,1.299853097174238,-0.4424116035629445,0.4114932347284073
0.06516513445605905,-0.08020954456279278,-1.2434949150245411,1.0694051955392505,-0.7305594281903766,-0.7693177038035366,-0.4424116035629445,0.4114932347284073
1.2719268836423367,-0.08020954456279278,-1.2434949150245411,-0.9299314697674548,-0.12761159076164688,-0.7693177038035366,-0.4424116035629445,0.4114932347284073
1.2719268836423367,-1.3833703010663312,-1.2434949150245411,-0.47294023198306495,-0.19718249508034646,-0.7693177038035366,1.5777327049436507,0.07268998449856622
-1.1415966147302186,0.5713708336889765,-1.2434949150245411,-0.01594899419867517,0.6608586581836151,1.299853097174238,-0.4424116035629445,0.31541470108113895
1.2719268836423367,-1.3833703010663312,-1.2434949150245411,-0.3586924225369675,0.0115302178757523,-0.7693177038035366,-0.4424116035629445,0.07268998449856622
1.2719268836423367,0.5713708336889765,-1.2434949150245411,3.5257330986303455,0.7072392610627481,-0.7693177038035366,-0.4424116035629445,0.31541470108113895
1.2719268836423367,0.5713708336889765,-1.2434949150245411,-0.01594899419867517,0.15067202651315148,-0.7693177038035366,-0.4424116035629445,0.31541470108113895
-1.1415966147302186,-0.08020954456279278,-1.2434949150245411,-0.07307289892172389,0.7072392610627481,1.299853097174238,1.5777327049436507,0.4114932347284073
1.2719268836423367,-0.08020954456279278,-1.2434949150245411,-0.47294023198306495,0.6608586581836151,-0.7693177038035366,-0.4424116035629445,0.4114932347284073
1.2719268836423367,1.5487414010666303,-1.2434949150245411,3.4686091939072967,0.3593847394692502,-0.7693177038035366,-0.4424116035629445,0.113144103928995
1.2719268836423367,-0.731789922814562,-1.2434949150245411,-0.4158163272600162,0.3593847394692502,-0.7693177038035366,1.5777327049436507,0.2092226375762634
0.06516513445605905,-1.3833703010663312,-1.2434949150245411,-0.3586924225369675,-0.17399219364077992,-0.7693177038035366,-0.4424116035629445,0.07268998449856622
-1.1415966147302186,-0.08020954456279278,-1.2434949150245411,-0.6443119461522111,0.173862327952718,1.299853097174238,-0.4424116035629445,0.4114932347284073
-1.1415966147302186,1.5487414010666303,-1.2434949150245411,-0.18732070836782133,0.24343323227141758,1.299853097174238,-0.4424116035629445,0.113144103928995
0.06516513445605905,-0.08020954456279278,-1.2434949150245411,0.26967052941656844,0.15067202651315148,-0.7693177038035366,-0.4424116035629445,0.4114932347284073
-1.1415966147302186,-0.731789922814562,-1.2434949150245411,-0.872807565044406,0.6608586581836151,1.299853097174238,-0.4424116035629445,0.2092226375762634
1.2719268836423367,-1.3833703010663312,-1.2434949150245411,0.8409095766470557,0.3825750409088168,-0.7693177038035366,-0.4424116035629445,0.07268998449856622
-1.1415966147302186,-0.731789922814562,-1.2434949150245411,-0.24444461309087007,0.3593847394692502,1.299853097174238,-0.4424116035629445,0.2092226375762634
0.06516513445605905,-0.731789922814562,-1.2434949150245411,-0.8156836603213573,0.0115302178757523,-0.7693177038035366,-0.4424116035629445,0.2092226375762634
0.06516513445605905,-0.731789922814562,-1.2434949150245411,0.7266617672009582,0.6608586581836151,-0.7693177038035366,-0.4424116035629445,0.2092226375762634
-1.1415966147302186,-1.3833703010663312,-1.2434949150245411,-0.5871880414291624,0.26662353371098413,1.299853097174238,-0.4424116035629445,0.07268998449856622
0.06516513445605905,-0.08020954456279278,-1.2434949150245411,-0.7585597555983086,0.7072392610627481,-0.7693177038035366,-0.4424116035629445,0.4114932347284073
1.2719268836423367,-1.3833703010663312,-1.2434949150245411,-0.9299314697674548,-0.17399219364077992,-0.7693177038035366,-0.4424116035629445,0.07268998449856622
1.2719268836423367,-1.3833703010663312,-1.2434949150245411,-0.5300641367061136,-0.19718249508034646,-0.7693177038035366,-0.4424116035629445,0.07268998449856622
1.2719268836423367,0.5713708336889765,-1.2434949150245411,-0.872807565044406,0.0115302178757523,-0.7693177038035366,1.5777327049436507,0.31541470108113895
1.2719268836423367,0.5713708336889765,-1.2434949150245411,0.3839183388626659,0.3593847394692502,-0.7693177038035366,-0.4424116035629445,0.31541470108113895
0.06516513445605905,1.5487414010666303,-1.2434949150245411,0.09829881524742227,-0.7305594281903766,-0.7693177038035366,-0.4424116035629445,0.113144103928995
0.06516513445605905,-0.731789922814562,-1.2434949150245411,-0.24444461309087007,0.24343323227141758,-0.7693177038035366,-0.4424116035629445,0.2092226375762634
1.2719268836423367,-1.3833703010663312,-1.2434949150245411,-0.9870553744905034,0.3361944380296837,-0.7693177038035366,-0.4424116035629445,0.07268998449856622
-1.1415966147302186,-0.08020954456279278,-1.2434949150245411,0.4981661483087633,0.3361944380296837,1.299853097174238,1.5777327049436507,0.4114932347284073
1.2719268836423367,1.5487414010666303,-1.2434949150245411,2.6688745277846144,0.3825750409088168,-0.7693177038035366,-0.4424116035629445,0.113144103928995
1.2719268836423367,-0.08020954456279278,-1.2434949150245411,2.4403789088924195,-0.12761159076164688,-0.7693177038035366,-0.4424116035629445,0.4114932347284073
1.2719268836423367,-1.3833703010663312,-1.2434949150245411,1.2407769097083967,0.7072392610627481,-0.7693177038035366,-0.4424116035629445,0.07268998449856622
1.2719268836423367,0.5713708336889765,-1.2434949150245411,-0.6443119461522111,0.45214594522751633,-0.7693177038035366,-0.4424116035629445,0.31541470108113895
-1.1415966147302186,-1.3833703010663312,-1.2434949150245411,-0.5871880414291624,-0.7305594281903766,1.299853097174238,-0.4424116035629445,0.07268998449856622
0.06516513445605905,-1.3833703010663312,-1.2434949150245411,-0.07307289892172389,0.24343323227141758,-0.7693177038035366,-0.4424116035629445,0.07268998449856622
0.06516513445605905,1.5487414010666303,-1.2434949150245411,-0.4158163272600162,-0.7305594281903766,-0.7693177038035366,1.5777327049436507,0.113144103928995
-1.1415966147302186,-0.731789922814562,-1.2434949150245411,-0.07307289892172389,0.45214594522751633,1.299853097174238,1.5777327049436507,0.2092226375762634
-1.1415966147302186,-0.08020954456279278,-1.2434949150245411,2.0976354805541275,0.6608586581836151,1.299853097174238,-0.4424116035629445,0.4114932347284073
0.06516513445605905,-1.3833703010663312,-1.2434949150245411,-0.7585597555983086,0.45214594522751633,-0.7693177038035366,1.5777327049436507,0.07268998449856622
-1.1415966147302186,-0.08020954456279278,-1.2434949150245411,-0.07307289892172389,-0.17399219364077992,1.299853097174238,-0.4424116035629445,0.4114932347284073
0.06516513445605905,0.5713708336889765,-1.2434949150245411,-0.7014358508752598,0.45214594522751633,-0.7693177038035366,1.5777327049436507,0.31541470108113895
1.2719268836423367,1.5487414010666303,-1.2434949150245411,-0.3586924225369675,0.24343323227141758,-0.7693177038035366,-0.4424116035629445,0.113144103928995
0.06516513445605905,1.5487414010666303,-1.2434949150245411,-0.13019680364477262,0.45214594522751633,-0.7693177038035366,3.597877013450246,0.113144103928995
0.06516513445605905,-1.3833703010663312,-1.2434949150245411,-0.9299314697674548,0.6608586581836151,-0.7693177038035366,-0.4424116035629445,0.07268998449856622
1.2719268836423367,-1.3833703010663312,-1.2434949150245411,-0.5871880414291624,0.05791082075488536,-0.7693177038035366,-0.4424116035629445,0.07268998449856622
-1.1415966147302186,-0.08020954456279278,-1.2434949150245411,-0.4158163272600162,-0.12761159076164688,1.299853097174238,-0.4424116035629445,0.4114932347284073
0.06516513445605905,-0.08020954456279278,-1.2434949150245411,-0.7014358508752598,0.26662353371098413,-0.7693177038035366,-0.4424116035629445,0.4114932347284073
1.2719268836423367,-0.731789922814562,-1.2434949150245411,-0.5871880414291624,0.7072392610627481,-0.7693177038035366,-0.4424116035629445,0.2092226375762634
0.06516513445605905,1.5487414010666303,-1.2434949150245411,-0.7014358508752598,0.3361944380296837,-0.7693177038035366,-0.4424116035629445,0.113144103928995
1.2719268836423367,-0.731789922814562,-1.2434949150245411,0.155422719970471,-0.17399219364077992,-0.7693177038035366,-0.4424116035629445,0.2092226375762634
1.2719268836423367,-1.3833703010663312,-1.2434949150245411,0.155422719970471,0.3593847394692502,-0.7693177038035366,-0.4424116035629445,0.07268998449856622
1.2719268836423367,-0.731789922814562,-1.2434949150245411,-0.6443119461522111,0.3361944380296837,-0.7693177038035366,1.5777327049436507,0.2092226375762634
1.2719268836423367,-1.3833703010663312,-1.2434949150245411,-0.3586924225369675,0.173862327952718,-0.7693177038035366,-0.4424116035629445,0.07268998449856622
-1.1415966147302186,-0.731789922814562,-1.2434949150245411,4.154096050583881,0.45214594522751633,1.299853097174238,-0.4424116035629445,0.2092226375762634
-1.1415966147302186,-0.08020954456279278,-1.2434949150245411,1.6406442427697379,0.6608586581836151,1.299853097174238,-0.4424116035629445,0.4114932347284073
0.06516513445605905,-1.3833703010663312,-1.2434949150245411,2.8402462419537606,0.6608586581836151,-0.7693177038035366,-0.4424116035629445,0.07268998449856622
1.2719268836423367,-1.3833703010663312,-1.2434949150245411,-0.872807565044406,0.6608586581836151,-0.7693177038035366,1.5777327049436507,0.07268998449856622
0.06516513445605905,0.5713708336889765,-1.2434949150245411,0.3839183388626659,0.3361944380296837,-0.7693177038035366,-0.4424116035629445,0.31541470108113895
-1.1415966147302186,-1.3833703010663312,-1.2434949150245411,-0.8156836603213573,0.7072392610627481,1.299853097174238,-0.4424116035629445,0.07268998449856622
1.2719268836423367,-1.3833703010663312,-1.2434949150245411,4.039848241137784,0.7072392610627481,-0.7693177038035366,-0.4424116035629445,0.07268998449856622
0.06516513445605905,-0.08020954456279278,-1.2434949150245411,-0.18732070836782133,0.26662353371098413,-0.7693177038035366,-0.4424116035629445,0.4114932347284073
-1.1415966147302186,0.5713708336889765,-1.2434949150245411,-0.872807565044406,0.3361944380296837,1.299853097174238,-0.4424116035629445,0.31541470108113895
-1.1415966147302186,-0.08020954456279278,-1.2434949150245411,-0.872807565044406,-0.7305594281903766,1.299853097174238,-0.4424116035629445,0.4114932347284073
-1.1415966147302186,1.5487414010666303,-1.2434949150245411,1.2979008144314454,0.3825750409088168,1.299853097174238,-0.4424116035629445,0.113144103928995
1.2719268836423367,-1.3833703010663312,-1.2434949150245411,-0.6443119461522111,0.45214594522751633,-0.7693177038035366,-0.4424116035629445,0.07268998449856622
0.06516513445605905,1.5487414010666303,-1.2434949150245411,-0.5300641367061136,0.3825750409088168,-0.7693177038035366,1.5777327049436507,0.113144103928995
0.06516513445605905,-1.3833703010663312,-1.2434949150245411,-0.7585597555983086,0.24343323227141758,-0.7693177038035366,-0.4424116035629445,0.07268998449856622
0.06516513445605905,-0.08020954456279278,-1.2434949150245411,-0.872807565044406,0.6608586581836151,-0.7693177038035366,-0.4424116035629445,0.4114932347284073
0.06516513445605905,-1.3833703010663312,-1.2434949150245411,-0.6443119461522111,0.6608586581836151,-0.7693177038035366,-0.4424116035629445,0.07268998449856622
1.2719268836423367,1.5487414010666303,-1.2434949150245411,1.3550247191544942,0.15067202651315148,-0.7693177038035366,-0.4424116035629445,0.113144103928995
0.06516513445605905,0.5713708336889765,-1.2434949150245411,-0.13019680364477262,0.0115302178757523,-0.7693177038035366,-0.4424116035629445,0.31541470108113895
1.2719268836423367,-0.08020954456279278,-1.2434949150245411,4.268343860029979,0.7072392610627481,-0.7693177038035366,-0.4424116035629445,0.4114932347284073
-1.1415966147302186,0.5713708336889765,-1.2434949150245411,1.5263964333236404,0.173862327952718,1.299853097174238,-0.4424116035629445,0.31541470108113895
-1.1415966147302186,-0.731789922814562,-1.2434949150245411,0.555290053031812,0.0115302178757523,1.299853097174238,-0.4424116035629445,0.2092226375762634
-1.1415966147302186,1.5487414010666303,-1.2434949150245411,1.412148623877543,0.24343323227141758,1.299853097174238,-0.4424116035629445,0.113144103928995
0.06516513445605905,-0.08020954456279278,-1.2434949150245411,-0.47294023198306495,0.3825750409088168,-0.7693177038035366,-0.4424116035629445,0.4114932347284073
0.06516513445605905,1.5487414010666303,-1.2434949150245411,-0.872807565044406,0.26662353371098413,-0.7693177038035366,-0.4424116035629445,0.113144103928995
-1.1415966147302186,0.5713708336889765,-1.2434949150245411,2.1547593852771763,0.3593847394692502,1.299853097174238,-0.4424116035629445,0.31541470108113895
0.06516513445605905,-0.731789922814562,-1.2434949150245411,-0.3015685178139188,-0.7305594281903766,-0.7693177038035366,-0.4424116035629445,0.2092226375762634
1.2719268836423367,-0.731789922814562,-1.2434949150245411,-0.47294023198306495,0.45214594522751633,-0.7693177038035366,-0.4424116035629445,0.2092226375762634
1.2719268836423367,1.5487414010666303,-1.2434949150245411,0.4981661483087633,0.0115302178757523,-0.7693177038035366,-0.4424116035629445,0.113144103928995
1.2719268836423367,-0.731789922814562,-1.2434949150245411,0.6124139577548607,0.3593847394692502,-0.7693177038035366,-0.4424116035629445,0.2092226375762634
-1.1415966147302186,-0.731789922814562,-1.2434949150245411,-0.24444461309087007,0.15067202651315148,1.299853097174238,-0.4424116035629445,0.2092226375762634
-1.1415966147302186,1.5487414010666303,-1.2434949150245411,-0.9870553744905034,0.3361944380296837,1.299853097174238,-0.4424116035629445,0.113144103928995
1.2719268836423367,-0.08020954456279278,-1.2434949150245411,-0.18732070836782133,0.24343323227141758,-0.7693177038035366,-0.4424116035629445,0.4114932347284073
1.2719268836423367,-0.08020954456279278,-1.2434949150245411,-0.9299314697674548,0.0115302178757523,-0.7693177038035366,1.5777327049436507,0.4114932347284073
1.2719268836423367,-1.3833703010663312,-1.2434949150245411,0.155422719970471,0.0115302178757523,-0.7693177038035366,1.5777327049436507,0.07268998449856622
0.06516513445605905,-1.3833703010663312,-1.2434949150245411,3.7542287175225404,0.24343323227141758,-0.7693177038035366,-0.4424116035629445,0.07268998449856622
1.2719268836423367,-1.3833703010663312,-1.2434949150245411,-0.5871880414291624,0.3361944380296837,-0.7693177038035366,-0.4424116035629445,0.07268998449856622
1.2719268836423367,-0.08020954456279278,-1.2434949150245411,-0.872807565044406,-0.19718249508034646,-0.7693177038035366,-0.4424116035629445,0.4114932347284073
0.06516513445605905,-0.08020954456279278,-1.2434949150245411,-0.9299314697674548,-0.19718249508034646,-0.7693177038035366,1.5777327049436507,0.4114932347284073
1.2719268836423367,0.5713708336889765,-1.2434949150245411,-0.5871880414291624,0.173862327952718,-0.7693177038035366,-0.4424116035629445,0.31541470108113895
1.2719268836423367,-0.731789922814562,-1.2434949150245411,-0.7585597555983086,0.15067202651315148,-0.7693177038035366,-0.4424116035629445,0.2092226375762634
-1.1415966147302186,-0.08020954456279278,-1.2434949150245411,5.639317573383148,0.0115302178757523,1.299853097174238,-0.4424116035629445,0.4114932347284073
0.06516513445605905,1.5487414010666303,-1.2434949150245411,0.4981661483087633,0.7072392610627481,-0.7693177038035366,-0.4424116035629445,0.113144103928995
1.2719268836423367,-1.3833703010663312,-1.2434949150245411,0.6124139577548607,0.15067202651315148,-0.7693177038035366,-0.4424116035629445,0.07268998449856622
0.06516513445605905,1.5487414010666303,-1.2434949150245411,-0.3015685178139188,-0.12761159076164688,-0.7693177038035366,-0.4424116035629445,0.113144103928995
0.06516513445605905,0.5713708336889765,-1.2434949150245411,-0.9870553744905034,-0.12761159076164688,-0.7693177038035366,1.5777327049436507,0.31541470108113895
0.06516513445605905,-0.08020954456279278,-1.2434949150245411,-0.4158163272600162,0.6608586581836151,-0.7693177038035366,-0.4424116035629445,0.4114932347284073
-1.1415966147302186,1.5487414010666303,-1.2434949150245411,-0.3586924225369675,-0.17399219364077992,1.299853097174238,-0.4424116035629445,0.113144103928995
-1.1415966147302186,-1.3833703010663312,-1.2434949150245411,-0.7014358508752598,0.45214594522751633,1.299853097174238,-0.4424116035629445,0.07268998449856622
0.06516513445605905,-1.3833703010663312,-1.2434949150245411,0.8409095766470557,-0.19718249508034646,-0.7693177038035366,-0.4424116035629445,0.07268998449856622
0.06516513445605905,0.5713708336889765,-1.2434949150245411,-0.47294023198306495,0.7072392610627481,-0.7693177038035366,-0.4424116035629445,0.31541470108113895
-1.1415966147302186,-0.731789922814562,-1.2434949150245411,-0.6443119461522111,-0.7305594281903766,1.299853097174238,-0.4424116035629445,0.2092226375762634
1.2719268836423367,-1.3833703010663312,-1.2434949150245411,-0.4158163272600162,0.7072392610627481,-0.7693177038035366,1.5777327049436507,0.07268998449856622
-1.1415966147302186,-0.08020954456279278,-1.2434949150245411,-0.7014358508752598,0.24343323227141758,1.299853097174238,-0.4424116035629445,0.4114932347284073
-1.1415966147302186,-0.731789922814562,-1.2434949150245411,0.155422719970471,0.3825750409088168,1.299853097174238,-0.4424116035629445,0.2092226375762634
0.06516513445605905,0.5713708336889765,-1.2434949150245411,-0.3015685178139188,0.6608586581836151,-0.7693177038035366,-0.4424116035629445,0.31541470108113895
1.2719268836423367,1.5487414010666303,-1.2434949150245411,1.6977681474927866,0.3361944380296837,-0.7693177038035366,-0.4424116035629445,0.113144103928995
0.06516513445605905,0.5713708336889765,-1.2434949150245411,-0.9870553744905034,0.3593847394692502,-0.7693177038035366,-0.4424116035629445,0.31541470108113895
0.06516513445605905,1.5487414010666303,-1.2434949150245411,-0.01594899419867517,-0.12761159076164688,-0.7693177038035366,-0.4424116035629445,0.113144103928995
-1.1415966147302186,-0.731789922814562,-1.2434949150245411,0.9551573860931531,0.6608586581836151,1.299853097174238,-0.4424116035629445,0.2092226375762634
-1.1415966147302186,-0.731789922814562,-1.2434949150245411,-0.7014358508752598,0.45214594522751633,1.299853097174238,-0.4424116035629445,0.2092226375762634
0.06516513445605905,-1.3833703010663312,-1.2434949150245411,0.6124139577548607,0.6608586581836151,-0.7693177038035366,-0.4424116035629445,0.07268998449856622
1.2719268836423367,1.5487414010666303,-1.2434949150245411,0.155422719970471,0.7072392610627481,-0.7693177038035366,-0.4424116035629445,0.113144103928995
-1.1415966147302186,-1.3833703010663312,-1.2434949150245411,-0.9299314697674548,0.15067202651315148,1.299853097174238,-0.4424116035629445,0.07268998449856622
0.06516513445605905,1.5487414010666303,-1.2434949150245411,0.09829881524742227,0.15067202651315148,-0.7693177038035366,1.5777327049436507,0.113144103928995
-1.1415966147302186,-0.731789922814562,-1.2434949150245411,-0.9870553744905034,0.45214594522751633,1.299853097174238,-0.4424116035629445,0.2092226375762634
-1.1415966147302186,-1.3833703010663312,-1.2434949150245411,-0.6443119461522111,0.173862327952718,1.299853097174238,-0.4424116035629445,0.07268998449856622
1.2719268836423367,-1.3833703010663312,-1.2434949150245411,-0.7585597555983086,0.24343323227141758,-0.7693177038035366,-0.4424116035629445,0.07268998449856622
1.2719268836423367,-1.3833703010663312,-1.2434949150245411,-0.24444461309087007,0.0115302178757523,-0.7693177038035366,-0.4424116035629445,0.07268998449856622
-1.1415966147302186,-0.731789922814562,-1.2434949150245411,-0.3015685178139188,0.6608586581836151,1.299853097174238,-0.4424116035629445,0.2092226375762634
1.2719268836423367,0.5713708336889765,-1.2434949150245411,-0.9299314697674548,0.24343323227141758,-0.7693177038035366,1.5777327049436507,0.31541470108113895
-1.1415966147302186,-0.731789922814562,-1.2434949150245411,1.8120159569388838,-0.19718249508034646,1.299853097174238,-0.4424116035629445,0.2092226375762634
-1.1415966147302186,-0.731789922814562,-1.2434949150245411,-0.4158163272600162,0.15067202651315148,1.299853097174238,-0.4424116035629445,0.2092226375762634
1.2719268836423367,-1.3833703010663312,-1.2434949150245411,0.6124139577548607,0.05791082075488536,-0.7693177038035366,-0.4424116035629445,0.07268998449856622
-1.1415966147302186,-0.08020954456279278,-1.2434949150245411,-0.4158163272600162,0.3361944380296837,1.299853097174238,-0.4424116035629445,0.4114932347284073
0.06516513445605905,-0.08020954456279278,-1.2434949150245411,-0.8156836603213573,0.7072392610627481,-0.7693177038035366,-0.4424116035629445,0.4114932347284073
1.2719268836423367,-0.08020954456279278,-1.2434949150245411,-0.872807565044406,0.45214594522751633,-0.7693177038035366,-0.4424116035629445,0.4114932347284073
1.2719268836423367,0.5713708336889765,-1.2434949150245411,0.155422719970471,0.15067202651315148,-0.7693177038035366,-0.4424116035629445,0.31541470108113895
0.06516513445605905,-0.08020954456279278,-1.2434949150245411,-0.18732070836782133,0.0115302178757523,-0.7693177038035366,-0.4424116035629445,0.4114932347284073
-1.1415966147302186,-0.731789922814562,-1.2434949150245411,0.3839183388626659,0.05791082075488536,1.299853097174238,-0.4424116035629445,0.2092226375762634
0.06516513445605905,-0.731789922814562,-1.2434949150245411,1.4692725286005917,0.6608586581836151,-0.7693177038035366,-0.4424116035629445,0.2092226375762634
-1.1415966147302186,1.5487414010666303,-1.2434949150245411,-0.7014358508752598,0.15067202651315148,1.299853097174238,-0.4424116035629445,0.113144103928995
0.06516513445605905,-0.731789922814562,-1.2434949150245411,-0.18732070836782133,-0.19718249508034646,-0.7693177038035366,-0.4424116035629445,0.2092226375762634
1.2719268836423367,1.5487414010666303,-1.2434949150245411,-0.47294023198306495,0.6608586581836151,-0.7693177038035366,1.5777327049436507,0.113144103928995
0.06516513445605905,1.5487414010666303,-1.2434949150245411,1.754892052215835,0.45214594522751633,-0.7693177038035366,-0.4424116035629445,0.113144103928995
1.2719268836423367,1.5487414010666303,-1.2434949150245411,-0.9870553744905034,0.3361944380296837,-0.7693177038035366,-0.4424116035629445,0.113144103928995
-1.1415966147302186,0.5713708336889765,-1.2434949150245411,-0.13019680364477262,-0.17399219364077992,1.299853097174238,-0.4424116035629445,0.31541470108113895
1.2719268836423367,-0.731789922814562,-1.2434949150245411,0.041174910524373554,0.45214594522751633,-0.7693177038035366,1.5777327049436507,0.2092226375762634
1.2719268836423367,1.5487414010666303,-1.2434949150245411,0.4981661483087633,-0.17399219364077992,-0.7693177038035366,1.5777327049436507,0.113144103928995
1.2719268836423367,-0.08020954456279278,-1.2434949150245411,-0.24444461309087007,0.24343323227141758,-0.7693177038035366,-0.4424116035629445,0.4114932347284073
1.2719268836423367,-1.3833703010663312,-1.2434949150245411,1.0694051955392505,0.26662353371098413,-0.7693177038035366,-0.4424116035629445,0.07268998449856622
0.06516513445605905,-1.3833703010663312,-1.2434949150245411,1.754892052215835,0.0115302178757523,-0.7693177038035366,-0.4424116035629445,0.07268998449856622
1.2719268836423367,-1.3833703010663312,-1.1047120004012665,-0.47294023198306495,-0.12761159076164688,-0.7693177038035366,-0.4424116035629445,0.07268998449856622
1.2719268836423367,1.5487414010666303,-1.1047120004012665,-0.9299314697674548,0.0115302178757523,-0.7693177038035366,1.5777327049436507,0.113144103928995
0.06516513445605905,1.5487414010666303,-1.1047120004012665,-0.3586924225369675,-0.12761159076164688,-0.7693177038035366,1.5777327049436507,0.113144103928995
-1.1415966147302186,-0.08020954456279278,-1.1047120004012665,-0.7014358508752598,-0.17399219364077992,1.299853097174238,-0.4424116035629445,0.4114932347284073
1.2719268836423367,-1.3833703010663312,-1.1047120004012665,-0.47294023198306495,-0.17399219364077992,-0.7693177038035366,1.5777327049436507,0.07268998449856622
1.2719268836423367,0.5713708336889765,-1.1047120004012665,-0.47294023198306495,0.3593847394692502,-0.7693177038035366,-0.4424116035629445,0.31541470108113895
1.2719268836423367,-0.731789922814562,-1.1047120004012665,-0.13019680364477262,0.05791082075488536,-0.7693177038035366,-0.4424116035629445,0.2092226375762634
1.2719268836423367,1.5487414010666303,-1.1047120004012665,-0.8156836603213573,0.7072392610627481,-0.7693177038035366,-0.4424116035629445,0.113144103928995
0.06516513445605905,1.5487414010666303,-1.1047120004012665,-0.5300641367061136,0.45214594522751633,-0.7693177038035366,-0.4424116035629445,0.113144103928995
0.06516513445605905,-0.08020954456279278,-1.1047120004012665,-0.3586924225369675,0.7072392610627481,-0.7693177038035366,1.5777327049436507,0.4114932347284073
0.06516513445605905,-1.3833703010663312,-1.1047120004012665,-0.9870553744905034,-0.19718249508034646,-0.7693177038035366,-0.4424116035629445,0.07268998449856622
-1.1415966147302186,-0.08020954456279278,-1.1047120004012665,-0.07307289892172389,-0.19718249508034646,1.299853097174238,1.5777327049436507,0.4114932347284073
0.06516513445605905,-0.08020954456279278,-1.1047120004012665,-0.9299314697674548,0.7072392610627481,-0.7693177038035366,3.597877013450246,0.4114932347284073
-1.1415966147302186,0.5713708336889765,-1.1047120004012665,0.155422719970471,0.05791082075488536,1.299853097174238,1.5777327049436507,0.31541470108113895
1.2719268836423367,-0.731789922814562,-1.1047120004012665,-0.9299314697674548,0.3593847394692502,-0.7693177038035366,-0.4424116035629445,0.2092226375762634
1.2719268836423367,0.5713708336889765,-1.1047120004012665,-0.7014358508752598,0.173862327952718,-0.7693177038035366,-0.4424116035629445,0.31541470108113895
1.2719268836423367,0.5713708336889765,-1.1047120004012665,-0.872807565044406,0.45214594522751633,-0.7693177038035366,1.5777327049436507,0.31541470108113895
1.2719268836423367,1.5487414010666303,-1.1047120004012665,-0.4158163272600162,0.6608586581836151,-0.7693177038035366,-0.4424116035629445,0.113144103928995
-1.1415966147302186,0.5713708336889765,-1.1047120004012665,-0.5300641367061136,0.6608586581836151,1.299853097174238,-0.4424116035629445,0.31541470108113895
-1.1415966147302186,-1.3833703010663312,-1.1047120004012665,-0.6443119461522111,0.3593847394692502,1.299853097174238,1.5777327049436507,0.07268998449856622
1.2719268836423367,-1.3833703010663312,-1.1047120004012665,-0.18732070836782133,0.6608586581836151,-0.7693177038035366,1.5777327049436507,0.07268998449856622
0.06516513445605905,-1.3833703010663312,-1.1047120004012665,0.4410422435857146,-0.19718249508034646,-0.7693177038035366,-0.4424116035629445,0.07268998449856622
-1.1415966147302186,-0.731789922814562,-1.1047120004012665,0.2125466246935197,0.3593847394692502,1.299853097174238,-0.4424116035629445,0.2092226375762634
0.06516513445605905,1.5487414010666303,-1.1047120004012665,-0.872807565044406,0.24343323227141758,-0.7693177038035366,-0.4424116035629445,0.113144103928995
1.2719268836423367,-0.731789922814562,-1.1047120004012665,-0.24444461309087007,0.3593847394692502,-0.7693177038035366,1.5777327049436507,0.2092226375762634
0.06516513445605905,0.5713708336889765,-1.1047120004012665,0.6124139577548607,0.05791082075488536,-0.7693177038035366,-0.4424116035629445,0.31541470108113895
-1.1415966147302186,1.5487414010666303,-1.1047120004012665,-0.5871880414291624,0.0115302178757523,1.299853097174238,-0.4424116035629445,0.113144103928995
0.06516513445605905,-0.08020954456279278,-1.1047120004012665,-0.47294023198306495,0.6608586581836151,-0.7693177038035366,-0.4424116035629445,0.4114932347284073
-1.1415966147302186,-0.08020954456279278,-1.1047120004012665,-0.5871880414291624,0.3825750409088168,1.299853097174238,-0.4424116035629445,0.4114932347284073
0.06516513445605905,1.5487414010666303,-1.1047120004012665,0.555290053031812,-0.7305594281903766,-0.7693177038035366,-0.4424116035629445,0.113144103928995
0.06516513445605905,-0.08020954456279278,-1.1047120004012665,-0.9299314697674548,0.3593847394692502,-0.7693177038035366,-0.4424116035629445,0.4114932347284073
-1.1415966147302186,-0.731789922814562,-1.1047120004012665,-0.7585597555983086,0.05791082075488536,1.299853097174238,1.5777327049436507,0.2092226375762634
0.06516513445605905,1.5487414010666303,-1.1047120004012665,-0.01594899419867517,0.6608586581836151,-0.7693177038035366,-0.4424116035629445,0.113144103928995
-1.1415966147302186,-0.731789922814562,-1.1047120004012665,-0.7014358508752598,0.24343323227141758,1.299853097174238,-0.4424116035629445,0.2092226375762634
-1.1415966147302186,-1.3833703010663312,-1.1047120004012665,-0.7014358508752598,0.7072392610627481,1.299853097174238,-0.4424116035629445,0.07268998449856622
0.06516513445605905,-1.3833703010663312,-1.1047120004012665,-0.872807565044406,0.45214594522751633,-0.7693177038035366,-0.4424116035629445,0.07268998449856622
-1.1415966147302186,0.5713708336889765,-1.1047120004012665,-0.8156836603213573,0.45214594522751633,1.299853097174238,1.5777327049436507,0.31541470108113895
1.2719268836423367,-0.08020954456279278,-1.1047120004012665,1.183653004985348,0.3593847394692502,-0.7693177038035366,-0.4424116035629445,0.4114932347284073
0.06516513445605905,-0.08020954456279278,-1.1047120004012665,1.2979008144314454,0.15067202651315148,-0.7693177038035366,-0.4424116035629445,0.4114932347284073
-1.1415966147302186,-1.3833703010663312,-1.1047120004012665,0.26967052941656844,0.3593847394692502,1.299853097174238,-0.4424116035629445,0.07268998449856622
0.06516513445605905,-0.731789922814562,-1.1047120004012665,-0.18732070836782133,0.15067202651315148,-0.7693177038035366,1.5777327049436507,0.2092226375762634
0.06516513445605905,-0.08020954456279278,-1.1047120004012665,-0.9299314697674548,0.7072392610627481,-0.7693177038035366,-0.4424116035629445,0.4114932347284073
1.2719268836423367,-0.08020954456279278,-1.1047120004012665,-0.5871880414291624,0.6608586581836151,-0.7693177038035366,-0.4424116035629445,0.4114932347284073
-1.1415966147302186,-0.731789922814562,-1.1047120004012665,-0.01594899419867517,-0.7305594281903766,1.299853097174238,-0.4424116035629445,0.2092226375762634
-1.1415966147302186,-0.08020954456279278,-1.1047120004012665,-0.3015685178139188,-0.17399219364077992,1.299853097174238,-0.4424116035629445,0.4114932347284073
1.2719268836423367,-0.731789922814562,-1.1047120004012665,-0.8156836603213573,0.3825750409088168,-0.7693177038035366,-0.4424116035629445,0.2092226375762634
-1.1415966147302186,-0.731789922814562,-1.1047120004012665,-0.4158163272600162,0.15067202651315148,1.299853097174238,-0.4424116035629445,0.2092226375762634
0.06516513445605905,-0.08020954456279278,-1.1047120004012665,-0.8156836603213573,0.173862327952718,-0.7693177038035366,-0.4424116035629445,0.4114932347284073
-1.1415966147302186,-0.731789922814562,-1.1047120004012665,0.7266617672009582,-0.7305594281903766,1.299853097174238,1.5777327049436507,0.2092226375762634
1.2719268836423367,-0.08020954456279278,-1.1047120004012665,-0.7585597555983086,-0.12761159076164688,-0.7693177038035366,-0.4424116035629445,0.4114932347284073
0.06516513445605905,1.5487414010666303,-1.1047120004012665,0.6124139577548607,0.6608586581836151,-0.7693177038035366,-0.4424116035629445,0.113144103928995
1.2719268836423367,0.5713708336889765,-1.1047120004012665,0.155422719970471,0.3825750409088168,-0.7693177038035366,-0.4424116035629445,0.31541470108113895
-1.1415966147302186,-0.731789922814562,-1.1047120004012665,3.011617956122907,0.3825750409088168,1.299853097174238,-0.4424116035629445,0.2092226375762634
-1.1415966147302186,-1.3833703010663312,-1.1047120004012665,2.1547593852771763,0.3825750409088168,1.299853097174238,1.5777327049436507,0.07268998449856622
-1.1415966147302186,0.5713708336889765,-1.1047120004012665,0.7266617672009582,0.173862327952718,1.299853097174238,-0.4424116035629445,0.31541470108113895
0.06516513445605905,-0.08020954456279278,-1.1047120004012665,-0.872807565044406,0.3593847394692502,-0.7693177038035366,-0.4424116035629445,0.4114932347284073
1.2719268836423367,0.5713708336889765,-1.1047120004012665,-0.8156836603213573,-0.7305594281903766,-0.7693177038035366,-0.4424116035629445,0.31541470108113895
0.06516513445605905,0.5713708336889765,-1.1047120004012665,1.926263766384981,0.3593847394692502,-0.7693177038035366,1.5777327049436507,0.31541470108113895
-1.1415966147302186,-0.731789922814562,-1.1047120004012665,0.9551573860931531,0.26662353371098413,1.299853097174238,-0.4424116035629445,0.2092226375762634
1.2719268836423367,-1.3833703010663312,-1.1047120004012665,0.2125466246935197,0.3593847394692502,-0.7693177038035366,-0.4424116035629445,0.07268998449856622
-1.1415966147302186,0.5713708336889765,-1.1047120004012665,1.0122812908162018,0.26662353371098413,1.299853097174238,1.5777327049436507,0.31541470108113895
0.06516513445605905,-0.08020954456279278,-1.1047120004012665,-0.3015685178139188,0.0115302178757523,-0.7693177038035366,-0.4424116035629445,0.4114932347284073
1.2719268836423367,0.5713708336889765,-1.1047120004012665,0.7266617672009582,-0.7305594281903766,-0.7693177038035366,-0.4424116035629445,0.31541470108113895
1.2719268836423367,0.5713708336889765,-1.1047120004012665,-0.24444461309087007,0.173862327952718,-0.7693177038035366,-0.4424116035629445,0.31541470108113895
0.06516513445605905,-0.08020954456279278,-1.1047120004012665,-0.47294023198306495,0.173862327952718,-0.7693177038035366,1.5777327049436507,0.4114932347284073
-1.1415966147302186,1.5487414010666303,-1.1047120004012665,2.4403789088924195,0.45214594522751633,1.299853097174238,-0.4424116035629445,0.113144103928995
-1.1415966147302186,-0.731789922814562,-1.1047120004012665,-0.3586924225369675,-0.17399219364077992,1.299853097174238,-0.4424116035629445,0.2092226375762634
1.2719268836423367,-0.731789922814562,-1.1047120004012665,-0.872807565044406,0.3361944380296837,-0.7693177038035366,-0.4424116035629445,0.2092226375762634
0.06516513445605905,-0.731789922814562,-1.1047120004012665,-0.47294023198306495,0.173862327952718,-0.7693177038035366,-0.4424116035629445,0.2092226375762634
1.2719268836423367,1.5487414010666303,-1.1047120004012665,-0.01594899419867517,0.7072392610627481,-0.7693177038035366,-0.4424116035629445,0.113144103928995
1.2719268836423367,0.5713708336889765,-1.1047120004012665,-0.872807565044406,0.6608586581836151,-0.7693177038035366,-0.4424116035629445,0.31541470108113895
0.06516513445605905,-1.3833703010663312,-1.1047120004012665,-0.8156836603213573,0.173862327952718,-0.7693177038035366,1.5777327049436507,0.07268998449856622
0.06516513445605905,-1.3833703010663312,-1.1047120004012665,-0.13019680364477262,0.6608586581836151,-0.7693177038035366,1.5777327049436507,0.07268998449856622
1.2719268836423367,-1.3833703010663312,-1.1047120004012665,-0.8156836603213573,0.3593847394692502,-0.7693177038035366,-0.4424116035629445,0.07268998449856622
0.06516513445605905,-0.731789922814562,-1.1047120004012665,-0.9299314697674548,0.45214594522751633,-0.7693177038035366,-0.4424116035629445,0.2092226375762634
0.06516513445605905,-0.731789922814562,-1.1047120004012665,1.5835203380466891,0.7072392610627481,-0.7693177038035366,-0.4424116035629445,0.2092226375762634
0.06516513445605905,-1.3833703010663312,-1.1047120004012665,0.3839183388626659,0.15067202651315148,-0.7693177038035366,-0.4424116035629445,0.07268998449856622
-1.1415966147302186,-0.08020954456279278,-1.1047120004012665,-0.3586924225369675,-0.7305594281903766,1.299853097174238,-0.4424116035629445,0.4114932347284073
-1.1415966147302186,0.5713708336889765,-1.1047120004012665,-0.7014358508752598,-0.17399219364077992,1.299853097174238,-0.4424116035629445,0.31541470108113895
1.2719268836423367,-0.08020954456279278,-1.1047120004012665,-0.7585597555983086,0.3593847394692502,-0.7693177038035366,-0.4424116035629445,0.4114932347284073
0.06516513445605905,1.5487414010666303,-1.1047120004012665,0.09829881524742227,0.3593847394692502,-0.7693177038035366,-0.4424116035629445,0.113144103928995
-1.1415966147302186,-1.3833703010663312,-1.1047120004012665,1.1265291002622992,0.6608586581836151,1.299853097174238,-0.4424116035629445,0.07268998449856622
0.06516513445605905,0.5713708336889765,-1.1047120004012665,-0.6443119461522111,0.24343323227141758,-0.7693177038035366,-0.4424116035629445,0.31541470108113895
0.06516513445605905,-1.3833703010663312,-1.1047120004012665,-0.6443119461522111,0.26662353371098413,-0.7693177038035366,-0.4424116035629445,0.07268998449856622
1.2719268836423367,0.5713708336889765,-1.1047120004012665,-0.24444461309087007,0.3593847394692502,-0.7693177038035366,-0.4424116035629445,0.31541470108113895
-1.1415966147302186,-1.3833703010663312,-1.1047120004012665,-0.6443119461522111,0.3825750409088168,1.299853097174238,-0.4424116035629445,0.07268998449856622
0.06516513445605905,-1.3833703010663312,-1.1047120004012665,-0.7585597555983086,0.6608586581836151,-0.7693177038035366,1.5777327049436507,0.07268998449856622
1.2719268836423367,1.5487414010666303,-1.1047120004012665,-0.7014358508752598,0.7072392610627481,-0.7693177038035366,-0.4424116035629445,0.113144103928995
-1.1415966147302186,1.5487414010666303,-1.1047120004012665,2.6688745277846144,0.6608586581836151,1.299853097174238,-0.4424116035629445,0.113144103928995
-1.1415966147302186,-0.08020954456279278,-1.1047120004012665,3.5257330986303455,0.3361944380296837,1.299853097174238,-0.4424116035629445,0.4114932347284073
1.2719268836423367,1.5487414010666303,-1.1047120004012665,-0.7014358508752598,0.15067202651315148,-0.7693177038035366,-0.4424116035629445,0.113144103928995
0.06516513445605905,-1.3833703010663312,-1.1047120004012665,0.041174910524373554,0.7072392610627481,-0.7693177038035366,-0.4424116035629445,0.07268998449856622
0.06516513445605905,1.5487414010666303,-1.1047120004012665,-0.8156836603213573,0.3593847394692502,-0.7693177038035366,-0.4424116035629445,0.113144103928995
0.06516513445605905,0.5713708336889765,-1.1047120004012665,-0.24444461309087007,0.3825750409088168,-0.7693177038035366,-0.4424116035629445,0.31541470108113895
1.2719268836423367,-0.08020954456279278,-1.1047120004012665,0.041174910524373554,0.24343323227141758,-0.7693177038035366,-0.4424116035629445,0.4114932347284073
1.2719268836423367,-1.3833703010663312,-1.1047120004012665,3.5257330986303455,-0.7305594281903766,-0.7693177038035366,-0.4424116035629445,0.07268998449856622
1.2719268836423367,-0.731789922814562,-1.1047120004012665,3.639980908076443,0.7072392610627481,-0.7693177038035366,-0.4424116035629445,0.2092226375762634
-1.1415966147302186,0.5713708336889765,-1.1047120004012665,-0.9299314697674548,0.3361944380296837,1.299853097174238,-0.4424116035629445,0.31541470108113895
-1.1415966147302186,-0.08020954456279278,-1.1047120004012665,-0.872807565044406,0.3361944380296837,1.299853097174238,1.5777327049436507,0.4114932347284073
1.2719268836423367,0.5713708336889765,-1.1047120004012665,1.5835203380466891,0.3593847394692502,-0.7693177038035366,-0.4424116035629445,0.31541470108113895
-1.1415966147302186,1.5487414010666303,-1.1047120004012665,1.0694051955392505,0.173862327952718,1.299853097174238,-0.4424116035629445,0.113144103928995
0.06516513445605905,-0.08020954456279278,-1.1047120004012665,-0.8156836603213573,0.6608586581836151,-0.7693177038035366,-0.4424116035629445,0.4114932347284073
1.2719268836423367,-0.731789922814562,-1.1047120004012665,0.09829881524742227,0.15067202651315148,-0.7693177038035366,-0.4424116035629445,0.2092226375762634
-1.1415966147302186,-0.731789922814562,-1.1047120004012665,1.2407769097083967,0.3593847394692502,1.299853097174238,-0.4424116035629445,0.2092226375762634
-1.1415966147302186,-1.3833703010663312,-1.1047120004012665,0.09829881524742227,-0.12761159076164688,1.299853097174238,-0.4424116035629445,0.07268998449856622
1.2719268836423367,-0.731789922814562,-1.1047120004012665,-0.4158163272600162,0.15067202651315148,-0.7693177038035366,-0.4424116035629445,0.2092226375762634
-1.1415966147302186,1.5487414010666303,-1.1047120004012665,0.555290053031812,0.45214594522751633,1.299853097174238,-0.4424116035629445,0.113144103928995
1.2719268836423367,0.5713708336889765,-1.1047120004012665,2.211883290000225,0.3593847394692502,-0.7693177038035366,-0.4424116035629445,0.31541470108113895
0.06516513445605905,-0.731789922814562,-1.1047120004012665,1.2979008144314454,0.6608586581836151,-0.7693177038035366,-0.4424116035629445,0.2092226375762634
0.06516513445605905,1.5487414010666303,-1.1047120004012665,-0.4158163272600162,0.45214594522751633,-0.7693177038035366,-0.4424116035629445,0.113144103928995
0.06516513445605905,-0.08020954456279278,-1.1047120004012665,-0.9299314697674548,0.6608586581836151,-0.7693177038035366,-0.4424116035629445,0.4114932347284073
1.2719268836423367,-0.08020954456279278,-1.1047120004012665,-0.5871880414291624,0.45214594522751633,-0.7693177038035366,1.5777327049436507,0.4114932347284073
1.2719268836423367,-1.3833703010663312,-1.1047120004012665,0.26967052941656844,0.0115302178757523,-0.7693177038035366,-0.4424116035629445,0.07268998449856622
0.06516513445605905,-0.731789922814562,-1.1047120004012665,0.155422719970471,0.6608586581836151,-0.7693177038035366,-0.4424116035629445,0.2092226375762634
-1.1415966147302186,-0.731789922814562,-1.1047120004012665,-0.7585597555983086,-0.7305594281903766,1.299853097174238,-0.4424116035629445,0.2092226375762634
1.2719268836423367,1.5487414010666303,-1.1047120004012665,0.555290053031812,-0.17399219364077992,-0.7693177038035366,-0.4424116035629445,0.113144103928995
1.2719268836423367,-0.731789922814562,-1.1047120004012665,-0.6443119461522111,0.7072392610627481,-0.7693177038035366,-0.4424116035629445,0.2092226375762634
1.2719268836423367,-0.731789922814562,-1.1047120004012665,1.0122812908162018,0.15067202651315148,-0.7693177038035366,-0.4424116035629445,0.2092226375762634
0.06516513445605905,-0.08020954456279278,-1.1047120004012665,4.154096050583881,-0.12761159076164688,-0.7693177038035366,-0.4424116035629445,0.4114932347284073
-1.1415966147302186,1.5487414010666303,-1.1047120004012665,1.183653004985348,0.0115302178757523,1.299853097174238,-0.4424116035629445,0.113144103928995
-1.1415966147302186,1.5487414010666303,-1.1047120004012665,3.7542287175225404,0.15067202651315148,1.299853097174238,-0.4424116035629445,0.113144103928995
0.06516513445605905,0.5713708336889765,-1.1047120004012665,0.555290053031812,0.15067202651315148,-0.7693177038035366,1.5777327049436507,0.31541470108113895
-1.1415966147302186,-0.731789922814562,-1.1047120004012665,-0.5300641367061136,-0.7305594281903766,1.299853097174238,-0.4424116035629445,0.2092226375762634
-1.1415966147302186,0.5713708336889765,-1.1047120004012665,0.09829881524742227,0.15067202651315148,1.299853097174238,-0.4424116035629445,0.31541470108113895
0.06516513445605905,1.5487414010666303,-1.1047120004012665,0.3839183388626659,0.26662353371098413,-0.7693177038035366,-0.4424116035629445,0.113144103928995
-1.1415966147302186,-0.731789922814562,-1.1047120004012665,-0.7585597555983086,-0.12761159076164688,1.299853097174238,-0.4424116035629445,0.2092226375762634
1.2719268836423367,0.5713708336889765,-1.1047120004012665,0.555290053031812,0.15067202651315148,-0.7693177038035366,-0.4424116035629445,0.31541470108113895
1.2719268836423367,-0.08020954456279278,-1.1047120004012665,0.7837856719240069,-0.19718249508034646,-0.7693177038035366,-0.4424116035629445,0.4114932347284073
1.2719268836423367,0.5713708336889765,-1.1047120004012665,-0.3015685178139188,0.0115302178757523,-0.7693177038035366,-0.4424116035629445,0.31541470108113895
-1.1415966147302186,0.5713708336889765,-1.1047120004012665,0.6124139577548607,-0.12761159076164688,1.299853097174238,-0.4424116035629445,0.31541470108113895
0.06516513445605905,-0.08020954456279278,-1.1047120004012665,-0.872807565044406,0.15067202651315148,-0.7693177038035366,-0.4424116035629445,0.4114932347284073
-1.1415966147302186,-1.3833703010663312,-1.1047120004012665,0.7266617672009582,-0.17399219364077992,1.299853097174238,-0.4424116035629445,0.07268998449856622
0.06516513445605905,0.5713708336889765,-1.1047120004012665,-0.4158163272600162,0.05791082075488536,-0.7693177038035366,-0.4424116035629445,0.31541470108113895
0.06516513445605905,-0.731789922814562,-1.1047120004012665,0.7837856719240069,0.6608586581836151,-0.7693177038035366,-0.4424116035629445,0.2092226375762634
-1.1415966147302186,1.5487414010666303,-1.1047120004012665,0.3839183388626659,0.0115302178757523,1.299853097174238,-0.4424116035629445,0.113144103928995
-1.1415966147302186,-1.3833703010663312,-1.1047120004012665,-0.18732070836782133,0.15067202651315148,1.299853097174238,-0.4424116035629445,0.07268998449856622
-1.1415966147302186,-1.3833703010663312,-1.1047120004012665,-0.4158163272600162,0.173862327952718,1.299853097174238,-0.4424116035629445,0.07268998449856622
-1.1415966147302186,-0.08020954456279278,-1.1047120004012665,-0.6443119461522111,0.6608586581836151,1.299853097174238,1.5777327049436507,0.4114932347284073
0.06516513445605905,1.5487414010666303,-1.1047120004012665,0.9551573860931531,0.3825750409088168,-0.7693177038035366,-0.4424116035629445,0.113144103928995
-1.1415966147302186,-0.731789922814562,-1.1047120004012665,-0.6443119461522111,0.0115302178757523,1.299853097174238,-0.4424116035629445,0.2092226375762634
0.06516513445605905,-1.3833703010663312,-1.1047120004012665,-0.47294023198306495,-0.12761159076164688,-0.7693177038035366,-0.4424116035629445,0.07268998449856622
0.06516513445605905,0.5713708336889765,-1.1047120004012665,-0.18732070836782133,0.3361944380296837,-0.7693177038035366,-0.4424116035629445,0.31541470108113895
-1.1415966147302186,-0.731789922814562,-1.1047120004012665,-0.5871880414291624,0.05791082075488536,1.299853097174238,-0.4424116035629445,0.2092226375762634
-1.1415966147302186,-0.08020954456279278,-1.1047120004012665,-0.7014358508752598,0.3825750409088168,1.299853097174238,1.5777327049436507,0.4114932347284073
-1.1415966147302186,1.5487414010666303,-1.1047120004012665,-0.47294023198306495,-0.12761159076164688,1.299853097174238,-0.4424116035629445,0.113144103928995
0.06516513445605905,0.5713708336889765,-1.1047120004012665,-0.9870553744905034,0.26662353371098413,-0.7693177038035366,1.5777327049436507,0.31541470108113895
1.2719268836423367,1.5487414010666303,-1.1047120004012665,-0.5871880414291624,0.3593847394692502,-0.7693177038035366,-0.4424116035629445,0.113144103928995
-1.1415966147302186,-0.08020954456279278,-1.1047120004012665,-0.8156836603213573,0.3593847394692502,1.299853097174238,1.5777327049436507,0.4114932347284073
-1.1415966147302186,0.5713708336889765,-1.1047120004012665,0.7266617672009582,0.26662353371098413,1.299853097174238,1.5777327049436507,0.31541470108113895
0.06516513445605905,-0.08020954456279278,-1.1047120004012665,-0.13019680364477262,0.45214594522751633,-0.7693177038035366,-0.4424116035629445,0.4114932347284073
0.06516513445605905,-1.3833703010663312,-1.1047120004012665,2.0976354805541275,0.24343323227141758,-0.7693177038035366,-0.4424116035629445,0.07268998449856622
-1.1415966147302186,-0.731789922814562,-1.1047120004012665,0.3839183388626659,-0.12761159076164688,1.299853097174238,-0.4424116035629445,0.2092226375762634
-1.1415966147302186,-1.3833703010663312,-1.1047120004012665,-0.8156836603213573,0.173862327952718,1.299853097174238,-0.4424116035629445,0.07268998449856622
0.06516513445605905,-1.3833703010663312,-1.1047120004012665,0.3839183388626659,-0.19718249508034646,-0.7693177038035366,-0.4424116035629445,0.07268998449856622
-1.1415966147302186,-0.08020954456279278,-1.1047120004012665,-0.5300641367061136,-0.19718249508034646,1.299853097174238,1.5777327049436507,0.4114932347284073
-1.1415966147302186,0.5713708336889765,-1.1047120004012665,-0.7014358508752598,0.24343323227141758,1.299853097174238,-0.4424116035629445,0.31541470108113895
1.2719268836423367,0.5713708336889765,-1.1047120004012665,-0.872807565044406,0.15067202651315148,-0.7693177038035366,-0.4424116035629445,0.31541470108113895
0.06516513445605905,-0.731789922814562,-1.1047120004012665,-0.8156836603213573,-0.12761159076164688,-0.7693177038035366,1.5777327049436507,0.2092226375762634
0.06516513445605905,-1.3833703010663312,-1.1047120004012665,-0.13019680364477262,0.15067202651315148,-0.7693177038035366,1.5777327049436507,0.07268998449856622
1.2719268836423367,0.5713708336889765,-1.1047120004012665,-0.6443119461522111,0.6608586581836151,-0.7693177038035366,-0.4424116035629445,0.31541470108113895
-1.1415966147302186,-0.08020954456279278,-1.1047120004012665,-0.7014358508752598,0.15067202651315148,1.299853097174238,-0.4424116035629445,0.4114932347284073
1.2719268836423367,-0.731789922814562,-1.1047120004012665,2.3832550041693707,-0.12761159076164688,-0.7693177038035366,-0.4424116035629445,0.2092226375762634
-1.1415966147302186,1.5487414010666303,-1.1047120004012665,-0.872807565044406,0.3593847394692502,1.299853097174238,-0.4424116035629445,0.113144103928995
-1.1415966147302186,0.5713708336889765,-1.1047120004012665,1.2979008144314454,0.7072392610627481,1.299853097174238,-0.4424116035629445,0.31541470108113895
1.2719268836423367,-1.3833703010663312,-1.1047120004012665,0.9551573860931531,0.24343323227141758,-0.7693177038035366,-0.4424116035629445,0.07268998449856622
1.2719268836423367,-0.731789922814562,-1.1047120004012665,1.2407769097083967,-0.19718249508034646,-0.7693177038035366,-0.4424116035629445,0.2092226375762634
-1.1415966147302186,0.5713708336889765,-1.1047120004012665,-0.7014358508752598,0.26662353371098413,1.299853097174238,-0.4424116035629445,0.31541470108113895
1.2719268836423367,-0.731789922814562,-1.1047120004012665,1.8120159569388838,0.3361944380296837,-0.7693177038035366,-0.4424116035629445,0.2092226375762634
1.2719268836423367,-0.08020954456279278,-1.1047120004012665,1.2407769097083967,-0.17399219364077992,-0.7693177038035366,-0.4424116035629445,0.4114932347284073
1.2719268836423367,1.5487414010666303,-1.1047120004012665,0.09829881524742227,0.15067202651315148,-0.7693177038035366,-0.4424116035629445,0.113144103928995
-1.1415966147302186,0.5713708336889765,-1.1047120004012665,-0.13019680364477262,0.3825750409088168,1.299853097174238,-0.4424116035629445,0.31541470108113895
0.06516513445605905,-1.3833703010663312,-1.1047120004012665,-0.8156836603213573,0.6608586581836151,-0.7693177038035366,-0.4424116035629445,0.07268998449856622
0.06516513445605905,-0.731789922814562,-1.1047120004012665,-0.9299314697674548,0.3825750409088168,-0.7693177038035366,1.5777327049436507,0.2092226375762634
0.06516513445605905,-0.731789922814562,-1.1047120004012665,1.754892052215835,-0.17399219364077992,-0.7693177038035366,-0.4424116035629445,0.2092226375762634
1.2719268836423367,-0.08020954456279278,-1.1047120004012665,-0.13019680364477262,0.6608586581836151,-0.7693177038035366,-0.4424116035629445,0.4114932347284073
0.06516513445605905,-0.731789922814562,-1.1047120004012665,-0.5300641367061136,-0.12761159076164688,-0.7693177038035366,-0.4424116035629445,0.2092226375762634
0.06516513445605905,-0.731789922814562,-1.1047120004012665,-0.7014358508752598,0.45214594522751633,-0.7693177038035366,1.5777327049436507,0.2092226375762634
1.2719268836423367,1.5487414010666303,-1.1047120004012665,-0.9870553744905034,0.6608586581836151,-0.7693177038035366,-0.4424116035629445,0.113144103928995
-1.1415966147302186,-0.731789922814562,-1.1047120004012665,-0.07307289892172389,0.7072392610627481,1.299853097174238,-0.4424116035629445,0.2092226375762634
0.06516513445605905,0.5713708336889765,-1.1047120004012665,0.6124139577548607,-0.17399219364077992,-0.7693177038035366,-0.4424116035629445,0.31541470108113895
0.06516513445605905,-0.731789922814562,-1.1047120004012665,-0.9299314697674548,0.15067202651315148,-0.7693177038035366,-0.4424116035629445,0.2092226375762634
1.2719268836423367,-1.3833703010663312,-1.1047120004012665,1.8120159569388838,0.15067202651315148,-0.7693177038035366,-0.4424116035629445,0.07268998449856622
1.2719268836423367,1.5487414010666303,-1.1047120004012665,-0.7585597555983086,0.6608586581836151,-0.7693177038035366,-0.4424116035629445,0.113144103928995
1.2719268836423367,0.5713708336889765,-1.1047120004012665,-0.7014358508752598,-0.17399219364077992,-0.7693177038035366,1.5777327049436507,0.31541470108113895
0.06516513445605905,-0.08020954456279278,-1.1047120004012665,-0.5871880414291624,0.173862327952718,-0.7693177038035366,-0.4424116035629445,0.4114932347284073
0.06516513445605905,-0.08020954456279278,-1.1047120004012665,0.09829881524742227,-0.7305594281903766,-0.7693177038035366,-0.4424116035629445,0.4114932347284073
1.2719268836423367,-0.08020954456279278,-1.1047120004012665,-0.6443119461522111,0.3593847394692502,-0.7693177038035366,-0.4424116035629445,0.4114932347284073
1.2719268836423367,0.5713708336889765,-1.1047120004012665,-0.8156836603213573,0.45214594522751633,-0.7693177038035366,-0.4424116035629445,0.31541470108113895
1.2719268836423367,0.5713708336889765,-1.1047120004012665,-0.13019680364477262,0.05791082075488536,-0.7693177038035366,-0.4424116035629445,0.31541470108113895
-1.1415966147302186,-0.08020954456279278,-1.1047120004012665,0.8409095766470557,0.173862327952718,1.299853097174238,-0.4424116035629445,0.4114932347284073
-1.1415966147302186,0.5713708336889765,-1.1047120004012665,0.3839183388626659,0.24343323227141758,1.299853097174238,-0.4424116035629445,0.31541470108113895
1.2719268836423367,-0.731789922814562,-1.1047120004012665,0.8409095766470557,0.0115302178757523,-0.7693177038035366,-0.4424116035629445,0.2092226375762634
-1.1415966147302186,-0.731789922814562,-1.1047120004012665,1.5263964333236404,0.26662353371098413,1.299853097174238,-0.4424116035629445,0.2092226375762634
-1.1415966147302186,0.5713708336889765,-1.1047120004012665,-0.6443119461522111,0.26662353371098413,1.299853097174238,1.5777327049436507,0.31541470108113895
1.2719268836423367,1.5487414010666303,-1.1047120004012665,-0.6443119461522111,0.24343323227141758,-0.7693177038035366,-0.4424116035629445,0.113144103928995
0.06516513445605905,1.5487414010666303,-1.1047120004012665,-0.6443119461522111,-0.7305594281903766,-0.7693177038035366,-0.4424116035629445,0.113144103928995
0.06516513445605905,-0.08020954456279278,-1.1047120004012665,-0.7585597555983086,-0.19718249508034646,-0.7693177038035366,-0.4424116035629445,0.4114932347284073
1.2719268836423367,0.5713708336889765,-1.1047120004012665,0.6124139577548607,0.26662353371098413,-0.7693177038035366,3.597877013450246,0.31541470108113895
-1.1415966147302186,1.5487414010666303,-1.1047120004012665,-0.47294023198306495,0.6608586581836151,1.299853097174238,-0.4424116035629445,0.113144103928995
1.2719268836423367,-0.731789922814562,-1.1047120004012665,-0.8156836603213573,-0.19718249508034646,-0.7693177038035366,1.5777327049436507,0.2092226375762634
0.06516513445605905,-0.731789922814562,-1.1047120004012665,-0.7585597555983086,-0.19718249508034646,-0.7693177038035366,3.597877013450246,0.2092226375762634
1.2719268836423367,-1.3833703010663312,-1.1047120004012665,-0.3015685178139188,0.3593847394692502,-0.7693177038035366,-0.4424116035629445,0.07268998449856622
-1.1415966147302186,-0.731789922814562,-0.9659290857779917,-0.5871880414291624,-0.17399219364077992,1.299853097174238,-0.4424116035629445,0.2092226375762634
1.2719268836423367,0.5713708336889765,-0.9659290857779917,0.3839183388626659,0.3593847394692502,-0.7693177038035366,1.5777327049436507,0.31541470108113895
-1.1415966147302186,-0.731789922814562,-0.9659290857779917,1.8120159569388838,0.15067202651315148,1.299853097174238,-0.4424116035629445,0.2092226375762634
-1.1415966147302186,0.5713708336889765,-0.9659290857779917,-0.9299314697674548,0.15067202651315148,1.299853097174238,-0.4424116035629445,0.31541470108113895
0.06516513445605905,-0.08020954456279278,-0.9659290857779917,1.2979008144314454,0.05791082075488536,-0.7693177038035366,-0.4424116035629445,0.4114932347284073
-1.1415966147302186,-0.08020954456279278,-0.9659290857779917,-0.7585597555983086,-0.19718249508034646,1.299853097174238,-0.4424116035629445,0.4114932347284073
0.06516513445605905,0.5713708336889765,-0.9659290857779917,1.6977681474927866,0.05791082075488536,-0.7693177038035366,1.5777327049436507,0.31541470108113895
0.06516513445605905,1.5487414010666303,-0.9659290857779917,-0.01594899419867517,0.15067202651315148,-0.7693177038035366,-0.4424116035629445,0.113144103928995
-1.1415966147302186,-0.08020954456279278,-0.9659290857779917,-0.24444461309087007,0.45214594522751633,1.299853097174238,-0.4424116035629445,0.4114932347284073
0.06516513445605905,-0.08020954456279278,-0.9659290857779917,-0.6443119461522111,0.15067202651315148,-0.7693177038035366,1.5777327049436507,0.4114932347284073
0.06516513445605905,1.5487414010666303,-0.9659290857779917,-0.5300641367061136,0.15067202651315148,-0.7693177038035366,-0.4424116035629445,0.113144103928995
0.06516513445605905,0.5713708336889765,-0.9659290857779917,-0.9299314697674548,0.26662353371098413,-0.7693177038035366,-0.4424116035629445,0.31541470108113895
0.06516513445605905,-1.3833703010663312,-0.9659290857779917,-0.5871880414291624,-0.19718249508034646,-0.7693177038035366,-0.4424116035629445,0.07268998449856622
-1.1415966147302186,-1.3833703010663312,-0.9659290857779917,-0.8156836603213573,0.0115302178757523,1.299853097174238,-0.4424116035629445,0.07268998449856622
1.2719268836423367,-1.3833703010663312,-0.9659290857779917,-0.01594899419867517,0.15067202651315148,-0.7693177038035366,3.597877013450246,0.07268998449856622
1.2719268836423367,1.5487414010666303,-0.9659290857779917,1.3550247191544942,-0.19718249508034646,-0.7693177038035366,-0.4424116035629445,0.113144103928995
1.2719268836423367,-0.08020954456279278,-0.9659290857779917,1.8120159569388838,0.3593847394692502,-0.7693177038035366,-0.4424116035629445,0.4114932347284073
-1.1415966147302186,-0.08020954456279278,-0.9659290857779917,0.2125466246935197,0.3593847394692502,1.299853097174238,1.5777327049436507,0.4114932347284073
-1.1415966147302186,-0.731789922814562,-0.9659290857779917,-0.3586924225369675,-0.19718249508034646,1.299853097174238,-0.4424116035629445,0.2092226375762634
1.2719268836423367,-1.3833703010663312,-0.9659290857779917,3.639980908076443,-0.17399219364077992,-0.7693177038035366,-0.4424116035629445,0.07268998449856622
1.2719268836423367,1.5487414010666303,-0.9659290857779917,0.041174910524373554,0.3361944380296837,-0.7693177038035366,-0.4424116035629445,0.113144103928995
0.06516513445605905,0.5713708336889765,-0.9659290857779917,-0.9299314697674548,-0.7305594281903766,-0.7693177038035366,-0.4424116035629445,0.31541470108113895
0.06516513445605905,-0.08020954456279278,-0.9659290857779917,-0.47294023198306495,0.0115302178757523,-0.7693177038035366,-0.4424116035629445,0.4114932347284073
0.06516513445605905,-0.08020954456279278,-0.9659290857779917,0.6695378624779095,0.3593847394692502,-0.7693177038035366,-0.4424116035629445,0.4114932347284073
1.2719268836423367,-1.3833703010663312,-0.9659290857779917,1.183653004985348,0.15067202651315148,-0.7693177038035366,-0.4424116035629445,0.07268998449856622
0.06516513445605905,-0.731789922814562,-0.9659290857779917,-0.5871880414291624,0.15067202651315148,-0.7693177038035366,1.5777327049436507,0.2092226375762634
0.06516513445605905,-0.08020954456279278,-0.9659290857779917,-0.4158163272600162,0.3825750409088168,-0.7693177038035366,-0.4424116035629445,0.4114932347284073
0.06516513445605905,0.5713708336889765,-0.9659290857779917,0.155422719970471,0.24343323227141758,-0.7693177038035366,3.597877013450246,0.31541470108113895
0.06516513445605905,1.5487414010666303,-0.9659290857779917,-0.9870553744905034,0.15067202651315148,-0.7693177038035366,-0.4424116035629445,0.113144103928995
-1.1415966147302186,-0.731789922814562,-0.9659290857779917,0.3267944341396172,0.05791082075488536,1.299853097174238,-0.4424116035629445,0.2092226375762634
-1.1415966147302186,-0.731789922814562,-0.9659290857779917,-0.7585597555983086,0.15067202651315148,1.299853097174238,-0.4424116035629445,0.2092226375762634
1.2719268836423367,1.5487414010666303,-0.9659290857779917,-0.8156836603213573,0.0115302178757523,-0.7693177038035366,-0.4424116035629445,0.113144103928995
1.2719268836423367,-0.731789922814562,-0.9659290857779917,0.09829881524742227,0.26662353371098413,-0.7693177038035366,-0.4424116035629445,0.2092226375762634
0.06516513445605905,-0.731789922814562,-0.9659290857779917,-0.7585597555983086,0.05791082075488536,-0.7693177038035366,1.5777327049436507,0.2092226375762634
-1.1415966147302186,0.5713708336889765,-0.9659290857779917,-0.7014358508752598,0.6608586581836151,1.299853097174238,-0.4424116035629445,0.31541470108113895
-1.1415966147302186,-0.08020954456279278,-0.9659290857779917,-0.7014358508752598,0.3593847394692502,1.299853097174238,-0.4424116035629445,0.4114932347284073
-1.1415966147302186,-0.731789922814562,-0.9659290857779917,-0.5871880414291624,-0.17399219364077992,1.299853097174238,-0.4424116035629445,0.2092226375762634
1.2719268836423367,-0.731789922814562,-0.9659290857779917,-0.13019680364477262,0.26662353371098413,-0.7693177038035366,1.5777327049436507,0.2092226375762634
1.2719268836423367,-0.08020954456279278,-0.9659290857779917,3.639980908076443,0.3825750409088168,-0.7693177038035366,-0.4424116035629445,0.4114932347284073
-1.1415966147302186,-0.08020954456279278,-0.9659290857779917,-0.7585597555983086,0.3593847394692502,1.299853097174238,-0.4424116035629445,0.4114932347284073
1.2719268836423367,-0.731789922814562,-0.9659290857779917,0.09829881524742227,0.05791082075488536,-0.7693177038035366,-0.4424116035629445,0.2092226375762634
0.06516513445605905,1.5487414010666303,-0.9659290857779917,0.155422719970471,0.173862327952718,-0.7693177038035366,-0.4424116035629445,0.113144103928995
-1.1415966147302186,-0.731789922814562,-0.9659290857779917,-0.872807565044406,0.15067202651315148,1.299853097174238,-0.4424116035629445,0.2092226375762634
0.06516513445605905,-1.3833703010663312,-0.9659290857779917,-0.8156836603213573,0.3825750409088168,-0.7693177038035366,1.5777327049436507,0.07268998449856622
0.06516513445605905,1.5487414010666303,-0.9659290857779917,-0.7585597555983086,0.15067202651315148,-0.7693177038035366,1.5777327049436507,0.113144103928995
1.2719268836423367,1.5487414010666303,-0.9659290857779917,-0.8156836603213573,-0.12761159076164688,-0.7693177038035366,-0.4424116035629445,0.113144103928995
1.2719268836423367,-0.08020954456279278,-0.9659290857779917,-0.24444461309087007,0.15067202651315148,-0.7693177038035366,3.597877013450246,0.4114932347284073
-1.1415966147302186,-0.731789922814562,-0.9659290857779917,-0.3586924225369675,0.3593847394692502,1.299853097174238,-0.4424116035629445,0.2092226375762634
0.06516513445605905,0.5713708336889765,-0.9659290857779917,1.412148623877543,0.26662353371098413,-0.7693177038035366,-0.4424116035629445,0.31541470108113895
1.2719268836423367,-0.731789922814562,-0.9659290857779917,-0.7585597555983086,0.45214594522751633,-0.7693177038035366,-0.4424116035629445,0.2092226375762634
-1.1415966147302186,-0.08020954456279278,-0.9659290857779917,-0.7014358508752598,0.6608586581836151,1.299853097174238,-0.4424116035629445,0.4114932347284073
0.06516513445605905,1.5487414010666303,-0.9659290857779917,0.3267944341396172,0.15067202651315148,-0.7693177038035366,-0.4424116035629445,0.113144103928995
0.06516513445605905,-0.08020954456279278,-0.9659290857779917,-0.9299314697674548,0.0115302178757523,-0.7693177038035366,-0.4424116035629445,0.4114932347284073
1.2719268836423367,-1.3833703010663312,-0.9659290857779917,0.8409095766470557,0.3593847394692502,-0.7693177038035366,-0.4424116035629445,0.07268998449856622
1.2719268836423367,-0.08020954456279278,-0.9659290857779917,-0.872807565044406,0.3593847394692502,-0.7693177038035366,1.5777327049436507,0.4114932347284073
0.06516513445605905,-0.731789922814562,-0.9659290857779917,-0.9299314697674548,0.3593847394692502,-0.7693177038035366,3.597877013450246,0.2092226375762634
-1.1415966147302186,-1.3833703010663312,-0.9659290857779917,-0.5300641367061136,-0.7305594281903766,1.299853097174238,-0.4424116035629445,0.07268998449856622
-1.1415966147302186,-0.08020954456279278,-0.9659290857779917,0.7266617672009582,0.6608586581836151,1.299853097174238,-0.4424116035629445,0.4114932347284073
0.06516513445605905,-0.08020954456279278,-0.9659290857779917,-0.5300641367061136,0.05791082075488536,-0.7693177038035366,-0.4424116035629445,0.4114932347284073
1.2719268836423367,-0.731789922814562,-0.9659290857779917,1.6406442427697379,0.6608586581836151,-0.7693177038035366,1.5777327049436507,0.2092226375762634
0.06516513445605905,-0.08020954456279278,-0.9659290857779917,-0.47294023198306495,0.7072392610627481,-0.7693177038035366,-0.4424116035629445,0.4114932347284073
1.2719268836423367,-0.08020954456279278,-0.9659290857779917,0.09829881524742227,0.173862327952718,-0.7693177038035366,-0.4424116035629445,0.4114932347284073
-1.1415966147302186,0.5713708336889765,-0.9659290857779917,-0.872807565044406,0.6608586581836151,1.299853097174238,-0.4424116035629445,0.31541470108113895
-1.1415966147302186,-0.08020954456279278,-0.9659290857779917,0.3839183388626659,0.6608586581836151,1.299853097174238,1.5777327049436507,0.4114932347284073
0.06516513445605905,-0.731789922814562,-0.9659290857779917,1.4692725286005917,0.3361944380296837,-0.7693177038035366,-0.4424116035629445,0.2092226375762634
0.06516513445605905,-0.731789922814562,-0.9659290857779917,-0.07307289892172389,0.6608586581836151,-0.7693177038035366,1.5777327049436507,0.2092226375762634
-1.1415966147302186,-0.08020954456279278,-0.9659290857779917,3.2972374797381505,-0.17399219364077992,1.299853097174238,-0.4424116035629445,0.4114932347284073
-1.1415966147302186,-0.08020954456279278,-0.9659290857779917,-0.3586924225369675,0.173862327952718,1.299853097174238,-0.4424116035629445,0.4114932347284073
-1.1415966147302186,-0.08020954456279278,-0.9659290857779917,-0.8156836603213573,0.3593847394692502,1.299853097174238,-0.4424116035629445,0.4114932347284073
1.2719268836423367,1.5487414010666303,-0.9659290857779917,0.26967052941656844,0.15067202651315148,-0.7693177038035366,-0.4424116035629445,0.113144103928995
1.2719268836423367,1.5487414010666303,-0.9659290857779917,1.183653004985348,-0.17399219364077992,-0.7693177038035366,-0.4424116035629445,0.113144103928995
-1.1415966147302186,0.5713708336889765,-0.9659290857779917,-0.18732070836782133,0.15067202651315148,1.299853097174238,-0.4424116035629445,0.31541470108113895
0.06516513445605905,-1.3833703010663312,-0.9659290857779917,-0.07307289892172389,0.15067202651315148,-0.7693177038035366,-0.4424116035629445,0.07268998449856622
1.2719268836423367,-0.08020954456279278,-0.9659290857779917,-0.5300641367061136,0.3593847394692502,-0.7693177038035366,-0.4424116035629445,0.4114932347284073
1.2719268836423367,0.5713708336889765,-0.9659290857779917,0.041174910524373554,0.6608586581836151,-0.7693177038035366,-0.4424116035629445,0.31541470108113895
-1.1415966147302186,0.5713708336889765,-0.9659290857779917,0.26967052941656844,0.3593847394692502,1.299853097174238,1.5777327049436507,0.31541470108113895
1.2719268836423367,1.5487414010666303,-0.9659290857779917,-0.7014358508752598,0.173862327952718,-0.7693177038035366,-0.4424116035629445,0.113144103928995
0.06516513445605905,1.5487414010666303,-0.9659290857779917,0.3839183388626659,0.3825750409088168,-0.7693177038035366,-0.4424116035629445,0.113144103928995
0.06516513445605905,-0.08020954456279278,-0.9659290857779917,-0.4158163272600162,-0.19718249508034646,-0.7693177038035366,-0.4424116035629445,0.4114932347284073
1.2719268836423367,-0.08020954456279278,-0.9659290857779917,-0.5871880414291624,0.6608586581836151,-0.7693177038035366,-0.4424116035629445,0.4114932347284073
-1.1415966147302186,-1.3833703010663312,-0.9659290857779917,-0.6443119461522111,0.26662353371098413,1.299853097174238,-0.4424116035629445,0.07268998449856622
1.2719268836423367,-0.08020954456279278,-0.9659290857779917,-0.18732070836782133,0.6608586581836151,-0.7693177038035366,1.5777327049436507,0.4114932347284073
1.2719268836423367,0.5713708336889765,-0.9659290857779917,-0.07307289892172389,0.26662353371098413,-0.7693177038035366,1.5777327049436507,0.31541470108113895
0.06516513445605905,-0.731789922814562,-0.9659290857779917,-0.24444461309087007,0.6608586581836151,-0.7693177038035366,-0.4424116035629445,0.2092226375762634
-1.1415966147302186,-0.731789922814562,-0.9659290857779917,-0.47294023198306495,0.7072392610627481,1.299853097174238,-0.4424116035629445,0.2092226375762634
-1.1415966147302186,0.5713708336889765,-0.9659290857779917,-0.872807565044406,0.15067202651315148,1.299853097174238,-0.4424116035629445,0.31541470108113895
0.06516513445605905,1.5487414010666303,-0.9659290857779917,-0.8156836603213573,0.0115302178757523,-0.7693177038035366,-0.4424116035629445,0.113144103928995
1.2719268836423367,-1.3833703010663312,-0.9659290857779917,0.2125466246935197,0.6608586581836151,-0.7693177038035366,1.5777327049436507,0.07268998449856622
-1.1415966147302186,-1.3833703010663312,-0.9659290857779917,-0.9299314697674548,0.15067202651315148,1.299853097174238,1.5777327049436507,0.07268998449856622
1.2719268836423367,-0.08020954456279278,-0.9659290857779917,-0.13019680364477262,0.6608586581836151,-0.7693177038035366,-0.4424116035629445,0.4114932347284073
-1.1415966147302186,-1.3833703010663312,-0.9659290857779917,-0.3586924225369675,0.26662353371098413,1.299853097174238,-0.4424116035629445,0.07268998449856622
0.06516513445605905,-0.731789922814562,-0.9659290857779917,-0.872807565044406,0.15067202651315148,-0.7693177038035366,3.597877013450246,0.2092226375762634
0.06516513445605905,-0.08020954456279278,-0.9659290857779917,-0.8156836603213573,0.6608586581836151,-0.7693177038035366,1.5777327049436507,0.4114932347284073
0.06516513445605905,-0.08020954456279278,-0.9659290857779917,-0.9299314697674548,0.3825750409088168,-0.7693177038035366,-0.4424116035629445,0.4114932347284073
1.2719268836423367,0.5713708336889765,-0.9659290857779917,-0.5300641367061136,0.24343323227141758,-0.7693177038035366,-0.4424116035629445,0.31541470108113895
1.2719268836423367,-0.08020954456279278,-0.9659290857779917,1.0122812908162018,0.3825750409088168,-0.7693177038035366,1.5777327049436507,0.4114932347284073
0.06516513445605905,-0.731789922814562,-0.9659290857779917,0.2125466246935197,0.6608586581836151,-0.7693177038035366,-0.4424116035629445,0.2092226375762634
1.2719268836423367,-0.731789922814562,-0.9659290857779917,-0.4158163272600162,-0.12761159076164688,-0.7693177038035366,-0.4424116035629445,0.2092226375762634
1.2719268836423367,1.5487414010666303,-0.9659290857779917,-0.6443119461522111,-0.7305594281903766,-0.7693177038035366,-0.4424116035629445,0.113144103928995
1.2719268836423367,-0.731789922814562,-0.9659290857779917,2.211883290000225,0.24343323227141758,-0.7693177038035366,-0.4424116035629445,0.2092226375762634
0.06516513445605905,-0.08020954456279278,-0.9659290857779917,-0.13019680364477262,0.45214594522751633,-0.7693177038035366,-0.4424116035629445,0.4114932347284073
0.06516513445605905,0.5713708336889765,-0.9659290857779917,-0.6443119461522111,0.6608586581836151,-0.7693177038035366,-0.4424116035629445,0.31541470108113895
1.2719268836423367,-1.3833703010663312,-0.9659290857779917,-0.8156836603213573,0.05791082075488536,-0.7693177038035366,-0.4424116035629445,0.07268998449856622
1.2719268836423367,1.5487414010666303,-0.9659290857779917,-0.7014358508752598,0.6608586581836151,-0.7693177038035366,1.5777327049436507,0.113144103928995
1.2719268836423367,1.5487414010666303,-0.9659290857779917,0.26967052941656844,0.15067202651315148,-0.7693177038035366,-0.4424116035629445,0.113144103928995
1.2719268836423367,-1.3833703010663312,-0.9659290857779917,-0.6443119461522111,0.24343323227141758,-0.7693177038035366,1.5777327049436507,0.07268998449856622
1.2719268836423367,1.5487414010666303,-0.9659290857779917,0.7837856719240069,0.6608586581836151,-0.7693177038035366,1.5777327049436507,0.113144103928995
1.2719268836423367,-1.3833703010663312,-0.9659290857779917,-0.8156836603213573,0.24343323227141758,-0.7693177038035366,1.5777327049436507,0.07268998449856622
1.2719268836423367,-0.08020954456279278,-0.9659290857779917,-0.4158163272600162,0.15067202651315148,-0.7693177038035366,-0.4424116035629445,0.4114932347284073
1.2719268836423367,-0.08020954456279278,-0.9659290857779917,0.26967052941656844,0.26662353371098413,-0.7693177038035366,-0.4424116035629445,0.4114932347284073
-1.1415966147302186,-0.731789922814562,-0.9659290857779917,-0.9299314697674548,0.26662353371098413,1.299853097174238,1.5777327049436507,0.2092226375762634
0.06516513445605905,-0.08020954456279278,-0.9659290857779917,-0.4158163272600162,0.7072392610627481,-0.7693177038035366,-0.4424116035629445,0.4114932347284073
1.2719268836423367,0.5713708336889765,-0.9659290857779917,-0.6443119461522111,0.3593847394692502,-0.7693177038035366,-0.4424116035629445,0.31541470108113895
1.2719268836423367,-0.731789922814562,-0.9659290857779917,-0.5300641367061136,0.45214594522751633,-0.7693177038035366,-0.4424116035629445,0.2092226375762634
0.06516513445605905,-0.08020954456279278,-0.9659290857779917,0.2125466246935197,0.7072392610627481,-0.7693177038035366,1.5777327049436507,0.4114932347284073
0.06516513445605905,-1.3833703010663312,-0.9659290857779917,-0.24444461309087007,0.3361944380296837,-0.7693177038035366,-0.4424116035629445,0.07268998449856622
1.2719268836423367,-0.08020954456279278,-0.9659290857779917,2.954494051399858,0.24343323227141758,-0.7693177038035366,-0.4424116035629445,0.4114932347284073
1.2719268836423367,-0.08020954456279278,-0.9659290857779917,-0.7014358508752598,0.3593847394692502,-0.7693177038035366,-0.4424116035629445,0.4114932347284073
0.06516513445605905,-0.08020954456279278,-0.9659290857779917,-0.3586924225369675,-0.17399219364077992,-0.7693177038035366,-0.4424116035629445,0.4114932347284073
-1.1415966147302186,0.5713708336889765,-0.9659290857779917,-0.3586924225369675,0.3593847394692502,1.299853097174238,1.5777327049436507,0.31541470108113895
0.06516513445605905,-1.3833703010663312,-0.9659290857779917,-0.9299314697674548,0.0115302178757523,-0.7693177038035366,-0.4424116035629445,0.07268998449856622
1.2719268836423367,0.5713708336889765,-0.9659290857779917,-0.7585597555983086,0.45214594522751633,-0.7693177038035366,-0.4424116035629445,0.31541470108113895
1.2719268836423367,-1.3833703010663312,-0.9659290857779917,-0.9299314697674548,-0.19718249508034646,-0.7693177038035366,-0.4424116035629445,0.07268998449856622
-1.1415966147302186,-0.731789922814562,-0.9659290857779917,0.3267944341396172,0.24343323227141758,1.299853097174238,1.5777327049436507,0.2092226375762634
-1.1415966147302186,1.5487414010666303,-0.9659290857779917,0.3267944341396172,0.24343323227141758,1.299853097174238,1.5777327049436507,0.113144103928995
-1.1415966147302186,-1.3833703010663312,-0.9659290857779917,-0.01594899419867517,0.173862327952718,1.299853097174238,-0.4424116035629445,0.07268998449856622
1.2719268836423367,-1.3833703010663312,-0.9659290857779917,-0.47294023198306495,0.3593847394692502,-0.7693177038035366,-0.4424116035629445,0.07268998449856622
-1.1415966147302186,-1.3833703010663312,-0.9659290857779917,2.6117506230615657,0.24343323227141758,1.299853097174238,-0.4424116035629445,0.07268998449856622
0.06516513445605905,-0.731789922814562,-0.9659290857779917,-0.13019680364477262,-0.12761159076164688,-0.7693177038035366,-0.4424116035629445,0.2092226375762634
-1.1415966147302186,1.5487414010666303,-0.9659290857779917,-0.3015685178139188,0.6608586581836151,1.299853097174238,-0.4424116035629445,0.113144103928995
0.06516513445605905,0.5713708336889765,-0.9659290857779917,0.3839183388626659,0.45214594522751633,-0.7693177038035366,-0.4424116035629445,0.31541470108113895
1.2719268836423367,1.5487414010666303,-0.9659290857779917,-0.47294023198306495,0.173862327952718,-0.7693177038035366,-0.4424116035629445,0.113144103928995
1.2719268836423367,-1.3833703010663312,-0.9659290857779917,-0.872807565044406,0.26662353371098413,-0.7693177038035366,-0.4424116035629445,0.07268998449856622
0.06516513445605905,-0.08020954456279278,-0.9659290857779917,-0.7585597555983086,-0.17399219364077992,-0.7693177038035366,-0.4424116035629445,0.4114932347284073
0.06516513445605905,0.5713708336889765,-0.9659290857779917,-0.9299314697674548,-0.17399219364077992,-0.7693177038035366,1.5777327049436507,0.31541470108113895
1.2719268836423367,-0.08020954456279278,-0.9659290857779917,-0.47294023198306495,0.173862327952718,-0.7693177038035366,1.5777327049436507,0.4114932347284073
-1.1415966147302186,-1.3833703010663312,-0.9659290857779917,-0.7585597555983086,0.7072392610627481,1.299853097174238,-0.4424116035629445,0.07268998449856622
1.2719268836423367,-0.731789922814562,-0.9659290857779917,5.010954621429613,0.26662353371098413,-0.7693177038035366,-0.4424116035629445,0.2092226375762634
0.06516513445605905,-0.08020954456279278,-0.9659290857779917,0.155422719970471,0.3593847394692502,-0.7693177038035366,-0.4424116035629445,0.4114932347284073
0.06516513445605905,-1.3833703010663312,-0.9659290857779917,-0.9870553744905034,0.0115302178757523,-0.7693177038035366,-0.4424116035629445,0.07268998449856622
0.06516513445605905,0.5713708336889765,-0.9659290857779917,0.8980334813701044,0.3825750409088168,-0.7693177038035366,-0.4424116035629445,0.31541470108113895
0.06516513445605905,-1.3833703010663312,-0.9659290857779917,1.2407769097083967,0.3593847394692502,-0.7693177038035366,-0.4424116035629445,0.07268998449856622
1.2719268836423367,0.5713708336889765,-0.9659290857779917,-0.7585597555983086,0.45214594522751633,-0.7693177038035366,-0.4424116035629445,0.31541470108113895
-1.1415966147302186,1.5487414010666303,-0.9659290857779917,1.6406442427697379,-0.17399219364077992,1.299853097174238,-0.4424116035629445,0.113144103928995
-1.1415966147302186,-1.3833703010663312,-0.9659290857779917,0.26967052941656844,-0.19718249508034646,1.299853097174238,-0.4424116035629445,0.07268998449856622
0.06516513445605905,-1.3833703010663312,-0.9659290857779917,-0.9870553744905034,0.3825750409088168,-0.7693177038035366,-0.4424116035629445,0.07268998449856622
-1.1415966147302186,-0.731789922814562,-0.9659290857779917,1.4692725286005917,0.6608586581836151,1.299853097174238,-0.4424116035629445,0.2092226375762634
0.06516513445605905,-1.3833703010663312,-0.9659290857779917,0.6695378624779095,0.3825750409088168,-0.7693177038035366,-0.4424116035629445,0.07268998449856622
-1.1415966147302186,0.5713708336889765,-0.9659290857779917,-0.872807565044406,0.45214594522751633,1.299853097174238,-0.4424116035629445,0.31541470108113895
1.2719268836423367,-0.731789922814562,-0.9659290857779917,0.7837856719240069,0.05791082075488536,-0.7693177038035366,-0.4424116035629445,0.2092226375762634
-1.1415966147302186,-1.3833703010663312,-0.9659290857779917,0.7837856719240069,0.3361944380296837,1.299853097174238,-0.4424116035629445,0.07268998449856622
-1.1415966147302186,0.5713708336889765,-0.9659290857779917,-0.9299314697674548,0.173862327952718,1.299853097174238,-0.4424116035629445,0.31541470108113895
-1.1415966147302186,-0.08020954456279278,-0.9659290857779917,1.183653004985348,0.3825750409088168,1.299853097174238,-0.4424116035629445,0.4114932347284073
0.06516513445605905,-0.731789922814562,-0.9659290857779917,-0.5871880414291624,0.15067202651315148,-0.7693177038035366,-0.4424116035629445,0.2092226375762634
-1.1415966147302186,1.5487414010666303,-0.9659290857779917,-0.07307289892172389,0.3361944380296837,1.299853097174238,-0.4424116035629445,0.113144103928995
0.06516513445605905,-0.08020954456279278,-0.9659290857779917,0.26967052941656844,0.3593847394692502,-0.7693177038035366,-0.4424116035629445,0.4114932347284073
1.2719268836423367,-1.3833703010663312,-0.9659290857779917,0.041174910524373554,0.6608586581836151,-0.7693177038035366,-0.4424116035629445,0.07268998449856622
1.2719268836423367,0.5713708336889765,-0.9659290857779917,-0.18732070836782133,0.3593847394692502,-0.7693177038035366,1.5777327049436507,0.31541470108113895
-1.1415966147302186,1.5487414010666303,-0.9659290857779917,-0.8156836603213573,0.05791082075488536,1.299853097174238,-0.4424116035629445,0.113144103928995
-1.1415966147302186,0.5713708336889765,-0.9659290857779917,1.0122812908162018,0.15067202651315148,1.299853097174238,-0.4424116035629445,0.31541470108113895
0.06516513445605905,0.5713708336889765,-0.9659290857779917,-0.13019680364477262,0.173862327952718,-0.7693177038035366,-0.4424116035629445,0.31541470108113895
0.06516513445605905,0.5713708336889765,-0.9659290857779917,-0.9299314697674548,0.3825750409088168,-0.7693177038035366,-0.4424116035629445,0.31541470108113895
1.2719268836423367,-1.3833703010663312,-0.9659290857779917,-0.6443119461522111,-0.12761159076164688,-0.7693177038035366,-0.4424116035629445,0.07268998449856622
-1.1415966147302186,-0.731789922814562,-0.9659290857779917,-0.5871880414291624,-0.7305594281903766,1.299853097174238,-0.4424116035629445,0.2092226375762634
-1.1415966147302186,-0.08020954456279278,-0.9659290857779917,-0.5300641367061136,0.173862327952718,1.299853097174238,1.5777327049436507,0.4114932347284073
0.06516513445605905,-1.3833703010663312,-0.9659290857779917,1.4692725286005917,-0.19718249508034646,-0.7693177038035366,-0.4424116035629445,0.07268998449856622
0.06516513445605905,0.5713708336889765,-0.9659290857779917,0.555290053031812,0.173862327952718,-0.7693177038035366,-0.4424116035629445,0.31541470108113895
0.06516513445605905,-1.3833703010663312,-0.9659290857779917,0.2125466246935197,-0.19718249508034646,-0.7693177038035366,1.5777327049436507,0.07268998449856622
1.2719268836423367,1.5487414010666303,-0.9659290857779917,-0.07307289892172389,0.7072392610627481,-0.7693177038035366,-0.4424116035629445,0.113144103928995
1.2719268836423367,0.5713708336889765,-0.9659290857779917,-0.872807565044406,0.3593847394692502,-0.7693177038035366,-0.4424116035629445,0.31541470108113895
0.06516513445605905,1.5487414010666303,-0.9659290857779917,-0.3586924225369675,0.24343323227141758,-0.7693177038035366,-0.4424116035629445,0.113144103928995
-1.1415966147302186,-0.731789922814562,-0.9659290857779917,-0.07307289892172389,0.173862327952718,1.299853097174238,-0.4424116035629445,0.2092226375762634
1.2719268836423367,0.5713708336889765,-0.9659290857779917,-0.7014358508752598,0.0115302178757523,-0.7693177038035366,-0.4424116035629445,0.31541470108113895
-1.1415966147302186,-0.08020954456279278,-0.9659290857779917,2.211883290000225,-0.12761159076164688,1.299853097174238,-0.4424116035629445,0.4114932347284073
1.2719268836423367,-0.731789922814562,-0.9659290857779917,-0.4158163272600162,0.45214594522751633,-0.7693177038035366,-0.4424116035629445,0.2092226375762634
-1.1415966147302186,1.5487414010666303,-0.9659290857779917,-0.3015685178139188,0.173862327952718,1.299853097174238,-0.4424116035629445,0.113144103928995
1.2719268836423367,1.5487414010666303,-0.9659290857779917,-0.4158163272600162,0.24343323227141758,-0.7693177038035366,-0.4424116035629445,0.113144103928995
1.2719268836423367,1.5487414010666303,-0.9659290857779917,-0.8156836603213573,0.45214594522751633,-0.7693177038035366,1.5777327049436507,0.113144103928995
-1.1415966147302186,-1.3833703010663312,-0.9659290857779917,-0.8156836603213573,0.0115302178757523,1.299853097174238,-0.4424116035629445,0.07268998449856622
-1.1415966147302186,-1.3833703010663312,-0.9659290857779917,-0.7585597555983086,-0.17399219364077992,1.299853097174238,-0.4424116035629445,0.07268998449856622
1.2719268836423367,0.5713708336889765,-0.9659290857779917,0.7266617672009582,0.0115302178757523,-0.7693177038035366,1.5777327049436507,0.31541470108113895
1.2719268836423367,-0.731789922814562,-0.9659290857779917,-0.7014358508752598,0.15067202651315148,-0.7693177038035366,-0.4424116035629445,0.2092226375762634
-1.1415966147302186,-0.731789922814562,-0.9659290857779917,0.09829881524742227,-0.12761159076164688,1.299853097174238,-0.4424116035629445,0.2092226375762634
-1.1415966147302186,-1.3833703010663312,-0.9659290857779917,-0.24444461309087007,0.26662353371098413,1.299853097174238,-0.4424116035629445,0.07268998449856622
0.06516513445605905,-1.3833703010663312,-0.9659290857779917,0.2125466246935197,0.3593847394692502,-0.7693177038035366,-0.4424116035629445,0.07268998449856622
1.2719268836423367,0.5713708336889765,-0.9659290857779917,-0.18732070836782133,0.3593847394692502,-0.7693177038035366,-0.4424116035629445,0.31541470108113895
-1.1415966147302186,1.5487414010666303,-0.9659290857779917,-0.7585597555983086,0.3825750409088168,1.299853097174238,-0.4424116035629445,0.113144103928995
1.2719268836423367,-1.3833703010663312,-0.9659290857779917,-0.9870553744905034,0.0115302178757523,-0.7693177038035366,-0.4424116035629445,0.07268998449856622
1.2719268836423367,-0.08020954456279278,-0.9659290857779917,-0.5300641367061136,0.6608586581836151,-0.7693177038035366,-0.4424116035629445,0.4114932347284073
0.06516513445605905,0.5713708336889765,-0.9659290857779917,-0.8156836603213573,0.15067202651315148,-0.7693177038035366,-0.4424116035629445,0.31541470108113895
1.2719268836423367,0.5713708336889765,-0.9659290857779917,-0.872807565044406,0.173862327952718,-0.7693177038035366,-0.4424116035629445,0.31541470108113895
-1.1415966147302186,-1.3833703010663312,-0.9659290857779917,-0.13019680364477262,-0.19718249508034646,1.299853097174238,-0.4424116035629445,0.07268998449856622
1.2719268836423367,-1.3833703010663312,-0.9659290857779917,0.2125466246935197,-0.12761159076164688,-0.7693177038035366,-0.4424116035629445,0.07268998449856622
1.2719268836423367,-0.08020954456279278,-0.9659290857779917,-0.5871880414291624,0.3593847394692502,-0.7693177038035366,-0.4424116035629445,0.4114932347284073
1.2719268836423367,1.5487414010666303,-0.9659290857779917,1.4692725286005917,0.3361944380296837,-0.7693177038035366,-0.4424116035629445,0.113144103928995
0.06516513445605905,-0.731789922814562,-0.9659290857779917,-0.47294023198306495,0.15067202651315148,-0.7693177038035366,-0.4424116035629445,0.2092226375762634
1.2719268836423367,0.5713708336889765,-0.9659290857779917,-0.5871880414291624,0.24343323227141758,-0.7693177038035366,-0.4424116035629445,0.31541470108113895
-1.1415966147302186,0.5713708336889765,-0.9659290857779917,-0.872807565044406,-0.19718249508034646,1.299853097174238,-0.4424116035629445,0.31541470108113895
-1.1415966147302186,-1.3833703010663312,-0.9659290857779917,-0.47294023198306495,-0.12761159076164688,1.299853097174238,-0.4424116035629445,0.07268998449856622
1.2719268836423367,-1.3833703010663312,-0.9659290857779917,-0.8156836603213573,-0.17399219364077992,-0.7693177038035366,-0.4424116035629445,0.07268998449856622
0.06516513445605905,0.5713708336889765,-0.9659290857779917,-0.5871880414291624,-0.7305594281903766,-0.7693177038035366,-0.4424116035629445,0.31541470108113895
1.2719268836423367,-0.08020954456279278,-0.9659290857779917,0.3839183388626659,0.15067202651315148,-0.7693177038035366,-0.4424116035629445,0.4114932347284073
1.2719268836423367,0.5713708336889765,-0.9659290857779917,1.6406442427697379,-0.19718249508034646,-0.7693177038035366,-0.4424116035629445,0.31541470108113895
-1.1415966147302186,-0.731789922814562,-0.9659290857779917,-0.7585597555983086,0.05791082075488536,1.299853097174238,-0.4424116035629445,0.2092226375762634
1.2719268836423367,-0.08020954456279278,-0.9659290857779917,1.8120159569388838,-0.19718249508034646,-0.7693177038035366,1.5777327049436507,0.4114932347284073
1.2719268836423367,0.5713708336889765,-0.9659290857779917,-0.24444461309087007,0.15067202651315148,-0.7693177038035366,-0.4424116035629445,0.31541470108113895
-1.1415966147302186,1.5487414010666303,-0.9659290857779917,-0.5300641367061136,0.26662353371098413,1.299853097174238,-0.4424116035629445,0.113144103928995
1.2719268836423367,-0.731789922814562,-0.9659290857779917,-0.6443119461522111,0.05791082075488536,-0.7693177038035366,-0.4424116035629445,0.2092226375762634
-1.1415966147302186,1.5487414010666303,-0.9659290857779917,-0.5300641367061136,0.15067202651315148,1.299853097174238,-0.4424116035629445,0.113144103928995
1.2719268836423367,-1.3833703010663312,-0.9659290857779917,1.8120159569388838,0.3361944380296837,-0.7693177038035366,-0.4424116035629445,0.07268998449856622
1.2719268836423367,0.5713708336889765,-0.9659290857779917,1.0694051955392505,0.6608586581836151,-0.7693177038035366,-0.4424116035629445,0.31541470108113895
1.2719268836423367,-0.08020954456279278,-0.9659290857779917,0.6695378624779095,0.7072392610627481,-0.7693177038035366,-0.4424116035629445,0.4114932347284073
-1.1415966147302186,-0.08020954456279278,-0.9659290857779917,1.6406442427697379,0.24343323227141758,1.299853097174238,-0.4424116035629445,0.4114932347284073
1.2719268836423367,-1.3833703010663312,-0.9659290857779917,0.9551573860931531,0.6608586581836151,-0.7693177038035366,-0.4424116035629445,0.07268998449856622
1.2719268836423367,-0.08020954456279278,-0.9659290857779917,-0.4158163272600162,0.7072392610627481,-0.7693177038035366,-0.4424116035629445,0.4114932347284073
1.2719268836423367,1.5487414010666303,-0.8271461711547171,-0.8156836603213573,0.6608586581836151,-0.7693177038035366,1.5777327049436507,0.113144103928995
0.06516513445605905,-0.08020954456279278,-0.8271461711547171,-0.7585597555983086,0.3361944380296837,-0.7693177038035366,-0.4424116035629445,0.4114932347284073
0.06516513445605905,-0.731789922814562,-0.8271461711547171,-0.18732070836782133,0.05791082075488536,-0.7693177038035366,-0.4424116035629445,0.2092226375762634
0.06516513445605905,-0.731789922814562,-0.8271461711547171,-0.6443119461522111,0.6608586581836151,-0.7693177038035366,3.597877013450246,0.2092226375762634
0.06516513445605905,-0.08020954456279278,-0.8271461711547171,-0.3586924225369675,0.173862327952718,-0.7693177038035366,-0.4424116035629445,0.4114932347284073
0.06516513445605905,-0.731789922814562,-0.8271461711547171,-0.4158163272600162,0.15067202651315148,-0.7693177038035366,-0.4424116035629445,0.2092226375762634
-1.1415966147302186,-0.08020954456279278,-0.8271461711547171,-0.872807565044406,0.3593847394692502,1.299853097174238,-0.4424116035629445,0.4114932347284073
0.06516513445605905,1.5487414010666303,-0.8271461711547171,-0.4158163272600162,0.24343323227141758,-0.7693177038035366,-0.4424116035629445,0.113144103928995
0.06516513445605905,-0.08020954456279278,-0.8271461711547171,-0.9299314697674548,0.6608586581836151,-0.7693177038035366,3.597877013450246,0.4114932347284073
-1.1415966147302186,-0.08020954456279278,-0.8271461711547171,-0.3015685178139188,0.3825750409088168,1.299853097174238,-0.4424116035629445,0.4114932347284073
-1.1415966147302186,-1.3833703010663312,-0.8271461711547171,0.6124139577548607,0.6608586581836151,1.299853097174238,1.5777327049436507,0.07268998449856622
-1.1415966147302186,0.5713708336889765,-0.8271461711547171,1.3550247191544942,0.0115302178757523,1.299853097174238,-0.4424116035629445,0.31541470108113895
1.2719268836423367,-1.3833703010663312,-0.8271461711547171,-0.872807565044406,0.3593847394692502,-0.7693177038035366,-0.4424116035629445,0.07268998449856622
-1.1415966147302186,0.5713708336889765,-0.8271461711547171,0.4981661483087633,0.24343323227141758,1.299853097174238,-0.4424116035629445,0.31541470108113895
-1.1415966147302186,-0.08020954456279278,-0.8271461711547171,0.3839183388626659,0.15067202651315148,1.299853097174238,-0.4424116035629445,0.4114932347284073
0.06516513445605905,1.5487414010666303,-0.8271461711547171,-0.3586924225369675,0.15067202651315148,-0.7693177038035366,1.5777327049436507,0.113144103928995
1.2719268836423367,-0.731789922814562,-0.8271461711547171,-0.3015685178139188,0.0115302178757523,-0.7693177038035366,-0.4424116035629445,0.2092226375762634
-1.1415966147302186,0.5713708336889765,-0.8271461711547171,0.6124139577548607,0.6608586581836151,1.299853097174238,-0.4424116035629445,0.31541470108113895
1.2719268836423367,-0.08020954456279278,-0.8271461711547171,-0.5871880414291624,0.26662353371098413,-0.7693177038035366,-0.4424116035629445,0.4114932347284073
0.06516513445605905,1.5487414010666303,-0.8271461711547171,1.183653004985348,0.3825750409088168,-0.7693177038035366,-0.4424116035629445,0.113144103928995
-1.1415966147302186,-0.731789922814562,-0.8271461711547171,-0.6443119461522111,0.45214594522751633,1.299853097174238,-0.4424116035629445,0.2092226375762634
-1.1415966147302186,-0.08020954456279278,-0.8271461711547171,1.2407769097083967,0.05791082075488536,1.299853097174238,-0.4424116035629445,0.4114932347284073
0.06516513445605905,1.5487414010666303,-0.8271461711547171,-0.4158163272600162,0.6608586581836151,-0.7693177038035366,-0.4424116035629445,0.113144103928995
-1.1415966147302186,-0.08020954456279278,-0.8271461711547171,-0.872807565044406,0.05791082075488536,1.299853097174238,1.5777327049436507,0.4114932347284073
-1.1415966147302186,0.5713708336889765,-0.8271461711547171,-0.6443119461522111,0.6608586581836151,1.299853097174238,1.5777327049436507,0.31541470108113895
-1.1415966147302186,0.5713708336889765,-0.8271461711547171,-0.18732070836782133,-0.12761159076164688,1.299853097174238,-0.4424116035629445,0.31541470108113895
-1.1415966147302186,1.5487414010666303,-0.8271461711547171,-0.18732070836782133,0.15067202651315148,1.299853097174238,-0.4424116035629445,0.113144103928995
1.2719268836423367,-0.731789922814562,-0.8271461711547171,-0.7014358508752598,-0.7305594281903766,-0.7693177038035366,-0.4424116035629445,0.2092226375762634
0.06516513445605905,-0.08020954456279278,-0.8271461711547171,-0.7014358508752598,0.3361944380296837,-0.7693177038035366,-0.4424116035629445,0.4114932347284073
0.06516513445605905,-1.3833703010663312,-0.8271461711547171,2.326131099446322,0.0115302178757523,-0.7693177038035366,-0.4424116035629445,0.07268998449856622
0.06516513445605905,0.5713708336889765,-0.8271461711547171,0.09829881524742227,0.15067202651315148,-0.7693177038035366,-0.4424116035629445,0.31541470108113895
1.2719268836423367,-0.08020954456279278,-0.8271461711547171,3.1258657655690043,0.173862327952718,-0.7693177038035366,-0.4424116035629445,0.4114932347284073
1.2719268836423367,-0.08020954456279278,-0.8271461711547171,0.2125466246935197,-0.19718249508034646,-0.7693177038035366,-0.4424116035629445,0.4114932347284073
1.2719268836423367,0.5713708336889765,-0.8271461711547171,-0.3586924225369675,0.173862327952718,-0.7693177038035366,1.5777327049436507,0.31541470108113895
-1.1415966147302186,1.5487414010666303,-0.8271461711547171,-0.7014358508752598,-0.17399219364077992,1.299853097174238,-0.4424116035629445,0.113144103928995
0.06516513445605905,-0.08020954456279278,-0.8271461711547171,-0.8156836603213573,-0.7305594281903766,-0.7693177038035366,-0.4424116035629445,0.4114932347284073
1.2719268836423367,0.5713708336889765,-0.8271461711547171,-0.5300641367061136,0.7072392610627481,-0.7693177038035366,-0.4424116035629445,0.31541470108113895
0.06516513445605905,1.5487414010666303,-0.8271461711547171,-0.7014358508752598,-0.17399219364077992,-0.7693177038035366,-0.4424116035629445,0.113144103928995
0.06516513445605905,-0.08020954456279278,-0.8271461711547171,-0.9870553744905034,0.15067202651315148,-0.7693177038035366,1.5777327049436507,0.4114932347284073
-1.1415966147302186,1.5487414010666303,-0.8271461711547171,-0.7014358508752598,-0.19718249508034646,1.299853097174238,1.5777327049436507,0.113144103928995
-1.1415966147302186,1.5487414010666303,-0.8271461711547171,1.0122812908162018,0.3593847394692502,1.299853097174238,-0.4424116035629445,0.113144103928995
0.06516513445605905,1.5487414010666303,-0.8271461711547171,2.4403789088924195,0.45214594522751633,-0.7693177038035366,-0.4424116035629445,0.113144103928995
1.2719268836423367,1.5487414010666303,-0.8271461711547171,-0.8156836603213573,0.05791082075488536,-0.7693177038035366,-0.4424116035629445,0.113144103928995
1.2719268836423367,0.5713708336889765,-0.8271461711547171,-0.5871880414291624,0.26662353371098413,-0.7693177038035366,-0.4424116035629445,0.31541470108113895
1.2719268836423367,-0.08020954456279278,-0.8271461711547171,-0.7014358508752598,0.6608586581836151,-0.7693177038035366,-0.4424116035629445,0.4114932347284073
1.2719268836423367,-1.3833703010663312,-0.8271461711547171,-0.6443119461522111,0.15067202651315148,-0.7693177038035366,-0.4424116035629445,0.07268998449856622
-1.1415966147302186,1.5487414010666303,-0.8271461711547171,-0.8156836603213573,0.24343323227141758,1.299853097174238,-0.4424116035629445,0.113144103928995
1.2719268836423367,-0.731789922814562,-0.8271461711547171,-0.3015685178139188,0.6608586581836151,-0.7693177038035366,-0.4424116035629445,0.2092226375762634
-1.1415966147302186,1.5487414010666303,-0.8271461711547171,2.6688745277846144,0.3361944380296837,1.299853097174238,-0.4424116035629445,0.113144103928995
1.2719268836423367,-1.3833703010663312,-0.8271461711547171,-0.9299314697674548,0.3825750409088168,-0.7693177038035366,-0.4424116035629445,0.07268998449856622
-1.1415966147302186,-0.731789922814562,-0.8271461711547171,2.783122337230712,0.3593847394692502,1.299853097174238,-0.4424116035629445,0.2092226375762634
0.06516513445605905,1.5487414010666303,-0.8271461711547171,-0.3586924225369675,0.6608586581836151,-0.7693177038035366,-0.4424116035629445,0.113144103928995
-1.1415966147302186,-0.731789922814562,-0.8271461711547171,0.3839183388626659,0.3593847394692502,1.299853097174238,1.5777327049436507,0.2092226375762634
-1.1415966147302186,-0.731789922814562,-0.8271461711547171,-0.872807565044406,0.15067202651315148,1.299853097174238,-0.4424116035629445,0.2092226375762634
-1.1415966147302186,1.5487414010666303,-0.8271461711547171,-0.7014358508752598,0.3825750409088168,1.299853097174238,-0.4424116035629445,0.113144103928995
-1.1415966147302186,0.5713708336889765,-0.8271461711547171,-0.7014358508752598,0.26662353371098413,1.299853097174238,-0.4424116035629445,0.31541470108113895
-1.1415966147302186,-0.08020954456279278,-0.8271461711547171,-0.13019680364477262,0.6608586581836151,1.299853097174238,-0.4424116035629445,0.4114932347284073
0.06516513445605905,0.5713708336889765,-0.8271461711547171,-0.7014358508752598,0.7072392610627481,-0.7693177038035366,-0.4424116035629445,0.31541470108113895
1.2719268836423367,-0.08020954456279278,-0.8271461711547171,-0.8156836603213573,0.0115302178757523,-0.7693177038035366,-0.4424116035629445,0.4114932347284073
0.06516513445605905,-0.731789922814562,-0.8271461711547171,-0.7585597555983086,0.6608586581836151,-0.7693177038035366,-0.4424116035629445,0.2092226375762634
0.06516513445605905,-0.731789922814562,-0.8271461711547171,1.926263766384981,0.6608586581836151,-0.7693177038035366,1.5777327049436507,0.2092226375762634
-1.1415966147302186,-0.08020954456279278,-0.8271461711547171,1.9833876711080298,0.15067202651315148,1.299853097174238,-0.4424116035629445,0.4114932347284073
1.2719268836423367,-0.731789922814562,-0.8271461711547171,0.2125466246935197,0.3361944380296837,-0.7693177038035366,-0.4424116035629445,0.2092226375762634
0.06516513445605905,-1.3833703010663312,-0.8271461711547171,-0.8156836603213573,0.15067202651315148,-0.7693177038035366,-0.4424116035629445,0.07268998449856622
-1.1415966147302186,-1.3833703010663312,-0.8271461711547171,1.6977681474927866,0.3361944380296837,1.299853097174238,1.5777327049436507,0.07268998449856622
1.2719268836423367,-0.731789922814562,-0.8271461711547171,-0.5871880414291624,0.15067202651315148,-0.7693177038035366,-0.4424116035629445,0.2092226375762634
-1.1415966147302186,-0.08020954456279278,-0.8271461711547171,-0.7585597555983086,0.6608586581836151,1.299853097174238,-0.4424116035629445,0.4114932347284073
0.06516513445605905,-1.3833703010663312,-0.8271461711547171,-0.4158163272600162,-0.7305594281903766,-0.7693177038035366,-0.4424116035629445,0.07268998449856622
1.2719268836423367,-0.731789922814562,-0.8271461711547171,0.6124139577548607,0.24343323227141758,-0.7693177038035366,-0.4424116035629445,0.2092226375762634
-1.1415966147302186,0.5713708336889765,-0.8271461711547171,-0.5300641367061136,0.15067202651315148,1.299853097174238,-0.4424116035629445,0.31541470108113895
-1.1415966147302186,-0.731789922814562,-0.8271461711547171,-0.6443119461522111,0.3361944380296837,1.299853097174238,-0.4424116035629445,0.2092226375762634
0.06516513445605905,-0.731789922814562,-0.8271461711547171,0.3839183388626659,0.173862327952718,-0.7693177038035366,-0.4424116035629445,0.2092226375762634
1.2719268836423367,0.5713708336889765,-0.8271461711547171,-0.6443119461522111,0.15067202651315148,-0.7693177038035366,-0.4424116035629445,0.31541470108113895
0.06516513445605905,-0.08020954456279278,-0.8271461711547171,-0.872807565044406,0.0115302178757523,-0.7693177038035366,-0.4424116035629445,0.4114932347284073
0.06516513445605905,0.5713708336889765,-0.8271461711547171,-0.3015685178139188,0.7072392610627481,-0.7693177038035366,-0.4424116035629445,0.31541470108113895
1.2719268836423367,1.5487414010666303,-0.8271461711547171,1.2979008144314454,0.6608586581836151,-0.7693177038035366,-0.4424116035629445,0.113144103928995
0.06516513445605905,-0.731789922814562,-0.8271461711547171,3.2401135750151018,0.24343323227141758,-0.7693177038035366,-0.4424116035629445,0.2092226375762634
-1.1415966147302186,1.5487414010666303,-0.8271461711547171,-0.07307289892172389,-0.19718249508034646,1.299853097174238,-0.4424116035629445,0.113144103928995
-1.1415966147302186,1.5487414010666303,-0.8271461711547171,0.041174910524373554,0.6608586581836151,1.299853097174238,-0.4424116035629445,0.113144103928995
1.2719268836423367,-0.08020954456279278,-0.8271461711547171,-0.47294023198306495,0.24343323227141758,-0.7693177038035366,1.5777327049436507,0.4114932347284073
0.06516513445605905,1.5487414010666303,-0.8271461711547171,-0.24444461309087007,0.3593847394692502,-0.7693177038035366,-0.4424116035629445,0.113144103928995
1.2719268836423367,-0.731789922814562,-0.8271461711547171,-0.4158163272600162,0.6608586581836151,-0.7693177038035366,1.5777327049436507,0.2092226375762634
0.06516513445605905,1.5487414010666303,-0.8271461711547171,-0.5300641367061136,0.3361944380296837,-0.7693177038035366,-0.4424116035629445,0.113144103928995
-1.1415966147302186,1.5487414010666303,-0.8271461711547171,-0.9299314697674548,0.173862327952718,1.299853097174238,-0.4424116035629445,0.113144103928995
0.06516513445605905,-0.731789922814562,-0.8271461711547171,0.09829881524742227,0.6608586581836151,-0.7693177038035366,1.5777327049436507,0.2092226375762634
-1.1415966147302186,-1.3833703010663312,-0.8271461711547171,-0.7585597555983086,0.26662353371098413,1.299853097174238,-0.4424116035629445,0.07268998449856622
1.2719268836423367,-0.08020954456279278,-0.8271461711547171,0.041174910524373554,0.45214594522751633,-0.7693177038035366,-0.4424116035629445,0.4114932347284073
-1.1415966147302186,1.5487414010666303,-0.8271461711547171,-0.8156836603213573,0.3361944380296837,1.299853097174238,1.5777327049436507,0.113144103928995
-1.1415966147302186,0.5713708336889765,-0.8271461711547171,1.1265291002622992,0.6608586581836151,1.299853097174238,-0.4424116035629445,0.31541470108113895
-1.1415966147302186,1.5487414010666303,-0.8271461711547171,-0.872807565044406,0.15067202651315148,1.299853097174238,-0.4424116035629445,0.113144103928995
-1.1415966147302186,-0.731789922814562,-0.8271461711547171,1.1265291002622992,-0.12761159076164688,1.299853097174238,-0.4424116035629445,0.2092226375762634
-1.1415966147302186,1.5487414010666303,-0.8271461711547171,-0.6443119461522111,0.3361944380296837,1.299853097174238,-0.4424116035629445,0.113144103928995
-1.1415966147302186,1.5487414010666303,-0.8271461711547171,0.6124139577548607,0.173862327952718,1.299853097174238,-0.4424116035629445,0.113144103928995
1.2719268836423367,-0.731789922814562,-0.8271461711547171,-0.8156836603213573,0.3825750409088168,-0.7693177038035366,-0.4424116035629445,0.2092226375762634
0.06516513445605905,0.5713708336889765,-0.8271461711547171,1.0122812908162018,0.6608586581836151,-0.7693177038035366,-0.4424116035629445,0.31541470108113895
0.06516513445605905,-1.3833703010663312,-0.8271461711547171,1.754892052215835,0.3361944380296837,-0.7693177038035366,-0.4424116035629445,0.07268998449856622
-1.1415966147302186,1.5487414010666303,-0.8271461711547171,-0.4158163272600162,-0.17399219364077992,1.299853097174238,-0.4424116035629445,0.113144103928995
0.06516513445605905,-0.731789922814562,-0.8271461711547171,0.2125466246935197,0.6608586581836151,-0.7693177038035366,-0.4424116035629445,0.2092226375762634
1.2719268836423367,-0.731789922814562,-0.8271461711547171,-0.9870553744905034,0.7072392610627481,-0.7693177038035366,-0.4424116035629445,0.2092226375762634
-1.1415966147302186,-1.3833703010663312,-0.8271461711547171,0.041174910524373554,0.173862327952718,1.299853097174238,-0.4424116035629445,0.07268998449856622
0.06516513445605905,0.5713708336889765,-0.8271461711547171,-0.872807565044406,0.0115302178757523,-0.7693177038035366,-0.4424116035629445,0.31541470108113895
1.2719268836423367,-1.3833703010663312,-0.8271461711547171,-0.01594899419867517,0.45214594522751633,-0.7693177038035366,-0.4424116035629445,0.07268998449856622
-1.1415966147302186,-1.3833703010663312,-0.8271461711547171,-0.872807565044406,0.3825750409088168,1.299853097174238,-0.4424116035629445,0.07268998449856622
-1.1415966147302186,-1.3833703010663312,-0.8271461711547171,-0.7585597555983086,0.173862327952718,1.299853097174238,1.5777327049436507,0.07268998449856622
0.06516513445605905,1.5487414010666303,-0.8271461711547171,0.155422719970471,0.3593847394692502,-0.7693177038035366,-0.4424116035629445,0.113144103928995
0.06516513445605905,-1.3833703010663312,-0.8271461711547171,-0.6443119461522111,0.3361944380296837,-0.7693177038035366,-0.4424116035629445,0.07268998449856622
1.2719268836423367,-0.08020954456279278,-0.8271461711547171,-0.9299314697674548,-0.12761159076164688,-0.7693177038035366,-0.4424116035629445,0.4114932347284073
1.2719268836423367,-0.08020954456279278,-0.8271461711547171,1.5263964333236404,0.45214594522751633,-0.7693177038035366,-0.4424116035629445,0.4114932347284073
0.06516513445605905,-1.3833703010663312,-0.8271461711547171,-0.47294023198306495,0.6608586581836151,-0.7693177038035366,-0.4424116035629445,0.07268998449856622
-1.1415966147302186,0.5713708336889765,-0.8271461711547171,-0.18732070836782133,0.24343323227141758,1.299853097174238,-0.4424116035629445,0.31541470108113895
-1.1415966147302186,1.5487414010666303,-0.8271461711547171,-0.01594899419867517,0.24343323227141758,1.299853097174238,1.5777327049436507,0.113144103928995
-1.1415966147302186,0.5713708336889765,-0.8271461711547171,-0.13019680364477262,0.0115302178757523,1.299853097174238,-0.4424116035629445,0.31541470108113895
-1.1415966147302186,-0.08020954456279278,-0.8271461711547171,0.7266617672009582,0.3361944380296837,1.299853097174238,-0.4424116035629445,0.4114932347284073
1.2719268836423367,1.5487414010666303,-0.8271461711547171,-0.5300641367061136,0.6608586581836151,-0.7693177038035366,-0.4424116035629445,0.113144103928995
1.2719268836423367,-0.731789922814562,-0.8271461711547171,-0.7014358508752598,0.3825750409088168,-0.7693177038035366,-0.4424116035629445,0.2092226375762634
0.06516513445605905,1.5487414010666303,-0.8271461711547171,1.3550247191544942,0.3593847394692502,-0.7693177038035366,-0.4424116035629445,0.113144103928995
0.06516513445605905,1.5487414010666303,-0.8271461711547171,-0.01594899419867517,0.05791082075488536,-0.7693177038035366,-0.4424116035629445,0.113144103928995
-1.1415966147302186,1.5487414010666303,-0.8271461711547171,-0.5871880414291624,0.3361944380296837,1.299853097174238,-0.4424116035629445,0.113144103928995
-1.1415966147302186,0.5713708336889765,-0.8271461711547171,0.4410422435857146,0.26662353371098413,1.299853097174238,-0.4424116035629445,0.31541470108113895
0.06516513445605905,-0.731789922814562,-0.8271461711547171,-0.872807565044406,0.3361944380296837,-0.7693177038035366,1.5777327049436507,0.2092226375762634
-1.1415966147302186,-0.08020954456279278,-0.8271461711547171,-0.872807565044406,0.24343323227141758,1.299853097174238,-0.4424116035629445,0.4114932347284073
-1.1415966147302186,-0.731789922814562,-0.8271461711547171,-0.47294023198306495,-0.12761159076164688,1.299853097174238,-0.4424116035629445,0.2092226375762634
0.06516513445605905,0.5713708336889765,-0.8271461711547171,0.041174910524373554,-0.12761159076164688,-0.7693177038035366,1.5777327049436507,0.31541470108113895
1.2719268836423367,0.5713708336889765,-0.8271461711547171,-0.5871880414291624,0.45214594522751633,-0.7693177038035366,-0.4424116035629445,0.31541470108113895
0.06516513445605905,-0.08020954456279278,-0.8271461711547171,-0.9870553744905034,0.3825750409088168,-0.7693177038035366,-0.4424116035629445,0.4114932347284073
-1.1415966147302186,-0.731789922814562,-0.8271461711547171,2.8402462419537606,0.0115302178757523,1.299853097174238,-0.4424116035629445,0.2092226375762634
0.06516513445605905,-1.3833703010663312,-0.8271461711547171,-0.5300641367061136,0.05791082075488536,-0.7693177038035366,-0.4424116035629445,0.07268998449856622
1.2719268836423367,-1.3833703010663312,-0.8271461711547171,-0.07307289892172389,-0.12761159076164688,-0.7693177038035366,-0.4424116035629445,0.07268998449856622
1.2719268836423367,-0.731789922814562,-0.8271461711547171,-0.07307289892172389,0.3593847394692502,-0.7693177038035366,-0.4424116035629445,0.2092226375762634
1.2719268836423367,-1.3833703010663312,-0.8271461711547171,0.4410422435857146,0.26662353371098413,-0.7693177038035366,-0.4424116035629445,0.07268998449856622
1.2719268836423367,-1.3833703010663312,-0.8271461711547171,-0.872807565044406,0.15067202651315148,-0.7693177038035366,-0.4424116035629445,0.07268998449856622
1.2719268836423367,-0.08020954456279278,-0.8271461711547171,-0.7585597555983086,0.7072392610627481,-0.7693177038035366,-0.4424116035629445,0.4114932347284073
0.06516513445605905,0.5713708336889765,-0.8271461711547171,-0.872807565044406,0.24343323227141758,-0.7693177038035366,-0.4424116035629445,0.31541470108113895
0.06516513445605905,-0.08020954456279278,-0.8271461711547171,-0.8156836603213573,0.45214594522751633,-0.7693177038035366,-0.4424116035629445,0.4114932347284073
1.2719268836423367,-0.731789922814562,-0.8271461711547171,2.725998432507663,0.6608586581836151,-0.7693177038035366,-0.4424116035629445,0.2092226375762634
-1.1415966147302186,0.5713708336889765,-0.8271461711547171,-0.8156836603213573,0.3593847394692502,1.299853097174238,-0.4424116035629445,0.31541470108113895
0.06516513445605905,-1.3833703010663312,-0.8271461711547171,0.6695378624779095,0.15067202651315148,-0.7693177038035366,-0.4424116035629445,0.07268998449856622
0.06516513445605905,-0.731789922814562,-0.8271461711547171,-0.7014358508752598,0.0115302178757523,-0.7693177038035366,-0.4424116035629445,0.2092226375762634
-1.1415966147302186,-0.731789922814562,-0.8271461711547171,0.3267944341396172,0.15067202651315148,1.299853097174238,-0.4424116035629445,0.2092226375762634
0.06516513445605905,1.5487414010666303,-0.8271461711547171,-0.9870553744905034,-0.19718249508034646,-0.7693177038035366,-0.4424116035629445,0.113144103928995
1.2719268836423367,-0.731789922814562,-0.8271461711547171,1.0122812908162018,0.45214594522751633,-0.7693177038035366,-0.4424116035629445,0.2092226375762634
-1.1415966147302186,1.5487414010666303,-0.8271461711547171,-0.872807565044406,-0.7305594281903766,1.299853097174238,-0.4424116035629445,0.113144103928995
-1.1415966147302186,-1.3833703010663312,-0.8271461711547171,1.8120159569388838,0.24343323227141758,1.299853097174238,-0.4424116035629445,0.07268998449856622
0.06516513445605905,-0.08020954456279278,-0.8271461711547171,-0.8156836603213573,0.0115302178757523,-0.7693177038035366,-0.4424116035629445,0.4114932347284073
1.2719268836423367,-1.3833703010663312,-0.8271461711547171,-0.7014358508752598,0.173862327952718,-0.7693177038035366,-0.4424116035629445,0.07268998449856622
1.2719268836423367,1.5487414010666303,-0.8271461711547171,-0.24444461309087007,-0.12761159076164688,-0.7693177038035366,-0.4424116035629445,0.113144103928995
-1.1415966147302186,-1.3833703010663312,-0.8271461711547171,-0.5871880414291624,0.26662353371098413,1.299853097174238,-0.4424116035629445,0.07268998449856622
1.2719268836423367,-0.731789922814562,-0.8271461711547171,0.09829881524742227,0.6608586581836151,-0.7693177038035366,-0.4424116035629445,0.2092226375762634
-1.1415966147302186,-0.731789922814562,-0.8271461711547171,0.2125466246935197,0.26662353371098413,1.299853097174238,1.5777327049436507,0.2092226375762634
-1.1415966147302186,-0.731789922814562,-0.8271461711547171,2.1547593852771763,-0.17399219364077992,1.299853097174238,-0.4424116035629445,0.2092226375762634
1.2719268836423367,-1.3833703010663312,-0.8271461711547171,2.6117506230615657,0.45214594522751633,-0.7693177038035366,-0.4424116035629445,0.07268998449856622
-1.1415966147302186,-0.731789922814562,-0.8271461711547171,0.4410422435857146,0.3825750409088168,1.299853097174238,-0.4424116035629445,0.2092226375762634
0.06516513445605905,-1.3833703010663312,-0.8271461711547171,-0.5300641367061136,0.0115302178757523,-0.7693177038035366,-0.4424116035629445,0.07268998449856622
-1.1415966147302186,1.5487414010666303,-0.8271461711547171,1.6977681474927866,0.15067202651315148,1.299853097174238,-0.4424116035629445,0.113144103928995
-1.1415966147302186,0.5713708336889765,-0.8271461711547171,-0.3015685178139188,0.0115302178757523,1.299853097174238,1.5777327049436507,0.31541470108113895
1.2719268836423367,-1.3833703010663312,-0.8271461711547171,0.4410422435857146,0.45214594522751633,-0.7693177038035366,-0.4424116035629445,0.07268998449856622
1.2719268836423367,-1.3833703010663312,-0.8271461711547171,0.26967052941656844,0.45214594522751633,-0.7693177038035366,1.5777327049436507,0.07268998449856622
1.2719268836423367,0.5713708336889765,-0.8271461711547171,-0.47294023198306495,0.05791082075488536,-0.7693177038035366,-0.4424116035629445,0.31541470108113895
0.06516513445605905,0.5713708336889765,-0.8271461711547171,-0.6443119461522111,0.24343323227141758,-0.7693177038035366,-0.4424116035629445,0.31541470108113895
-1.1415966147302186,1.5487414010666303,-0.8271461711547171,2.0976354805541275,-0.7305594281903766,1.299853097174238,-0.4424116035629445,0.113144103928995
1.2719268836423367,1.5487414010666303,-0.8271461711547171,-0.5871880414291624,-0.17399219364077992,-0.7693177038035366,-0.4424116035629445,0.113144103928995
-1.1415966147302186,-1.3833703010663312,-0.8271461711547171,0.26967052941656844,0.15067202651315148,1.299853097174238,-0.4424116035629445,0.07268998449856622
1.2719268836423367,0.5713708336889765,-0.8271461711547171,0.041174910524373554,0.15067202651315148,-0.7693177038035366,-0.4424116035629445,0.31541470108113895
0.06516513445605905,1.5487414010666303,-0.8271461711547171,-0.9299314697674548,0.05791082075488536,-0.7693177038035366,-0.4424116035629445,0.113144103928995
1.2719268836423367,1.5487414010666303,-0.8271461711547171,1.0122812908162018,0.3825750409088168,-0.7693177038035366,-0.4424116035629445,0.113144103928995
1.2719268836423367,1.5487414010666303,-0.8271461711547171,-0.7585597555983086,0.6608586581836151,-0.7693177038035366,-0.4424116035629445,0.113144103928995
0.06516513445605905,-0.731789922814562,-0.8271461711547171,-0.9299314697674548,-0.7305594281903766,-0.7693177038035366,-0.4424116035629445,0.2092226375762634
0.06516513445605905,1.5487414010666303,-0.8271461711547171,-0.13019680364477262,0.7072392610627481,-0.7693177038035366,-0.4424116035629445,0.113144103928995
0.06516513445605905,-0.08020954456279278,-0.8271461711547171,-0.872807565044406,0.05791082075488536,-0.7693177038035366,1.5777327049436507,0.4114932347284073
-1.1415966147302186,-0.08020954456279278,-0.8271461711547171,-0.9299314697674548,0.7072392610627481,1.299853097174238,1.5777327049436507,0.4114932347284073
0.06516513445605905,1.5487414010666303,-0.8271461711547171,-0.872807565044406,0.3361944380296837,-0.7693177038035366,-0.4424116035629445,0.113144103928995
0.06516513445605905,-1.3833703010663312,-0.8271461711547171,-0.9299314697674548,0.26662353371098413,-0.7693177038035366,-0.4424116035629445,0.07268998449856622
1.2719268836423367,-0.08020954456279278,-0.8271461711547171,-0.18732070836782133,0.7072392610627481,-0.7693177038035366,3.597877013450246,0.4114932347284073
1.2719268836423367,0.5713708336889765,-0.8271461711547171,1.8120159569388838,0.26662353371098413,-0.7693177038035366,-0.4424116035629445,0.31541470108113895
0.06516513445605905,0.5713708336889765,-0.8271461711547171,0.2125466246935197,-0.7305594281903766,-0.7693177038035366,-0.4424116035629445,0.31541470108113895
1.2719268836423367,-0.08020954456279278,-0.8271461711547171,-0.7014358508752598,0.05791082075488536,-0.7693177038035366,-0.4424116035629445,0.4114932347284073
1.2719268836423367,-0.08020954456279278,-0.8271461711547171,0.7837856719240069,0.05791082075488536,-0.7693177038035366,1.5777327049436507,0.4114932347284073
1.2719268836423367,-0.08020954456279278,-0.8271461711547171,-0.3015685178139188,0.3361944380296837,-0.7693177038035366,-0.4424116035629445,0.4114932347284073
0.06516513445605905,-0.731789922814562,-0.8271461711547171,-0.8156836603213573,0.3825750409088168,-0.7693177038035366,-0.4424116035629445,0.2092226375762634
-1.1415966147302186,-0.08020954456279278,-0.8271461711547171,-0.5300641367061136,0.6608586581836151,1.299853097174238,-0.4424116035629445,0.4114932347284073
0.06516513445605905,-0.08020954456279278,-0.8271461711547171,-0.5300641367061136,0.05791082075488536,-0.7693177038035366,1.5777327049436507,0.4114932347284073
-1.1415966147302186,-1.3833703010663312,-0.8271461711547171,0.3839183388626659,-0.17399219364077992,1.299853097174238,-0.4424116035629445,0.07268998449856622
-1.1415966147302186,0.5713708336889765,-0.8271461711547171,-0.01594899419867517,0.3593847394692502,1.299853097174238,-0.4424116035629445,0.31541470108113895
-1.1415966147302186,-1.3833703010663312,-0.8271461711547171,0.6695378624779095,0.45214594522751633,1.299853097174238,-0.4424116035629445,0.07268998449856622
0.06516513445605905,-1.3833703010663312,-0.8271461711547171,-0.6443119461522111,-0.17399219364077992,-0.7693177038035366,1.5777327049436507,0.07268998449856622
0.06516513445605905,1.5487414010666303,-0.8271461711547171,0.155422719970471,0.173862327952718,-0.7693177038035366,-0.4424116035629445,0.113144103928995
-1.1415966147302186,1.5487414010666303,-0.8271461711547171,0.041174910524373554,0.3593847394692502,1.299853097174238,-0.4424116035629445,0.113144103928995
0.06516513445605905,1.5487414010666303,-0.8271461711547171,-0.9299314697674548,0.7072392610627481,-0.7693177038035366,-0.4424116035629445,0.113144103928995
0.06516513445605905,-1.3833703010663312,-0.8271461711547171,3.0687418608459556,0.6608586581836151,-0.7693177038035366,-0.4424116035629445,0.07268998449856622
1.2719268836423367,1.5487414010666303,-0.8271461711547171,-0.3015685178139188,0.3361944380296837,-0.7693177038035366,-0.4424116035629445,0.113144103928995
1.2719268836423367,0.5713708336889765,-0.8271461711547171,-0.3586924225369675,-0.17399219364077992,-0.7693177038035366,-0.4424116035629445,0.31541470108113895
0.06516513445605905,1.5487414010666303,-0.8271461711547171,-0.9870553744905034,-0.7305594281903766,-0.7693177038035366,-0.4424116035629445,0.113144103928995
0.06516513445605905,-0.731789922814562,-0.8271461711547171,-0.7585597555983086,0.26662353371098413,-0.7693177038035366,-0.4424116035629445,0.2092226375762634
-1.1415966147302186,0.5713708336889765,-0.8271461711547171,-0.7585597555983086,0.6608586581836151,1.299853097174238,1.5777327049436507,0.31541470108113895
0.06516513445605905,-0.731789922814562,-0.8271461711547171,0.9551573860931531,0.3361944380296837,-0.7693177038035366,1.5777327049436507,0.2092226375762634
1.2719268836423367,0.5713708336889765,-0.8271461711547171,0.041174910524373554,0.26662353371098413,-0.7693177038035366,1.5777327049436507,0.31541470108113895
-1.1415966147302186,0.5713708336889765,-0.8271461711547171,-0.47294023198306495,0.24343323227141758,1.299853097174238,-0.4424116035629445,0.31541470108113895
0.06516513445605905,-0.08020954456279278,-0.8271461711547171,1.926263766384981,0.7072392610627481,-0.7693177038035366,-0.4424116035629445,0.4114932347284073
-1.1415966147302186,-0.731789922814562,-0.8271461711547171,-0.8156836603213573,0.6608586581836151,1.299853097174238,-0.4424116035629445,0.2092226375762634
0.06516513445605905,-1.3833703010663312,-0.8271461711547171,-0.872807565044406,0.3825750409088168,-0.7693177038035366,-0.4424116035629445,0.07268998449856622
1.2719268836423367,0.5713708336889765,-0.8271461711547171,-0.872807565044406,0.3825750409088168,-0.7693177038035366,1.5777327049436507,0.31541470108113895
0.06516513445605905,-0.08020954456279278,-0.8271461711547171,0.4410422435857146,0.45214594522751633,-0.7693177038035366,-0.4424116035629445,0.4114932347284073
1.2719268836423367,-0.08020954456279278,-0.8271461711547171,-0.872807565044406,0.3361944380296837,-0.7693177038035366,-0.4424116035629445,0.4114932347284073
1.2719268836423367,1.5487414010666303,-0.8271461711547171,1.9833876711080298,-0.12761159076164688,-0.7693177038035366,-0.4424116035629445,0.113144103928995
-1.1415966147302186,-0.08020954456279278,-0.8271461711547171,-0.872807565044406,0.24343323227141758,1.299853097174238,-0.4424116035629445,0.4114932347284073
1.2719268836423367,-1.3833703010663312,-0.8271461711547171,1.0694051955392505,0.3593847394692502,-0.7693177038035366,-0.4424116035629445,0.07268998449856622
1.2719268836423367,0.5713708336889765,-0.8271461711547171,-0.4158163272600162,0.7072392610627481,-0.7693177038035366,-0.4424116035629445,0.31541470108113895
1.2719268836423367,0.5713708336889765,-0.8271461711547171,0.041174910524373554,0.6608586581836151,-0.7693177038035366,-0.4424116035629445,0.31541470108113895
-1.1415966147302186,-0.731789922814562,-0.8271461711547171,-0.13019680364477262,0.6608586581836151,1.299853097174238,-0.4424116035629445,0.2092226375762634
-1.1415966147302186,1.5487414010666303,-0.8271461711547171,-0.3586924225369675,0.15067202651315148,1.299853097174238,-0.4424116035629445,0.113144103928995
0.06516513445605905,-1.3833703010663312,-0.8271461711547171,-0.5871880414291624,0.7072392610627481,-0.7693177038035366,1.5777327049436507,0.07268998449856622
1.2719268836423367,-0.08020954456279278,-0.8271461711547171,1.5835203380466891,-0.19718249508034646,-0.7693177038035366,-0.4424116035629445,0.4114932347284073
0.06516513445605905,-0.08020954456279278,-0.6883632565314425,0.3839183388626659,0.3593847394692502,-0.7693177038035366,-0.4424116035629445,0.4114932347284073
1.2719268836423367,-1.3833703010663312,-0.6883632565314425,0.3839183388626659,-0.17399219364077992,-0.7693177038035366,-0.4424116035629445,0.07268998449856622
-1.1415966147302186,1.5487414010666303,-0.6883632565314425,-0.18732070836782133,0.15067202651315148,1.299853097174238,-0.4424116035629445,0.113144103928995
1.2719268836423367,-1.3833703010663312,-0.6883632565314425,0.09829881524742227,0.15067202651315148,-0.7693177038035366,-0.4424116035629445,0.07268998449856622
0.06516513445605905,0.5713708336889765,-0.6883632565314425,1.5263964333236404,0.173862327952718,-0.7693177038035366,-0.4424116035629445,0.31541470108113895
0.06516513445605905,0.5713708336889765,-0.6883632565314425,-0.5871880414291624,-0.17399219364077992,-0.7693177038035366,-0.4424116035629445,0.31541470108113895
0.06516513445605905,-0.08020954456279278,-0.6883632565314425,-0.9299314697674548,0.15067202651315148,-0.7693177038035366,1.5777327049436507,0.4114932347284073
-1.1415966147302186,-0.08020954456279278,-0.6883632565314425,0.4410422435857146,0.6608586581836151,1.299853097174238,-0.4424116035629445,0.4114932347284073
1.2719268836423367,0.5713708336889765,-0.6883632565314425,-0.4158163272600162,0.26662353371098413,-0.7693177038035366,-0.4424116035629445,0.31541470108113895
1.2719268836423367,-1.3833703010663312,-0.6883632565314425,2.1547593852771763,0.0115302178757523,-0.7693177038035366,-0.4424116035629445,0.07268998449856622
-1.1415966147302186,1.5487414010666303,-0.6883632565314425,0.4981661483087633,0.6608586581836151,1.299853097174238,-0.4424116035629445,0.113144103928995
-1.1415966147302186,0.5713708336889765,-0.6883632565314425,-0.3015685178139188,0.173862327952718,1.299853097174238,-0.4424116035629445,0.31541470108113895
0.06516513445605905,-0.08020954456279278,-0.6883632565314425,-0.872807565044406,0.3361944380296837,-0.7693177038035366,-0.4424116035629445,0.4114932347284073
0.06516513445605905,-0.08020954456279278,-0.6883632565314425,0.26967052941656844,0.05791082075488536,-0.7693177038035366,-0.4424116035629445,0.4114932347284073
0.06516513445605905,0.5713708336889765,-0.6883632565314425,-0.47294023198306495,-0.17399219364077992,-0.7693177038035366,-0.4424116035629445,0.31541470108113895
-1.1415966147302186,-0.08020954456279278,-0.6883632565314425,0.155422719970471,-0.19718249508034646,1.299853097174238,-0.4424116035629445,0.4114932347284073
0.06516513445605905,-0.731789922814562,-0.6883632565314425,-0.01594899419867517,0.6608586581836151,-0.7693177038035366,-0.4424116035629445,0.2092226375762634
1.2719268836423367,-0.08020954456279278,-0.6883632565314425,-0.6443119461522111,-0.7305594281903766,-0.7693177038035366,-0.4424116035629445,0.4114932347284073
0.06516513445605905,1.5487414010666303,-0.6883632565314425,-0.6443119461522111,0.26662353371098413,-0.7693177038035366,-0.4424116035629445,0.113144103928995
0.06516513445605905,-1.3833703010663312,-0.6883632565314425,0.8980334813701044,0.173862327952718,-0.7693177038035366,-0.4424116035629445,0.07268998449856622
-1.1415966147302186,-0.08020954456279278,-0.6883632565314425,0.6124139577548607,0.3361944380296837,1.299853097174238,-0.4424116035629445,0.4114932347284073
-1.1415966147302186,-0.731789922814562,-0.6883632565314425,-0.47294023198306495,0.7072392610627481,1.299853097174238,-0.4424116035629445,0.2092226375762634
-1.1415966147302186,0.5713708336889765,-0.6883632565314425,-0.24444461309087007,0.45214594522751633,1.299853097174238,-0.4424116035629445,0.31541470108113895
-1.1415966147302186,-1.3833703010663312,-0.6883632565314425,0.2125466246935197,0.3593847394692502,1.299853097174238,-0.4424116035629445,0.07268998449856622
-1.1415966147302186,-0.731789922814562,-0.6883632565314425,0.3839183388626659,0.3593847394692502,1.299853097174238,1.5777327049436507,0.2092226375762634
-1.1415966147302186,0.5713708336889765,-0.6883632565314425,0.6695378624779095,0.15067202651315148,1.299853097174238,-0.4424116035629445,0.31541470108113895
0.06516513445605905,0.5713708336889765,-0.6883632565314425,-0.9870553744905034,-0.19718249508034646,-0.7693177038035366,-0.4424116035629445,0.31541470108113895
0.06516513445605905,1.5487414010666303,-0.6883632565314425,-0.5300641367061136,-0.12761159076164688,-0.7693177038035366,-0.4424116035629445,0.113144103928995
-1.1415966147302186,-0.08020954456279278,-0.6883632565314425,-0.3015685178139188,0.0115302178757523,1.299853097174238,-0.4424116035629445,0.4114932347284073
-1.1415966147302186,0.5713708336889765,-0.6883632565314425,2.1547593852771763,0.173862327952718,1.299853097174238,-0.4424116035629445,0.31541470108113895
-1.1415966147302186,0.5713708336889765,-0.6883632565314425,-0.5871880414291624,0.15067202651315148,1.299853097174238,-0.4424116035629445,0.31541470108113895
0.06516513445605905,-0.731789922814562,-0.6883632565314425,-0.13019680364477262,0.3361944380296837,-0.7693177038035366,-0.4424116035629445,0.2092226375762634
1.2719268836423367,-1.3833703010663312,-0.6883632565314425,-0.5300641367061136,0.24343323227141758,-0.7693177038035366,-0.4424116035629445,0.07268998449856622
-1.1415966147302186,0.5713708336889765,-0.6883632565314425,0.7266617672009582,0.15067202651315148,1.299853097174238,1.5777327049436507,0.31541470108113895
0.06516513445605905,0.5713708336889765,-0.6883632565314425,-0.872807565044406,-0.7305594281903766,-0.7693177038035366,-0.4424116035629445,0.31541470108113895
0.06516513445605905,1.5487414010666303,-0.6883632565314425,-0.5300641367061136,-0.17399219364077992,-0.7693177038035366,-0.4424116035629445,0.113144103928995
1.2719268836423367,1.5487414010666303,-0.6883632565314425,0.2125466246935197,0.0115302178757523,-0.7693177038035366,-0.4424116035629445,0.113144103928995
-1.1415966147302186,0.5713708336889765,-0.6883632565314425,0.4981661483087633,0.3361944380296837,1.299853097174238,-0.4424116035629445,0.31541470108113895
-1.1415966147302186,-0.731789922814562,-0.6883632565314425,-0.872807565044406,0.05791082075488536,1.299853097174238,-0.4424116035629445,0.2092226375762634
-1.1415966147302186,1.5487414010666303,-0.6883632565314425,0.4410422435857146,0.7072392610627481,1.299853097174238,-0.4424116035629445,0.113144103928995
0.06516513445605905,0.5713708336889765,-0.6883632565314425,-0.47294023198306495,0.6608586581836151,-0.7693177038035366,-0.4424116035629445,0.31541470108113895
1.2719268836423367,-1.3833703010663312,-0.6883632565314425,0.6124139577548607,0.6608586581836151,-0.7693177038035366,-0.4424116035629445,0.07268998449856622
-1.1415966147302186,-1.3833703010663312,-0.6883632565314425,-0.47294023198306495,0.6608586581836151,1.299853097174238,1.5777327049436507,0.07268998449856622
0.06516513445605905,-0.731789922814562,-0.6883632565314425,-0.13019680364477262,0.7072392610627481,-0.7693177038035366,-0.4424116035629445,0.2092226375762634
0.06516513445605905,-0.731789922814562,-0.6883632565314425,-0.6443119461522111,0.3593847394692502,-0.7693177038035366,-0.4424116035629445,0.2092226375762634
-1.1415966147302186,-0.08020954456279278,-0.6883632565314425,-0.3586924225369675,-0.12761159076164688,1.299853097174238,-0.4424116035629445,0.4114932347284073
-1.1415966147302186,-1.3833703010663312,-0.6883632565314425,2.1547593852771763,0.3361944380296837,1.299853097174238,-0.4424116035629445,0.07268998449856622
1.2719268836423367,-0.731789922814562,-0.6883632565314425,2.497502813615468,-0.19718249508034646,-0.7693177038035366,-0.4424116035629445,0.2092226375762634
0.06516513445605905,0.5713708336889765,-0.6883632565314425,0.3267944341396172,0.0115302178757523,-0.7693177038035366,-0.4424116035629445,0.31541470108113895
0.06516513445605905,1.5487414010666303,-0.6883632565314425,1.183653004985348,-0.17399219364077992,-0.7693177038035366,-0.4424116035629445,0.113144103928995
1.2719268836423367,1.5487414010666303,-0.6883632565314425,-0.9870553744905034,0.173862327952718,-0.7693177038035366,-0.4424116035629445,0.113144103928995
1.2719268836423367,-1.3833703010663312,-0.6883632565314425,1.6406442427697379,0.05791082075488536,-0.7693177038035366,-0.4424116035629445,0.07268998449856622
-1.1415966147302186,1.5487414010666303,-0.6883632565314425,-0.47294023198306495,0.3825750409088168,1.299853097174238,-0.4424116035629445,0.113144103928995
-1.1415966147302186,1.5487414010666303,-0.6883632565314425,0.26967052941656844,0.24343323227141758,1.299853097174238,-0.4424116035629445,0.113144103928995
0.06516513445605905,-0.08020954456279278,-0.6883632565314425,1.2979008144314454,-0.7305594281903766,-0.7693177038035366,-0.4424116035629445,0.4114932347284073
0.06516513445605905,-1.3833703010663312,-0.6883632565314425,1.4692725286005917,0.0115302178757523,-0.7693177038035366,-0.4424116035629445,0.07268998449856622
-1.1415966147302186,1.5487414010666303,-0.6883632565314425,-0.47294023198306495,0.3361944380296837,1.299853097174238,-0.4424116035629445,0.113144103928995
1.2719268836423367,-0.731789922814562,-0.6883632565314425,-0.5871880414291624,0.6608586581836151,-0.7693177038035366,-0.4424116035629445,0.2092226375762634
1.2719268836423367,-1.3833703010663312,-0.6883632565314425,1.2979008144314454,0.3361944380296837,-0.7693177038035366,1.5777327049436507,0.07268998449856622
0.06516513445605905,1.5487414010666303,-0.6883632565314425,-0.8156836603213573,0.6608586581836151,-0.7693177038035366,-0.4424116035629445,0.113144103928995
1.2719268836423367,1.5487414010666303,-0.6883632565314425,-0.7585597555983086,0.05791082075488536,-0.7693177038035366,-0.4424116035629445,0.113144103928995
1.2719268836423367,-0.731789922814562,-0.6883632565314425,0.09829881524742227,0.173862327952718,-0.7693177038035366,-0.4424116035629445,0.2092226375762634
-1.1415966147302186,-0.08020954456279278,-0.6883632565314425,-0.3586924225369675,0.3825750409088168,1.299853097174238,-0.4424116035629445,0.4114932347284073
-1.1415966147302186,0.5713708336889765,-0.6883632565314425,-0.7585597555983086,0.26662353371098413,1.299853097174238,-0.4424116035629445,0.31541470108113895
-1.1415966147302186,-1.3833703010663312,-0.6883632565314425,0.3267944341396172,0.05791082075488536,1.299853097174238,1.5777327049436507,0.07268998449856622
1.2719268836423367,-0.731789922814562,-0.6883632565314425,-0.7014358508752598,0.15067202651315148,-0.7693177038035366,-0.4424116035629445,0.2092226375762634
1.2719268836423367,-0.731789922814562,-0.6883632565314425,-0.7014358508752598,0.05791082075488536,-0.7693177038035366,1.5777327049436507,0.2092226375762634
-1.1415966147302186,0.5713708336889765,-0.6883632565314425,0.6124139577548607,0.6608586581836151,1.299853097174238,-0.4424116035629445,0.31541470108113895
0.06516513445605905,-0.731789922814562,-0.6883632565314425,1.412148623877543,0.3593847394692502,-0.7693177038035366,-0.4424116035629445,0.2092226375762634
0.06516513445605905,1.5487414010666303,-0.6883632565314425,0.4981661483087633,0.3593847394692502,-0.7693177038035366,1.5777327049436507,0.113144103928995
0.06516513445605905,-0.08020954456279278,-0.6883632565314425,0.041174910524373554,-0.7305594281903766,-0.7693177038035366,-0.4424116035629445,0.4114932347284073
1.2719268836423367,-0.08020954456279278,-0.6883632565314425,0.8409095766470557,-0.17399219364077992,-0.7693177038035366,-0.4424116035629445,0.4114932347284073
1.2719268836423367,-0.08020954456279278,-0.6883632565314425,1.2979008144314454,0.3825750409088168,-0.7693177038035366,-0.4424116035629445,0.4114932347284073
-1.1415966147302186,-1.3833703010663312,-0.6883632565314425,-0.7585597555983086,0.173862327952718,1.299853097174238,-0.4424116035629445,0.07268998449856622
-1.1415966147302186,0.5713708336889765,-0.6883632565314425,-0.7014358508752598,0.45214594522751633,1.299853097174238,-0.4424116035629445,0.31541470108113895
1.2719268836423367,1.5487414010666303,-0.6883632565314425,2.211883290000225,0.3361944380296837,-0.7693177038035366,-0.4424116035629445,0.113144103928995
1.2719268836423367,1.5487414010666303,-0.6883632565314425,4.096972145860833,-0.12761159076164688,-0.7693177038035366,-0.4424116035629445,0.113144103928995
1.2719268836423367,-0.08020954456279278,-0.6883632565314425,0.3839183388626659,-0.19718249508034646,-0.7693177038035366,-0.4424116035629445,0.4114932347284073
-1.1415966147302186,-0.08020954456279278,-0.6883632565314425,-0.3586924225369675,0.15067202651315148,1.299853097174238,-0.4424116035629445,0.4114932347284073
-1.1415966147302186,1.5487414010666303,-0.6883632565314425,-0.6443119461522111,-0.19718249508034646,1.299853097174238,1.5777327049436507,0.113144103928995
-1.1415966147302186,-0.731789922814562,-0.6883632565314425,-0.872807565044406,0.26662353371098413,1.299853097174238,-0.4424116035629445,0.2092226375762634
0.06516513445605905,-0.08020954456279278,-0.6883632565314425,-0.7585597555983086,0.173862327952718,-0.7693177038035366,-0.4424116035629445,0.4114932347284073
1.2719268836423367,0.5713708336889765,-0.6883632565314425,0.3839183388626659,0.26662353371098413,-0.7693177038035366,1.5777327049436507,0.31541470108113895
1.2719268836423367,1.5487414010666303,-0.6883632565314425,-0.6443119461522111,0.15067202651315148,-0.7693177038035366,-0.4424116035629445,0.113144103928995
-1.1415966147302186,-0.08020954456279278,-0.6883632565314425,-0.7585597555983086,0.6608586581836151,1.299853097174238,-0.4424116035629445,0.4114932347284073
0.06516513445605905,1.5487414010666303,-0.6883632565314425,0.09829881524742227,0.15067202651315148,-0.7693177038035366,-0.4424116035629445,0.113144103928995
-1.1415966147302186,-1.3833703010663312,-0.6883632565314425,-0.47294023198306495,-0.19718249508034646,1.299853097174238,-0.4424116035629445,0.07268998449856622
1.2719268836423367,1.5487414010666303,-0.6883632565314425,1.1265291002622992,0.05791082075488536,-0.7693177038035366,-0.4424116035629445,0.113144103928995
0.06516513445605905,-0.08020954456279278,-0.6883632565314425,-0.8156836603213573,0.3593847394692502,-0.7693177038035366,-0.4424116035629445,0.4114932347284073
0.06516513445605905,-0.731789922814562,-0.6883632565314425,2.954494051399858,-0.19718249508034646,-0.7693177038035366,-0.4424116035629445,0.2092226375762634
-1.1415966147302186,0.5713708336889765,-0.6883632565314425,-0.13019680364477262,0.7072392610627481,1.299853097174238,-0.4424116035629445,0.31541470108113895
-1.1415966147302186,-1.3833703010663312,-0.6883632565314425,-0.8156836603213573,0.26662353371098413,1.299853097174238,-0.4424116035629445,0.07268998449856622
-1.1415966147302186,-0.08020954456279278,-0.6883632565314425,-0.5871880414291624,0.7072392610627481,1.299853097174238,1.5777327049436507,0.4114932347284073
1.2719268836423367,1.5487414010666303,-0.6883632565314425,-0.5871880414291624,0.24343323227141758,-0.7693177038035366,-0.4424116035629445,0.113144103928995
0.06516513445605905,-0.08020954456279278,-0.6883632565314425,0.3267944341396172,0.05791082075488536,-0.7693177038035366,-0.4424116035629445,0.4114932347284073
1.2719268836423367,0.5713708336889765,-0.6883632565314425,-0.5300641367061136,0.3825750409088168,-0.7693177038035366,-0.4424116035629445,0.31541470108113895
0.06516513445605905,1.5487414010666303,-0.6883632565314425,1.4692725286005917,-0.12761159076164688,-0.7693177038035366,-0.4424116035629445,0.113144103928995
1.2719268836423367,1.5487414010666303,-0.6883632565314425,-0.8156836603213573,-0.17399219364077992,-0.7693177038035366,-0.4424116035629445,0.113144103928995
0.06516513445605905,-0.731789922814562,-0.6883632565314425,-0.8156836603213573,0.6608586581836151,-0.7693177038035366,-0.4424116035629445,0.2092226375762634
0.06516513445605905,1.5487414010666303,-0.6883632565314425,0.2125466246935197,0.3825750409088168,-0.7693177038035366,-0.4424116035629445,0.113144103928995
0.06516513445605905,-1.3833703010663312,-0.6883632565314425,0.9551573860931531,0.3361944380296837,-0.7693177038035366,-0.4424116035629445,0.07268998449856622
-1.1415966147302186,1.5487414010666303,-0.6883632565314425,-0.13019680364477262,0.05791082075488536,1.299853097174238,-0.4424116035629445,0.113144103928995
-1.1415966147302186,-1.3833703010663312,-0.6883632565314425,-0.4158163272600162,0.15067202651315148,1.299853097174238,-0.4424116035629445,0.07268998449856622
0.06516513445605905,1.5487414010666303,-0.6883632565314425,-0.5871880414291624,0.0115302178757523,-0.7693177038035366,-0.4424116035629445,0.113144103928995
0.06516513445605905,-0.08020954456279278,-0.6883632565314425,0.555290053031812,0.3361944380296837,-0.7693177038035366,1.5777327049436507,0.4114932347284073
0.06516513445605905,0.5713708336889765,-0.6883632565314425,-0.3015685178139188,0.15067202651315148,-0.7693177038035366,1.5777327049436507,0.31541470108113895
1.2719268836423367,1.5487414010666303,-0.6883632565314425,-0.872807565044406,0.6608586581836151,-0.7693177038035366,-0.4424116035629445,0.113144103928995
1.2719268836423367,0.5713708336889765,-0.6883632565314425,-0.6443119461522111,0.173862327952718,-0.7693177038035366,-0.4424116035629445,0.31541470108113895
1.2719268836423367,-1.3833703010663312,-0.6883632565314425,-0.3015685178139188,-0.19718249508034646,-0.7693177038035366,-0.4424116035629445,0.07268998449856622
1.2719268836423367,-0.731789922814562,-0.6883632565314425,-0.5300641367061136,0.45214594522751633,-0.7693177038035366,-0.4424116035629445,0.2092226375762634
1.2719268836423367,0.5713708336889765,-0.6883632565314425,-0.8156836603213573,0.15067202651315148,-0.7693177038035366,-0.4424116035629445,0.31541470108113895
0.06516513445605905,-0.731789922814562,-0.6883632565314425,-0.9299314697674548,-0.12761159076164688,-0.7693177038035366,-0.4424116035629445,0.2092226375762634
-1.1415966147302186,1.5487414010666303,-0.6883632565314425,-0.47294023198306495,0.0115302178757523,1.299853097174238,-0.4424116035629445,0.113144103928995
-1.1415966147302186,0.5713708336889765,-0.6883632565314425,0.09829881524742227,0.15067202651315148,1.299853097174238,1.5777327049436507,0.31541470108113895
1.2719268836423367,-0.08020954456279278,-0.6883632565314425,1.1265291002622992,0.15067202651315148,-0.7693177038035366,-0.4424116035629445,0.4114932347284073
-1.1415966147302186,0.5713708336889765,-0.6883632565314425,0.26967052941656844,0.3825750409088168,1.299853097174238,-0.4424116035629445,0.31541470108113895
-1.1415966147302186,-0.731789922814562,-0.6883632565314425,-0.24444461309087007,0.3593847394692502,1.299853097174238,-0.4424116035629445,0.2092226375762634
-1.1415966147302186,-0.08020954456279278,-0.6883632565314425,-0.01594899419867517,0.3593847394692502,1.299853097174238,1.5777327049436507,0.4114932347284073
1.2719268836423367,-0.731789922814562,-0.6883632565314425,-0.8156836603213573,0.0115302178757523,-0.7693177038035366,-0.4424116035629445,0.2092226375762634
0.06516513445605905,-1.3833703010663312,-0.6883632565314425,-0.47294023198306495,-0.19718249508034646,-0.7693177038035366,-0.4424116035629445,0.07268998449856622
-1.1415966147302186,0.5713708336889765,-0.6883632565314425,-0.3015685178139188,0.26662353371098413,1.299853097174238,-0.4424116035629445,0.31541470108113895
-1.1415966147302186,0.5713708336889765,-0.6883632565314425,0.555290053031812,-0.12761159076164688,1.299853097174238,-0.4424116035629445,0.31541470108113895
1.2719268836423367,-0.731789922814562,-0.6883632565314425,4.4968394789221735,-0.12761159076164688,-0.7693177038035366,-0.4424116035629445,0.2092226375762634
0.06516513445605905,-0.08020954456279278,-0.6883632565314425,-0.13019680364477262,-0.7305594281903766,-0.7693177038035366,-0.4424116035629445,0.4114932347284073
-1.1415966147302186,-1.3833703010663312,-0.6883632565314425,0.6695378624779095,0.15067202651315148,1.299853097174238,-0.4424116035629445,0.07268998449856622
0.06516513445605905,0.5713708336889765,-0.6883632565314425,0.4410422435857146,0.15067202651315148,-0.7693177038035366,1.5777327049436507,0.31541470108113895
1.2719268836423367,1.5487414010666303,-0.6883632565314425,0.7266617672009582,0.3593847394692502,-0.7693177038035366,-0.4424116035629445,0.113144103928995
-1.1415966147302186,-1.3833703010663312,-0.6883632565314425,-0.3586924225369675,0.26662353371098413,1.299853097174238,-0.4424116035629445,0.07268998449856622
-1.1415966147302186,-1.3833703010663312,-0.6883632565314425,0.8409095766470557,0.05791082075488536,1.299853097174238,-0.4424116035629445,0.07268998449856622
1.2719268836423367,-0.731789922814562,-0.6883632565314425,0.6124139577548607,0.3593847394692502,-0.7693177038035366,-0.4424116035629445,0.2092226375762634
0.06516513445605905,0.5713708336889765,-0.6883632565314425,-0.5871880414291624,0.0115302178757523,-0.7693177038035366,-0.4424116035629445,0.31541470108113895
1.2719268836423367,-0.08020954456279278,-0.6883632565314425,-0.872807565044406,0.15067202651315148,-0.7693177038035366,-0.4424116035629445,0.4114932347284073
-1.1415966147302186,-1.3833703010663312,-0.6883632565314425,-0.47294023198306495,0.15067202651315148,1.299853097174238,-0.4424116035629445,0.07268998449856622
0.06516513445605905,0.5713708336889765,-0.6883632565314425,-0.9870553744905034,0.05791082075488536,-0.7693177038035366,1.5777327049436507,0.31541470108113895
0.06516513445605905,-0.08020954456279278,-0.6883632565314425,1.3550247191544942,-0.7305594281903766,-0.7693177038035366,-0.4424116035629445,0.4114932347284073
-1.1415966147302186,1.5487414010666303,-0.6883632565314425,-0.9870553744905034,0.26662353371098413,1.299853097174238,-0.4424116035629445,0.113144103928995
0.06516513445605905,-0.731789922814562,-0.6883632565314425,-0.13019680364477262,0.45214594522751633,-0.7693177038035366,-0.4424116035629445,0.2092226375762634
0.06516513445605905,-0.08020954456279278,-0.6883632565314425,-0.07307289892172389,0.6608586581836151,-0.7693177038035366,-0.4424116035629445,0.4114932347284073
0.06516513445605905,0.5713708336889765,-0.6883632565314425,0.26967052941656844,0.0115302178757523,-0.7693177038035366,-0.4424116035629445,0.31541470108113895
0.06516513445605905,-0.731789922814562,-0.6883632565314425,-0.6443119461522111,-0.17399219364077992,-0.7693177038035366,-0.4424116035629445,0.2092226375762634
1.2719268836423367,1.5487414010666303,-0.6883632565314425,0.041174910524373554,0.24343323227141758,-0.7693177038035366,-0.4424116035629445,0.113144103928995
-1.1415966147302186,0.5713708336889765,-0.6883632565314425,-0.01594899419867517,0.15067202651315148,1.299853097174238,-0.4424116035629445,0.31541470108113895
0.06516513445605905,-0.08020954456279278,-0.6883632565314425,-0.47294023198306495,0.6608586581836151,-0.7693177038035366,-0.4424116035629445,0.4114932347284073
0.06516513445605905,-1.3833703010663312,-0.6883632565314425,1.926263766384981,0.3593847394692502,-0.7693177038035366,-0.4424116035629445,0.07268998449856622
0.06516513445605905,1.5487414010666303,-0.6883632565314425,0.26967052941656844,0.3361944380296837,-0.7693177038035366,-0.4424116035629445,0.113144103928995
1.2719268836423367,-0.731789922814562,-0.6883632565314425,-0.5871880414291624,0.05791082075488536,-0.7693177038035366,-0.4424116035629445,0.2092226375762634
0.06516513445605905,0.5713708336889765,-0.6883632565314425,0.3839183388626659,0.173862327952718,-0.7693177038035366,-0.4424116035629445,0.31541470108113895
1.2719268836423367,-1.3833703010663312,-0.6883632565314425,-0.07307289892172389,0.173862327952718,-0.7693177038035366,1.5777327049436507,0.07268998449856622
0.06516513445605905,0.5713708336889765,-0.6883632565314425,0.041174910524373554,0.3361944380296837,-0.7693177038035366,-0.4424116035629445,0.31541470108113895
-1.1415966147302186,-0.08020954456279278,-0.6883632565314425,0.4410422435857146,0.3593847394692502,1.299853097174238,-0.4424116035629445,0.4114932347284073
0.06516513445605905,-0.08020954456279278,-0.6883632565314425,-0.7585597555983086,-0.12761159076164688,-0.7693177038035366,-0.4424116035629445,0.4114932347284073
1.2719268836423367,-0.08020954456279278,-0.6883632565314425,0.09829881524742227,0.24343323227141758,-0.7693177038035366,-0.4424116035629445,0.4114932347284073
0.06516513445605905,-0.08020954456279278,-0.6883632565314425,-0.01594899419867517,0.45214594522751633,-0.7693177038035366,-0.4424116035629445,0.4114932347284073
0.06516513445605905,1.5487414010666303,-0.6883632565314425,1.1265291002622992,-0.12761159076164688,-0.7693177038035366,-0.4424116035629445,0.113144103928995
1.2719268836423367,-1.3833703010663312,-0.6883632565314425,2.0976354805541275,0.24343323227141758,-0.7693177038035366,-0.4424116035629445,0.07268998449856622
0.06516513445605905,-1.3833703010663312,-0.6883632565314425,1.1265291002622992,0.7072392610627481,-0.7693177038035366,-0.4424116035629445,0.07268998449856622
-1.1415966147302186,-0.08020954456279278,-0.6883632565314425,-0.4158163272600162,0.26662353371098413,1.299853097174238,-0.4424116035629445,0.4114932347284073
0.06516513445605905,1.5487414010666303,-0.6883632565314425,-0.24444461309087007,0.6608586581836151,-0.7693177038035366,-0.4424116035629445,0.113144103928995
0.06516513445605905,-0.731789922814562,-0.6883632565314425,-0.3586924225369675,0.6608586581836151,-0.7693177038035366,1.5777327049436507,0.2092226375762634
0.06516513445605905,1.5487414010666303,-0.6883632565314425,-0.9299314697674548,0.3361944380296837,-0.7693177038035366,-0.4424116035629445,0.113144103928995
0.06516513445605905,0.5713708336889765,-0.6883632565314425,-0.7585597555983086,0.6608586581836151,-0.7693177038035366,-0.4424116035629445,0.31541470108113895
-1.1415966147302186,-0.731789922814562,-0.6883632565314425,0.4410422435857146,0.05791082075488536,1.299853097174238,-0.4424116035629445,0.2092226375762634
0.06516513445605905,-0.731789922814562,-0.6883632565314425,-0.7014358508752598,0.3361944380296837,-0.7693177038035366,1.5777327049436507,0.2092226375762634
0.06516513445605905,-0.08020954456279278,-0.6883632565314425,-0.8156836603213573,0.6608586581836151,-0.7693177038035366,1.5777327049436507,0.4114932347284073
-1.1415966147302186,-1.3833703010663312,-0.6883632565314425,-0.18732070836782133,-0.19718249508034646,1.299853097174238,-0.4424116035629445,0.07268998449856622
1.2719268836423367,1.5487414010666303,-0.6883632565314425,-0.8156836603213573,0.45214594522751633,-0.7693177038035366,-0.4424116035629445,0.113144103928995
-1.1415966147302186,-1.3833703010663312,-0.6883632565314425,-0.47294023198306495,-0.12761159076164688,1.299853097174238,-0.4424116035629445,0.07268998449856622
-1.1415966147302186,1.5487414010666303,-0.6883632565314425,-0.5300641367061136,0.7072392610627481,1.299853097174238,-0.4424116035629445,0.113144103928995
0.06516513445605905,0.5713708336889765,-0.6883632565314425,1.754892052215835,0.6608586581836151,-0.7693177038035366,-0.4424116035629445,0.31541470108113895
-1.1415966147302186,-0.731789922814562,-0.6883632565314425,-0.872807565044406,0.15067202651315148,1.299853097174238,-0.4424116035629445,0.2092226375762634
0.06516513445605905,-0.731789922814562,-0.6883632565314425,-0.5300641367061136,0.15067202651315148,-0.7693177038035366,-0.4424116035629445,0.2092226375762634
1.2719268836423367,-0.08020954456279278,-0.6883632565314425,-0.9299314697674548,0.15067202651315148,-0.7693177038035366,1.5777327049436507,0.4114932347284073
0.06516513445605905,1.5487414010666303,-0.6883632565314425,-0.7014358508752598,0.3361944380296837,-0.7693177038035366,-0.4424116035629445,0.113144103928995
-1.1415966147302186,1.5487414010666303,-0.6883632565314425,1.8120159569388838,0.7072392610627481,1.299853097174238,-0.4424116035629445,0.113144103928995
-1.1415966147302186,-0.08020954456279278,-0.6883632565314425,-0.872807565044406,0.15067202651315148,1.299853097174238,1.5777327049436507,0.4114932347284073
1.2719268836423367,-0.731789922814562,-0.6883632565314425,0.555290053031812,0.15067202651315148,-0.7693177038035366,-0.4424116035629445,0.2092226375762634
0.06516513445605905,-1.3833703010663312,-0.6883632565314425,1.0122812908162018,0.15067202651315148,-0.7693177038035366,-0.4424116035629445,0.07268998449856622
1.2719268836423367,0.5713708336889765,-0.6883632565314425,-0.7585597555983086,0.3593847394692502,-0.7693177038035366,-0.4424116035629445,0.31541470108113895
1.2719268836423367,1.5487414010666303,-0.6883632565314425,-0.7014358508752598,0.6608586581836151,-0.7693177038035366,-0.4424116035629445,0.113144103928995
0.06516513445605905,-0.08020954456279278,-0.6883632565314425,0.7837856719240069,0.26662353371098413,-0.7693177038035366,-0.4424116035629445,0.4114932347284073
-1.1415966147302186,-1.3833703010663312,-0.6883632565314425,-0.9299314697674548,0.15067202651315148,1.299853097174238,1.5777327049436507,0.07268998449856622
-1.1415966147302186,-0.08020954456279278,-0.6883632565314425,-0.7014358508752598,-0.19718249508034646,1.299853097174238,-0.4424116035629445,0.4114932347284073
1.2719268836423367,-1.3833703010663312,-0.6883632565314425,-0.7585597555983086,0.15067202651315148,-0.7693177038035366,3.597877013450246,0.07268998449856622
-1.1415966147302186,1.5487414010666303,-0.6883632565314425,0.3839183388626659,0.15067202651315148,1.299853097174238,-0.4424116035629445,0.113144103928995
0.06516513445605905,-0.731789922814562,-0.6883632565314425,0.3839183388626659,-0.19718249508034646,-0.7693177038035366,1.5777327049436507,0.2092226375762634
0.06516513445605905,0.5713708336889765,-0.6883632565314425,0.555290053031812,0.24343323227141758,-0.7693177038035366,-0.4424116035629445,0.31541470108113895
0.06516513445605905,-1.3833703010663312,-0.6883632565314425,0.4981661483087633,0.45214594522751633,-0.7693177038035366,-0.4424116035629445,0.07268998449856622
1.2719268836423367,-0.731789922814562,-0.6883632565314425,1.1265291002622992,0.173862327952718,-0.7693177038035366,-0.4424116035629445,0.2092226375762634
0.06516513445605905,1.5487414010666303,-0.6883632565314425,3.811352622245589,-0.12761159076164688,-0.7693177038035366,-0.4424116035629445,0.113144103928995
0.06516513445605905,-0.731789922814562,-0.6883632565314425,-0.24444461309087007,0.6608586581836151,-0.7693177038035366,-0.4424116035629445,0.2092226375762634
1.2719268836423367,-0.08020954456279278,-0.6883632565314425,0.4981661483087633,0.3593847394692502,-0.7693177038035366,-0.4424116035629445,0.4114932347284073
-1.1415966147302186,-1.3833703010663312,-0.5495803419081678,0.6695378624779095,0.05791082075488536,1.299853097174238,-0.4424116035629445,0.07268998449856622
0.06516513445605905,1.5487414010666303,-0.5495803419081678,-0.5871880414291624,0.7072392610627481,-0.7693177038035366,-0.4424116035629445,0.113144103928995
1.2719268836423367,-1.3833703010663312,-0.5495803419081678,-0.18732070836782133,0.7072392610627481,-0.7693177038035366,1.5777327049436507,0.07268998449856622
-1.1415966147302186,-0.08020954456279278,-0.5495803419081678,-0.8156836603213573,0.3593847394692502,1.299853097174238,1.5777327049436507,0.4114932347284073
-1.1415966147302186,1.5487414010666303,-0.5495803419081678,-0.5871880414291624,0.3825750409088168,1.299853097174238,-0.4424116035629445,0.113144103928995
-1.1415966147302186,-1.3833703010663312,-0.5495803419081678,0.3839183388626659,-0.19718249508034646,1.299853097174238,-0.4424116035629445,0.07268998449856622
1.2719268836423367,0.5713708336889765,-0.5495803419081678,-0.5300641367061136,0.173862327952718,-0.7693177038035366,-0.4424116035629445,0.31541470108113895
-1.1415966147302186,0.5713708336889765,-0.5495803419081678,-0.7014358508752598,0.6608586581836151,1.299853097174238,-0.4424116035629445,0.31541470108113895
0.06516513445605905,0.5713708336889765,-0.5495803419081678,-0.8156836603213573,0.3825750409088168,-0.7693177038035366,1.5777327049436507,0.31541470108113895
0.06516513445605905,-1.3833703010663312,-0.5495803419081678,-0.13019680364477262,-0.19718249508034646,-0.7693177038035366,1.5777327049436507,0.07268998449856622
-1.1415966147302186,-1.3833703010663312,-0.5495803419081678,-0.4158163272600162,0.6608586581836151,1.299853097174238,1.5777327049436507,0.07268998449856622
1.2719268836423367,0.5713708336889765,-0.5495803419081678,-0.8156836603213573,0.6608586581836151,-0.7693177038035366,3.597877013450246,0.31541470108113895
0.06516513445605905,1.5487414010666303,-0.5495803419081678,0.4410422435857146,0.3593847394692502,-0.7693177038035366,-0.4424116035629445,0.113144103928995
0.06516513445605905,-0.731789922814562,-0.5495803419081678,0.6695378624779095,-0.17399219364077992,-0.7693177038035366,-0.4424116035629445,0.2092226375762634
-1.1415966147302186,-1.3833703010663312,-0.5495803419081678,-0.8156836603213573,0.6608586581836151,1.299853097174238,1.5777327049436507,0.07268998449856622
-1.1415966147302186,-0.08020954456279278,-0.5495803419081678,0.6124139577548607,-0.17399219364077992,1.299853097174238,1.5777327049436507,0.4114932347284073
1.2719268836423367,0.5713708336889765,-0.5495803419081678,-0.872807565044406,0.7072392610627481,-0.7693177038035366,-0.4424116035629445,0.31541470108113895
1.2719268836423367,-0.731789922814562,-0.5495803419081678,-0.5300641367061136,0.3593847394692502,-0.7693177038035366,-0.4424116035629445,0.2092226375762634
1.2719268836423367,-0.08020954456279278,-0.5495803419081678,-0.13019680364477262,0.26662353371098413,-0.7693177038035366,-0.4424116035629445,0.4114932347284073
-1.1415966147302186,-0.08020954456279278,-0.5495803419081678,3.3543613844611992,0.3593847394692502,1.299853097174238,-0.4424116035629445,0.4114932347284073
0.06516513445605905,-0.731789922814562,-0.5495803419081678,-0.8156836603213573,0.0115302178757523,-0.7693177038035366,-0.4424116035629445,0.2092226375762634
1.2719268836423367,1.5487414010666303,-0.5495803419081678,-0.18732070836782133,0.7072392610627481,-0.7693177038035366,-0.4424116035629445,0.113144103928995
0.06516513445605905,1.5487414010666303,-0.5495803419081678,2.040511575831079,0.15067202651315148,-0.7693177038035366,-0.4424116035629445,0.113144103928995
1.2719268836423367,-0.08020954456279278,-0.5495803419081678,3.811352622245589,-0.7305594281903766,-0.7693177038035366,-0.4424116035629445,0.4114932347284073
0.06516513445605905,-0.08020954456279278,-0.5495803419081678,0.09829881524742227,0.7072392610627481,-0.7693177038035366,-0.4424116035629445,0.4114932347284073
-1.1415966147302186,1.5487414010666303,-0.5495803419081678,0.26967052941656844,0.3825750409088168,1.299853097174238,-0.4424116035629445,0.113144103928995
-1.1415966147302186,0.5713708336889765,-0.5495803419081678,0.6124139577548607,0.05791082075488536,1.299853097174238,-0.4424116035629445,0.31541470108113895
0.06516513445605905,-1.3833703010663312,-0.5495803419081678,-0.5871880414291624,0.15067202651315148,-0.7693177038035366,-0.4424116035629445,0.07268998449856622
1.2719268836423367,-0.08020954456279278,-0.5495803419081678,-0.47294023198306495,0.7072392610627481,-0.7693177038035366,-0.4424116035629445,0.4114932347284073
1.2719268836423367,0.5713708336889765,-0.5495803419081678,-0.3015685178139188,0.05791082075488536,-0.7693177038035366,1.5777327049436507,0.31541470108113895
1.2719268836423367,1.5487414010666303,-0.5495803419081678,0.6124139577548607,0.26662353371098413,-0.7693177038035366,-0.4424116035629445,0.113144103928995
0.06516513445605905,1.5487414010666303,-0.5495803419081678,3.0687418608459556,0.6608586581836151,-0.7693177038035366,-0.4424116035629445,0.113144103928995
-1.1415966147302186,-0.08020954456279278,-0.5495803419081678,1.5835203380466891,0.24343323227141758,1.299853097174238,-0.4424116035629445,0.4114932347284073
0.06516513445605905,0.5713708336889765,-0.5495803419081678,0.4981661483087633,0.3593847394692502,-0.7693177038035366,-0.4424116035629445,0.31541470108113895
0.06516513445605905,-0.731789922814562,-0.5495803419081678,2.8973701466768094,0.26662353371098413,-0.7693177038035366,-0.4424116035629445,0.2092226375762634
0.06516513445605905,-1.3833703010663312,-0.5495803419081678,1.2979008144314454,0.3825750409088168,-0.7693177038035366,-0.4424116035629445,0.07268998449856622
-1.1415966147302186,-1.3833703010663312,-0.5495803419081678,-0.6443119461522111,0.3593847394692502,1.299853097174238,-0.4424116035629445,0.07268998449856622
-1.1415966147302186,-0.08020954456279278,-0.5495803419081678,0.2125466246935197,0.05791082075488536,1.299853097174238,-0.4424116035629445,0.4114932347284073
1.2719268836423367,-0.731789922814562,-0.5495803419081678,1.1265291002622992,0.15067202651315148,-0.7693177038035366,-0.4424116035629445,0.2092226375762634
0.06516513445605905,1.5487414010666303,-0.5495803419081678,-0.9299314697674548,-0.19718249508034646,-0.7693177038035366,-0.4424116035629445,0.113144103928995
0.06516513445605905,0.5713708336889765,-0.5495803419081678,-0.3015685178139188,0.173862327952718,-0.7693177038035366,-0.4424116035629445,0.31541470108113895
-1.1415966147302186,-1.3833703010663312,-0.5495803419081678,0.8409095766470557,0.3825750409088168,1.299853097174238,-0.4424116035629445,0.07268998449856622
0.06516513445605905,0.5713708336889765,-0.5495803419081678,0.4981661483087633,-0.17399219364077992,-0.7693177038035366,-0.4424116035629445,0.31541470108113895
-1.1415966147302186,-0.731789922814562,-0.5495803419081678,-0.8156836603213573,0.3593847394692502,1.299853097174238,-0.4424116035629445,0.2092226375762634
-1.1415966147302186,0.5713708336889765,-0.5495803419081678,-0.7585597555983086,0.3593847394692502,1.299853097174238,1.5777327049436507,0.31541470108113895
0.06516513445605905,-0.08020954456279278,-0.5495803419081678,-0.872807565044406,-0.7305594281903766,-0.7693177038035366,-0.4424116035629445,0.4114932347284073
1.2719268836423367,1.5487414010666303,-0.5495803419081678,0.6695378624779095,-0.17399219364077992,-0.7693177038035366,1.5777327049436507,0.113144103928995
-1.1415966147302186,-0.08020954456279278,-0.5495803419081678,-0.7014358508752598,0.45214594522751633,1.299853097174238,-0.4424116035629445,0.4114932347284073
-1.1415966147302186,0.5713708336889765,-0.5495803419081678,-0.3586924225369675,0.173862327952718,1.299853097174238,-0.4424116035629445,0.31541470108113895
1.2719268836423367,0.5713708336889765,-0.5495803419081678,-0.9870553744905034,0.3825750409088168,-0.7693177038035366,-0.4424116035629445,0.31541470108113895
-1.1415966147302186,-0.731789922814562,-0.5495803419081678,-0.6443119461522111,0.15067202651315148,1.299853097174238,-0.4424116035629445,0.2092226375762634
1.2719268836423367,-0.731789922814562,-0.5495803419081678,2.954494051399858,0.24343323227141758,-0.7693177038035366,-0.4424116035629445,0.2092226375762634
-1.1415966147302186,-0.08020954456279278,-0.5495803419081678,-0.9870553744905034,0.15067202651315148,1.299853097174238,-0.4424116035629445,0.4114932347284073
-1.1415966147302186,1.5487414010666303,-0.5495803419081678,-0.6443119461522111,-0.7305594281903766,1.299853097174238,-0.4424116035629445,0.113144103928995
1.2719268836423367,-0.731789922814562,-0.5495803419081678,0.2125466246935197,0.3361944380296837,-0.7693177038035366,-0.4424116035629445,0.2092226375762634
-1.1415966147302186,-0.08020954456279278,-0.5495803419081678,-0.47294023198306495,-0.7305594281903766,1.299853097174238,1.5777327049436507,0.4114932347284073
-1.1415966147302186,-0.08020954456279278,-0.5495803419081678,0.7266617672009582,0.173862327952718,1.299853097174238,-0.4424116035629445,0.4114932347284073
-1.1415966147302186,-0.08020954456279278,-0.5495803419081678,-0.7014358508752598,0.0115302178757523,1.299853097174238,-0.4424116035629445,0.4114932347284073
1.2719268836423367,0.5713708336889765,-0.5495803419081678,2.6117506230615657,0.3593847394692502,-0.7693177038035366,-0.4424116035629445,0.31541470108113895
0.06516513445605905,-0.08020954456279278,-0.5495803419081678,-0.7585597555983086,0.6608586581836151,-0.7693177038035366,-0.4424116035629445,0.4114932347284073
-1.1415966147302186,-0.731789922814562,-0.5495803419081678,-0.8156836603213573,0.15067202651315148,1.299853097174238,-0.4424116035629445,0.2092226375762634
-1.1415966147302186,-1.3833703010663312,-0.5495803419081678,0.4410422435857146,0.6608586581836151,1.299853097174238,1.5777327049436507,0.07268998449856622
-1.1415966147302186,1.5487414010666303,-0.5495803419081678,-0.3586924225369675,0.6608586581836151,1.299853097174238,3.597877013450246,0.113144103928995
0.06516513445605905,-1.3833703010663312,-0.5495803419081678,-0.24444461309087007,0.24343323227141758,-0.7693177038035366,-0.4424116035629445,0.07268998449856622
-1.1415966147302186,-0.08020954456279278,-0.5495803419081678,0.2125466246935197,0.0115302178757523,1.299853097174238,-0.4424116035629445,0.4114932347284073
0.06516513445605905,-0.731789922814562,-0.5495803419081678,0.4410422435857146,0.173862327952718,-0.7693177038035366,-0.4424116035629445,0.2092226375762634
1.2719268836423367,-0.08020954456279278,-0.5495803419081678,-0.3586924225369675,0.15067202651315148,-0.7693177038035366,-0.4424116035629445,0.4114932347284073
1.2719268836423367,-0.08020954456279278,-0.5495803419081678,-0.18732070836782133,0.3361944380296837,-0.7693177038035366,-0.4424116035629445,0.4114932347284073
0.06516513445605905,1.5487414010666303,-0.5495803419081678,-0.47294023198306495,0.26662353371098413,-0.7693177038035366,-0.4424116035629445,0.113144103928995
-1.1415966147302186,0.5713708336889765,-0.5495803419081678,1.0122812908162018,0.24343323227141758,1.299853097174238,-0.4424116035629445,0.31541470108113895
1.2719268836423367,-0.08020954456279278,-0.5495803419081678,-0.8156836603213573,-0.17399219364077992,-0.7693177038035366,-0.4424116035629445,0.4114932347284073
-1.1415966147302186,-0.731789922814562,-0.5495803419081678,-0.3015685178139188,0.24343323227141758,1.299853097174238,1.5777327049436507,0.2092226375762634
1.2719268836423367,-0.731789922814562,-0.5495803419081678,2.497502813615468,0.05791082075488536,-0.7693177038035366,-0.4424116035629445,0.2092226375762634
1.2719268836423367,-1.3833703010663312,-0.5495803419081678,-0.5871880414291624,0.6608586581836151,-0.7693177038035366,-0.4424116035629445,0.07268998449856622
1.2719268836423367,-1.3833703010663312,-0.5495803419081678,-0.3586924225369675,0.05791082075488536,-0.7693177038035366,1.5777327049436507,0.07268998449856622
-1.1415966147302186,0.5713708336889765,-0.5495803419081678,-0.18732070836782133,-0.12761159076164688,1.299853097174238,-0.4424116035629445,0.31541470108113895
-1.1415966147302186,-0.731789922814562,-0.5495803419081678,-0.07307289892172389,0.3825750409088168,1.299853097174238,-0.4424116035629445,0.2092226375762634
1.2719268836423367,0.5713708336889765,-0.5495803419081678,-0.24444461309087007,0.6608586581836151,-0.7693177038035366,-0.4424116035629445,0.31541470108113895
1.2719268836423367,0.5713708336889765,-0.5495803419081678,-0.5871880414291624,0.3825750409088168,-0.7693177038035366,1.5777327049436507,0.31541470108113895
1.2719268836423367,-1.3833703010663312,-0.5495803419081678,-0.01594899419867517,0.45214594522751633,-0.7693177038035366,-0.4424116035629445,0.07268998449856622
0.06516513445605905,1.5487414010666303,-0.5495803419081678,-0.3015685178139188,0.15067202651315148,-0.7693177038035366,-0.4424116035629445,0.113144103928995
0.06516513445605905,1.5487414010666303,-0.5495803419081678,-0.4158163272600162,-0.12761159076164688,-0.7693177038035366,-0.4424116035629445,0.113144103928995
1.2719268836423367,-0.731789922814562,-0.5495803419081678,-0.5871880414291624,0.6608586581836151,-0.7693177038035366,-0.4424116035629445,0.2092226375762634
0.06516513445605905,1.5487414010666303,-0.5495803419081678,0.26967052941656844,0.7072392610627481,-0.7693177038035366,-0.4424116035629445,0.113144103928995
1.2719268836423367,-0.08020954456279278,-0.5495803419081678,-0.24444461309087007,0.6608586581836151,-0.7693177038035366,-0.4424116035629445,0.4114932347284073
-1.1415966147302186,-0.08020954456279278,-0.5495803419081678,2.2690071947232737,0.15067202651315148,1.299853097174238,-0.4424116035629445,0.4114932347284073
1.2719268836423367,0.5713708336889765,-0.5495803419081678,0.9551573860931531,0.0115302178757523,-0.7693177038035366,-0.4424116035629445,0.31541470108113895
-1.1415966147302186,-0.731789922814562,-0.5495803419081678,-0.872807565044406,0.6608586581836151,1.299853097174238,-0.4424116035629445,0.2092226375762634
-1.1415966147302186,1.5487414010666303,-0.5495803419081678,0.3267944341396172,0.3593847394692502,1.299853097174238,-0.4424116035629445,0.113144103928995
-1.1415966147302186,0.5713708336889765,-0.5495803419081678,-0.3586924225369675,0.3361944380296837,1.299853097174238,-0.4424116035629445,0.31541470108113895
1.2719268836423367,0.5713708336889765,-0.5495803419081678,0.26967052941656844,0.6608586581836151,-0.7693177038035366,-0.4424116035629445,0.31541470108113895
0.06516513445605905,-1.3833703010663312,-0.5495803419081678,0.8980334813701044,0.7072392610627481,-0.7693177038035366,-0.4424116035629445,0.07268998449856622
0.06516513445605905,-1.3833703010663312,-0.5495803419081678,-0.4158163272600162,-0.7305594281903766,-0.7693177038035366,-0.4424116035629445,0.07268998449856622
0.06516513445605905,0.5713708336889765,-0.5495803419081678,1.412148623877543,0.6608586581836151,-0.7693177038035366,-0.4424116035629445,0.31541470108113895
0.06516513445605905,-0.731789922814562,-0.5495803419081678,1.2407769097083967,0.6608586581836151,-0.7693177038035366,1.5777327049436507,0.2092226375762634
1.2719268836423367,-0.731789922814562,-0.5495803419081678,-0.9299314697674548,0.3593847394692502,-0.7693177038035366,-0.4424116035629445,0.2092226375762634
1.2719268836423367,-1.3833703010663312,-0.5495803419081678,-0.5871880414291624,0.3825750409088168,-0.7693177038035366,-0.4424116035629445,0.07268998449856622
-1.1415966147302186,-0.08020954456279278,-0.5495803419081678,0.26967052941656844,0.24343323227141758,1.299853097174238,-0.4424116035629445,0.4114932347284073
-1.1415966147302186,-1.3833703010663312,-0.5495803419081678,0.09829881524742227,0.45214594522751633,1.299853097174238,-0.4424116035629445,0.07268998449856622
-1.1415966147302186,-0.08020954456279278,-0.5495803419081678,0.6695378624779095,0.15067202651315148,1.299853097174238,-0.4424116035629445,0.4114932347284073
-1.1415966147302186,0.5713708336889765,-0.5495803419081678,1.412148623877543,0.15067202651315148,1.299853097174238,-0.4424116035629445,0.31541470108113895
0.06516513445605905,-1.3833703010663312,-0.5495803419081678,-0.7014358508752598,-0.17399219364077992,-0.7693177038035366,-0.4424116035629445,0.07268998449856622
1.2719268836423367,-1.3833703010663312,-0.5495803419081678,-0.5871880414291624,0.15067202651315148,-0.7693177038035366,1.5777327049436507,0.07268998449856622
-1.1415966147302186,-0.731789922814562,-0.5495803419081678,8.20989328592034,0.05791082075488536,1.299853097174238,-0.4424116035629445,0.2092226375762634
-1.1415966147302186,1.5487414010666303,-0.5495803419081678,-0.7014358508752598,0.15067202651315148,1.299853097174238,-0.4424116035629445,0.113144103928995
-1.1415966147302186,-1.3833703010663312,-0.5495803419081678,0.3267944341396172,0.15067202651315148,1.299853097174238,-0.4424116035629445,0.07268998449856622
-1.1415966147302186,-0.731789922814562,-0.5495803419081678,-0.8156836603213573,0.7072392610627481,1.299853097174238,-0.4424116035629445,0.2092226375762634
-1.1415966147302186,0.5713708336889765,-0.5495803419081678,-0.01594899419867517,0.05791082075488536,1.299853097174238,1.5777327049436507,0.31541470108113895
1.2719268836423367,0.5713708336889765,-0.5495803419081678,-0.4158163272600162,-0.17399219364077992,-0.7693177038035366,-0.4424116035629445,0.31541470108113895
1.2719268836423367,0.5713708336889765,-0.5495803419081678,0.041174910524373554,-0.7305594281903766,-0.7693177038035366,-0.4424116035629445,0.31541470108113895
-1.1415966147302186,0.5713708336889765,-0.5495803419081678,-0.07307289892172389,0.173862327952718,1.299853097174238,-0.4424116035629445,0.31541470108113895
0.06516513445605905,1.5487414010666303,-0.5495803419081678,-0.5871880414291624,0.26662353371098413,-0.7693177038035366,-0.4424116035629445,0.113144103928995
-1.1415966147302186,1.5487414010666303,-0.5495803419081678,-0.4158163272600162,0.7072392610627481,1.299853097174238,-0.4424116035629445,0.113144103928995
-1.1415966147302186,1.5487414010666303,-0.5495803419081678,-0.01594899419867517,0.7072392610627481,1.299853097174238,1.5777327049436507,0.113144103928995
1.2719268836423367,-0.731789922814562,-0.5495803419081678,1.0122812908162018,0.24343323227141758,-0.7693177038035366,-0.4424116035629445,0.2092226375762634
1.2719268836423367,-0.731789922814562,-0.5495803419081678,0.6695378624779095,0.05791082075488536,-0.7693177038035366,-0.4424116035629445,0.2092226375762634
-1.1415966147302186,1.5487414010666303,-0.5495803419081678,0.155422719970471,-0.17399219364077992,1.299853097174238,-0.4424116035629445,0.113144103928995
0.06516513445605905,-0.731789922814562,-0.5495803419081678,-0.9870553744905034,0.45214594522751633,-0.7693177038035366,-0.4424116035629445,0.2092226375762634
1.2719268836423367,1.5487414010666303,-0.5495803419081678,-0.9299314697674548,0.3361944380296837,-0.7693177038035366,-0.4424116035629445,0.113144103928995
-1.1415966147302186,-0.731789922814562,-0.5495803419081678,-0.9299314697674548,0.3361944380296837,1.299853097174238,1.5777327049436507,0.2092226375762634
0.06516513445605905,-0.731789922814562,-0.5495803419081678,-0.18732070836782133,0.15067202651315148,-0.7693177038035366,-0.4424116035629445,0.2092226375762634
1.2719268836423367,1.5487414010666303,-0.5495803419081678,-0.872807565044406,0.26662353371098413,-0.7693177038035366,-0.4424116035629445,0.113144103928995
-1.1415966147302186,-0.731789922814562,-0.5495803419081678,0.7266617672009582,0.3361944380296837,1.299853097174238,3.597877013450246,0.2092226375762634
0.06516513445605905,-1.3833703010663312,-0.5495803419081678,-0.3586924225369675,0.3361944380296837,-0.7693177038035366,5.6180213219568405,0.07268998449856622
0.06516513445605905,-1.3833703010663312,-0.5495803419081678,-0.9299314697674548,0.45214594522751633,-0.7693177038035366,-0.4424116035629445,0.07268998449856622
1.2719268836423367,-1.3833703010663312,-0.5495803419081678,1.412148623877543,0.15067202651315148,-0.7693177038035366,-0.4424116035629445,0.07268998449856622
1.2719268836423367,-1.3833703010663312,-0.5495803419081678,-0.3015685178139188,-0.12761159076164688,-0.7693177038035366,-0.4424116035629445,0.07268998449856622
1.2719268836423367,0.5713708336889765,-0.5495803419081678,1.754892052215835,-0.7305594281903766,-0.7693177038035366,-0.4424116035629445,0.31541470108113895
0.06516513445605905,-1.3833703010663312,-0.5495803419081678,-0.8156836603213573,0.24343323227141758,-0.7693177038035366,-0.4424116035629445,0.07268998449856622
-1.1415966147302186,-0.08020954456279278,-0.5495803419081678,1.5835203380466891,0.3825750409088168,1.299853097174238,-0.4424116035629445,0.4114932347284073
-1.1415966147302186,-0.731789922814562,-0.5495803419081678,-0.3015685178139188,0.45214594522751633,1.299853097174238,-0.4424116035629445,0.2092226375762634
0.06516513445605905,1.5487414010666303,-0.5495803419081678,1.0122812908162018,0.6608586581836151,-0.7693177038035366,-0.4424116035629445,0.113144103928995
0.06516513445605905,1.5487414010666303,-0.5495803419081678,0.555290053031812,0.05791082075488536,-0.7693177038035366,-0.4424116035629445,0.113144103928995
1.2719268836423367,0.5713708336889765,-0.5495803419081678,0.7266617672009582,0.45214594522751633,-0.7693177038035366,-0.4424116035629445,0.31541470108113895
-1.1415966147302186,-0.08020954456279278,-0.5495803419081678,-0.6443119461522111,0.6608586581836151,1.299853097174238,-0.4424116035629445,0.4114932347284073
0.06516513445605905,1.5487414010666303,-0.5495803419081678,1.5263964333236404,0.7072392610627481,-0.7693177038035366,-0.4424116035629445,0.113144103928995
1.2719268836423367,-0.08020954456279278,-0.5495803419081678,-0.07307289892172389,0.6608586581836151,-0.7693177038035366,-0.4424116035629445,0.4114932347284073
1.2719268836423367,0.5713708336889765,-0.5495803419081678,0.9551573860931531,0.26662353371098413,-0.7693177038035366,-0.4424116035629445,0.31541470108113895
-1.1415966147302186,-1.3833703010663312,-0.5495803419081678,2.497502813615468,0.6608586581836151,1.299853097174238,-0.4424116035629445,0.07268998449856622
0.06516513445605905,1.5487414010666303,-0.5495803419081678,1.2407769097083967,0.3593847394692502,-0.7693177038035366,-0.4424116035629445,0.113144103928995
1.2719268836423367,0.5713708336889765,-0.5495803419081678,0.8980334813701044,0.45214594522751633,-0.7693177038035366,-0.4424116035629445,0.31541470108113895
0.06516513445605905,1.5487414010666303,-0.5495803419081678,-0.9299314697674548,-0.7305594281903766,-0.7693177038035366,-0.4424116035629445,0.113144103928995
1.2719268836423367,-1.3833703010663312,-0.5495803419081678,1.3550247191544942,0.15067202651315148,-0.7693177038035366,-0.4424116035629445,0.07268998449856622
1.2719268836423367,1.5487414010666303,-0.5495803419081678,1.6977681474927866,0.15067202651315148,-0.7693177038035366,-0.4424116035629445,0.113144103928995
1.2719268836423367,-0.08020954456279278,-0.5495803419081678,-0.24444461309087007,0.6608586581836151,-0.7693177038035366,-0.4424116035629445,0.4114932347284073
1.2719268836423367,-0.08020954456279278,-0.5495803419081678,-0.9299314697674548,0.6608586581836151,-0.7693177038035366,-0.4424116035629445,0.4114932347284073
-1.1415966147302186,0.5713708336889765,-0.5495803419081678,-0.9870553744905034,0.7072392610627481,1.299853097174238,-0.4424116035629445,0.31541470108113895
1.2719268836423367,0.5713708336889765,-0.5495803419081678,-0.872807565044406,0.6608586581836151,-0.7693177038035366,1.5777327049436507,0.31541470108113895
-1.1415966147302186,-0.731789922814562,-0.5495803419081678,-0.5300641367061136,0.6608586581836151,1.299853097174238,1.5777327049436507,0.2092226375762634
-1.1415966147302186,1.5487414010666303,-0.5495803419081678,1.926263766384981,0.0115302178757523,1.299853097174238,-0.4424116035629445,0.113144103928995
1.2719268836423367,-1.3833703010663312,-0.5495803419081678,-0.01594899419867517,0.15067202651315148,-0.7693177038035366,-0.4424116035629445,0.07268998449856622
1.2719268836423367,-0.731789922814562,-0.5495803419081678,0.041174910524373554,0.7072392610627481,-0.7693177038035366,-0.4424116035629445,0.2092226375762634
1.2719268836423367,1.5487414010666303,-0.5495803419081678,-0.5871880414291624,0.3361944380296837,-0.7693177038035366,-0.4424116035629445,0.113144103928995
-1.1415966147302186,-0.08020954456279278,-0.5495803419081678,-0.3586924225369675,0.15067202651315148,1.299853097174238,-0.4424116035629445,0.4114932347284073
0.06516513445605905,-1.3833703010663312,-0.5495803419081678,-0.24444461309087007,0.3361944380296837,-0.7693177038035366,1.5777327049436507,0.07268998449856622
-1.1415966147302186,-1.3833703010663312,-0.5495803419081678,-0.01594899419867517,0.15067202651315148,1.299853097174238,-0.4424116035629445,0.07268998449856622
1.2719268836423367,-0.731789922814562,-0.5495803419081678,2.783122337230712,0.05791082075488536,-0.7693177038035366,-0.4424116035629445,0.2092226375762634
1.2719268836423367,-0.731789922814562,-0.5495803419081678,-0.3015685178139188,0.24343323227141758,-0.7693177038035366,-0.4424116035629445,0.2092226375762634
-1.1415966147302186,0.5713708336889765,-0.5495803419081678,0.26967052941656844,0.45214594522751633,1.299853097174238,-0.4424116035629445,0.31541470108113895
0.06516513445605905,0.5713708336889765,-0.5495803419081678,-0.7585597555983086,0.05791082075488536,-0.7693177038035366,1.5777327049436507,0.31541470108113895
1.2719268836423367,0.5713708336889765,-0.5495803419081678,1.183653004985348,-0.7305594281903766,-0.7693177038035366,-0.4424116035629445,0.31541470108113895
0.06516513445605905,-0.731789922814562,-0.5495803419081678,-0.07307289892172389,-0.12761159076164688,-0.7693177038035366,-0.4424116035629445,0.2092226375762634
1.2719268836423367,0.5713708336889765,-0.5495803419081678,-0.3015685178139188,-0.7305594281903766,-0.7693177038035366,1.5777327049436507,0.31541470108113895
0.06516513445605905,0.5713708336889765,-0.5495803419081678,-0.7014358508752598,0.3593847394692502,-0.7693177038035366,-0.4424116035629445,0.31541470108113895
1.2719268836423367,-1.3833703010663312,-0.5495803419081678,0.555290053031812,0.173862327952718,-0.7693177038035366,-0.4424116035629445,0.07268998449856622
1.2719268836423367,0.5713708336889765,-0.5495803419081678,-0.6443119461522111,-0.7305594281903766,-0.7693177038035366,1.5777327049436507,0.31541470108113895
-1.1415966147302186,-0.731789922814562,-0.5495803419081678,0.2125466246935197,0.6608586581836151,1.299853097174238,-0.4424116035629445,0.2092226375762634
1.2719268836423367,-0.731789922814562,-0.5495803419081678,-0.07307289892172389,0.7072392610627481,-0.7693177038035366,-0.4424116035629445,0.2092226375762634
1.2719268836423367,-0.08020954456279278,-0.5495803419081678,-0.5871880414291624,0.3593847394692502,-0.7693177038035366,-0.4424116035629445,0.4114932347284073
-1.1415966147302186,-0.731789922814562,-0.5495803419081678,1.1265291002622992,-0.12761159076164688,1.299853097174238,-0.4424116035629445,0.2092226375762634
1.2719268836423367,0.5713708336889765,-0.5495803419081678,-0.47294023198306495,0.15067202651315148,-0.7693177038035366,-0.4424116035629445,0.31541470108113895
0.06516513445605905,1.5487414010666303,-0.5495803419081678,-0.4158163272600162,-0.7305594281903766,-0.7693177038035366,-0.4424116035629445,0.113144103928995
1.2719268836423367,-0.08020954456279278,-0.5495803419081678,-0.4158163272600162,0.0115302178757523,-0.7693177038035366,-0.4424116035629445,0.4114932347284073
1.2719268836423367,0.5713708336889765,-0.5495803419081678,0.3267944341396172,0.6608586581836151,-0.7693177038035366,-0.4424116035629445,0.31541470108113895
-1.1415966147302186,-0.731789922814562,-0.5495803419081678,-0.9299314697674548,-0.7305594281903766,1.299853097174238,1.5777327049436507,0.2092226375762634
0.06516513445605905,-0.08020954456279278,-0.5495803419081678,-0.7014358508752598,-0.12761159076164688,-0.7693177038035366,1.5777327049436507,0.4114932347284073
1.2719268836423367,-1.3833703010663312,-0.5495803419081678,-0.6443119461522111,0.6608586581836151,-0.7693177038035366,-0.4424116035629445,0.07268998449856622
-1.1415966147302186,0.5713708336889765,-0.5495803419081678,-0.5871880414291624,0.173862327952718,1.299853097174238,-0.4424116035629445,0.31541470108113895
0.06516513445605905,1.5487414010666303,-0.5495803419081678,0.2125466246935197,0.15067202651315148,-0.7693177038035366,-0.4424116035629445,0.113144103928995
1.2719268836423367,-1.3833703010663312,-0.41079742728489316,1.0694051955392505,0.0115302178757523,-0.7693177038035366,-0.4424116035629445,0.07268998449856622
0.06516513445605905,-0.731789922814562,-0.41079742728489316,-0.8156836603213573,0.3825750409088168,-0.7693177038035366,-0.4424116035629445,0.2092226375762634
0.06516513445605905,1.5487414010666303,-0.41079742728489316,-0.3586924225369675,-0.12761159076164688,-0.7693177038035366,-0.4424116035629445,0.113144103928995
-1.1415966147302186,0.5713708336889765,-0.41079742728489316,0.8980334813701044,0.6608586581836151,1.299853097174238,-0.4424116035629445,0.31541470108113895
0.06516513445605905,0.5713708336889765,-0.41079742728489316,-0.8156836603213573,0.15067202651315148,-0.7693177038035366,-0.4424116035629445,0.31541470108113895
1.2719268836423367,1.5487414010666303,-0.41079742728489316,-0.01594899419867517,0.3593847394692502,-0.7693177038035366,-0.4424116035629445,0.113144103928995
1.2719268836423367,0.5713708336889765,-0.41079742728489316,-0.4158163272600162,0.26662353371098413,-0.7693177038035366,-0.4424116035629445,0.31541470108113895
1.2719268836423367,1.5487414010666303,-0.41079742728489316,-0.4158163272600162,0.15067202651315148,-0.7693177038035366,1.5777327049436507,0.113144103928995
1.2719268836423367,0.5713708336889765,-0.41079742728489316,-0.872807565044406,0.15067202651315148,-0.7693177038035366,3.597877013450246,0.31541470108113895
1.2719268836423367,0.5713708336889765,-0.41079742728489316,-0.9299314697674548,-0.17399219364077992,-0.7693177038035366,-0.4424116035629445,0.31541470108113895
1.2719268836423367,1.5487414010666303,-0.41079742728489316,-0.8156836603213573,0.6608586581836151,-0.7693177038035366,-0.4424116035629445,0.113144103928995
0.06516513445605905,-0.731789922814562,-0.41079742728489316,-0.9299314697674548,0.0115302178757523,-0.7693177038035366,-0.4424116035629445,0.2092226375762634
0.06516513445605905,-1.3833703010663312,-0.41079742728489316,2.040511575831079,0.24343323227141758,-0.7693177038035366,-0.4424116035629445,0.07268998449856622
1.2719268836423367,0.5713708336889765,-0.41079742728489316,-0.6443119461522111,0.26662353371098413,-0.7693177038035366,-0.4424116035629445,0.31541470108113895
0.06516513445605905,-1.3833703010663312,-0.41079742728489316,-0.7014358508752598,0.173862327952718,-0.7693177038035366,-0.4424116035629445,0.07268998449856622
0.06516513445605905,0.5713708336889765,-0.41079742728489316,0.041174910524373554,0.3361944380296837,-0.7693177038035366,-0.4424116035629445,0.31541470108113895
0.06516513445605905,0.5713708336889765,-0.41079742728489316,-0.01594899419867517,-0.19718249508034646,-0.7693177038035366,-0.4424116035629445,0.31541470108113895
-1.1415966147302186,-1.3833703010663312,-0.41079742728489316,0.6695378624779095,0.15067202651315148,1.299853097174238,-0.4424116035629445,0.07268998449856622
1.2719268836423367,0.5713708336889765,-0.41079742728489316,-0.5871880414291624,-0.17399219364077992,-0.7693177038035366,-0.4424116035629445,0.31541470108113895
-1.1415966147302186,-0.731789922814562,-0.41079742728489316,-0.3015685178139188,0.0115302178757523,1.299853097174238,-0.4424116035629445,0.2092226375762634
1.2719268836423367,-1.3833703010663312,-0.41079742728489316,-0.4158163272600162,0.45214594522751633,-0.7693177038035366,-0.4424116035629445,0.07268998449856622
1.2719268836423367,-0.08020954456279278,-0.41079742728489316,-0.7585597555983086,-0.17399219364077992,-0.7693177038035366,1.5777327049436507,0.4114932347284073
0.06516513445605905,1.5487414010666303,-0.41079742728489316,-0.3015685178139188,0.3361944380296837,-0.7693177038035366,-0.4424116035629445,0.113144103928995
1.2719268836423367,-0.08020954456279278,-0.41079742728489316,0.4981661483087633,0.173862327952718,-0.7693177038035366,-0.4424116035629445,0.4114932347284073
1.2719268836423367,1.5487414010666303,-0.41079742728489316,0.041174910524373554,0.7072392610627481,-0.7693177038035366,-0.4424116035629445,0.113144103928995
1.2719268836423367,0.5713708336889765,-0.41079742728489316,-0.7585597555983086,0.05791082075488536,-0.7693177038035366,-0.4424116035629445,0.31541470108113895
-1.1415966147302186,-1.3833703010663312,-0.41079742728489316,0.155422719970471,0.6608586581836151,1.299853097174238,-0.4424116035629445,0.07268998449856622
0.06516513445605905,0.5713708336889765,-0.41079742728489316,1.1265291002622992,-0.19718249508034646,-0.7693177038035366,-0.4424116035629445,0.31541470108113895
0.06516513445605905,-0.08020954456279278,-0.41079742728489316,0.7837856719240069,0.6608586581836151,-0.7693177038035366,-0.4424116035629445,0.4114932347284073
-1.1415966147302186,0.5713708336889765,-0.41079742728489316,3.639980908076443,0.6608586581836151,1.299853097174238,-0.4424116035629445,0.31541470108113895
0.06516513445605905,-0.08020954456279278,-0.41079742728489316,-0.3586924225369675,-0.17399219364077992,-0.7693177038035366,-0.4424116035629445,0.4114932347284073
1.2719268836423367,-1.3833703010663312,-0.41079742728489316,1.5263964333236404,-0.7305594281903766,-0.7693177038035366,-0.4424116035629445,0.07268998449856622
0.06516513445605905,1.5487414010666303,-0.41079742728489316,0.7266617672009582,-0.12761159076164688,-0.7693177038035366,-0.4424116035629445,0.113144103928995
0.06516513445605905,-0.731789922814562,-0.41079742728489316,0.8980334813701044,0.3825750409088168,-0.7693177038035366,-0.4424116035629445,0.2092226375762634
1.2719268836423367,-0.08020954456279278,-0.41079742728489316,-0.47294023198306495,-0.17399219364077992,-0.7693177038035366,-0.4424116035629445,0.4114932347284073
-1.1415966147302186,-1.3833703010663312,-0.41079742728489316,-0.9299314697674548,0.15067202651315148,1.299853097174238,-0.4424116035629445,0.07268998449856622
-1.1415966147302186,-1.3833703010663312,-0.41079742728489316,-0.5300641367061136,-0.12761159076164688,1.299853097174238,1.5777327049436507,0.07268998449856622
-1.1415966147302186,1.5487414010666303,-0.41079742728489316,-0.5871880414291624,0.7072392610627481,1.299853097174238,-0.4424116035629445,0.113144103928995
1.2719268836423367,-0.731789922814562,-0.41079742728489316,0.4410422435857146,0.6608586581836151,-0.7693177038035366,-0.4424116035629445,0.2092226375762634
-1.1415966147302186,-0.731789922814562,-0.41079742728489316,-0.872807565044406,0.173862327952718,1.299853097174238,-0.4424116035629445,0.2092226375762634
1.2719268836423367,-0.08020954456279278,-0.41079742728489316,0.9551573860931531,0.15067202651315148,-0.7693177038035366,-0.4424116035629445,0.4114932347284073
1.2719268836423367,-0.731789922814562,-0.41079742728489316,-0.01594899419867517,0.3593847394692502,-0.7693177038035366,-0.4424116035629445,0.2092226375762634
-1.1415966147302186,-0.08020954456279278,-0.41079742728489316,-0.872807565044406,0.3593847394692502,1.299853097174238,-0.4424116035629445,0.4114932347284073
1.2719268836423367,0.5713708336889765,-0.41079742728489316,0.4410422435857146,0.3593847394692502,-0.7693177038035366,1.5777327049436507,0.31541470108113895
1.2719268836423367,-0.08020954456279278,-0.41079742728489316,-0.5871880414291624,0.3593847394692502,-0.7693177038035366,1.5777327049436507,0.4114932347284073
-1.1415966147302186,1.5487414010666303,-0.41079742728489316,0.041174910524373554,0.3593847394692502,1.299853097174238,3.597877013450246,0.113144103928995
-1.1415966147302186,-0.731789922814562,-0.41079742728489316,0.3839183388626659,0.24343323227141758,1.299853097174238,-0.4424116035629445,0.2092226375762634
0.06516513445605905,0.5713708336889765,-0.41079742728489316,-0.8156836603213573,-0.7305594281903766,-0.7693177038035366,-0.4424116035629445,0.31541470108113895
1.2719268836423367,-0.731789922814562,-0.41079742728489316,-0.9870553744905034,0.6608586581836151,-0.7693177038035366,-0.4424116035629445,0.2092226375762634
-1.1415966147302186,0.5713708336889765,-0.41079742728489316,-0.7014358508752598,0.3593847394692502,1.299853097174238,3.597877013450246,0.31541470108113895
-1.1415966147302186,-1.3833703010663312,-0.41079742728489316,-0.872807565044406,0.45214594522751633,1.299853097174238,-0.4424116035629445,0.07268998449856622
1.2719268836423367,0.5713708336889765,-0.41079742728489316,0.555290053031812,0.3825750409088168,-0.7693177038035366,-0.4424116035629445,0.31541470108113895
1.2719268836423367,0.5713708336889765,-0.41079742728489316,-0.01594899419867517,0.0115302178757523,-0.7693177038035366,-0.4424116035629445,0.31541470108113895
-1.1415966147302186,0.5713708336889765,-0.41079742728489316,-0.6443119461522111,0.3593847394692502,1.299853097174238,-0.4424116035629445,0.31541470108113895
1.2719268836423367,-0.08020954456279278,-0.41079742728489316,-0.7014358508752598,0.6608586581836151,-0.7693177038035366,-0.4424116035629445,0.4114932347284073
1.2719268836423367,-0.731789922814562,-0.41079742728489316,1.754892052215835,0.3825750409088168,-0.7693177038035366,-0.4424116035629445,0.2092226375762634
1.2719268836423367,0.5713708336889765,-0.41079742728489316,-0.18732070836782133,0.3593847394692502,-0.7693177038035366,-0.4424116035629445,0.31541470108113895
-1.1415966147302186,-0.08020954456279278,-0.41079742728489316,-0.9870553744905034,0.3361944380296837,1.299853097174238,-0.4424116035629445,0.4114932347284073
1.2719268836423367,-0.08020954456279278,-0.41079742728489316,1.183653004985348,-0.7305594281903766,-0.7693177038035366,-0.4424116035629445,0.4114932347284073
1.2719268836423367,-1.3833703010663312,-0.41079742728489316,-0.5871880414291624,0.05791082075488536,-0.7693177038035366,-0.4424116035629445,0.07268998449856622
-1.1415966147302186,-0.731789922814562,-0.41079742728489316,1.2407769097083967,0.0115302178757523,1.299853097174238,-0.4424116035629445,0.2092226375762634
0.06516513445605905,1.5487414010666303,-0.41079742728489316,1.412148623877543,0.7072392610627481,-0.7693177038035366,-0.4424116035629445,0.113144103928995
0.06516513445605905,-0.08020954456279278,-0.41079742728489316,-0.7014358508752598,-0.17399219364077992,-0.7693177038035366,-0.4424116035629445,0.4114932347284073
1.2719268836423367,0.5713708336889765,-0.41079742728489316,2.2690071947232737,0.3361944380296837,-0.7693177038035366,-0.4424116035629445,0.31541470108113895
-1.1415966147302186,-0.731789922814562,-0.41079742728489316,-0.4158163272600162,-0.12761159076164688,1.299853097174238,-0.4424116035629445,0.2092226375762634
-1.1415966147302186,-0.731789922814562,-0.41079742728489316,-0.6443119461522111,0.24343323227141758,1.299853097174238,-0.4424116035629445,0.2092226375762634
-1.1415966147302186,1.5487414010666303,-0.41079742728489316,-0.47294023198306495,-0.12761159076164688,1.299853097174238,1.5777327049436507,0.113144103928995
1.2719268836423367,0.5713708336889765,-0.41079742728489316,0.155422719970471,0.3593847394692502,-0.7693177038035366,-0.4424116035629445,0.31541470108113895
1.2719268836423367,0.5713708336889765,-0.41079742728489316,0.26967052941656844,0.15067202651315148,-0.7693177038035366,-0.4424116035629445,0.31541470108113895
-1.1415966147302186,1.5487414010666303,-0.41079742728489316,-0.9299314697674548,0.24343323227141758,1.299853097174238,1.5777327049436507,0.113144103928995
1.2719268836423367,0.5713708336889765,-0.41079742728489316,-0.7585597555983086,0.45214594522751633,-0.7693177038035366,-0.4424116035629445,0.31541470108113895
-1.1415966147302186,0.5713708336889765,-0.41079742728489316,0.8409095766470557,0.3361944380296837,1.299853097174238,-0.4424116035629445,0.31541470108113895
-1.1415966147302186,0.5713708336889765,-0.41079742728489316,0.8980334813701044,0.0115302178757523,1.299853097174238,-0.4424116035629445,0.31541470108113895
1.2719268836423367,0.5713708336889765,-0.41079742728489316,0.7266617672009582,0.3825750409088168,-0.7693177038035366,-0.4424116035629445,0.31541470108113895
-1.1415966147302186,1.5487414010666303,-0.41079742728489316,-0.872807565044406,0.15067202651315148,1.299853097174238,-0.4424116035629445,0.113144103928995
0.06516513445605905,-0.08020954456279278,-0.41079742728489316,0.9551573860931531,0.26662353371098413,-0.7693177038035366,-0.4424116035629445,0.4114932347284073
-1.1415966147302186,-0.731789922814562,-0.41079742728489316,1.5835203380466891,0.6608586581836151,1.299853097174238,-0.4424116035629445,0.2092226375762634
-1.1415966147302186,-0.08020954456279278,-0.41079742728489316,-0.47294023198306495,0.15067202651315148,1.299853097174238,-0.4424116035629445,0.4114932347284073
1.2719268836423367,-0.731789922814562,-0.41079742728489316,0.3267944341396172,0.3593847394692502,-0.7693177038035366,-0.4424116035629445,0.2092226375762634
1.2719268836423367,-0.731789922814562,-0.41079742728489316,0.3839183388626659,0.05791082075488536,-0.7693177038035366,-0.4424116035629445,0.2092226375762634
0.06516513445605905,0.5713708336889765,-0.41079742728489316,-0.7014358508752598,0.05791082075488536,-0.7693177038035366,1.5777327049436507,0.31541470108113895
1.2719268836423367,1.5487414010666303,-0.41079742728489316,3.4686091939072967,-0.12761159076164688,-0.7693177038035366,-0.4424116035629445,0.113144103928995
-1.1415966147302186,1.5487414010666303,-0.41079742728489316,1.754892052215835,-0.17399219364077992,1.299853097174238,-0.4424116035629445,0.113144103928995
0.06516513445605905,-1.3833703010663312,-0.41079742728489316,0.2125466246935197,0.6608586581836151,-0.7693177038035366,-0.4424116035629445,0.07268998449856622
0.06516513445605905,-1.3833703010663312,-0.41079742728489316,0.041174910524373554,0.45214594522751633,-0.7693177038035366,-0.4424116035629445,0.07268998449856622
0.06516513445605905,1.5487414010666303,-0.41079742728489316,0.555290053031812,0.26662353371098413,-0.7693177038035366,-0.4424116035629445,0.113144103928995
-1.1415966147302186,-1.3833703010663312,-0.41079742728489316,-0.47294023198306495,-0.17399219364077992,1.299853097174238,-0.4424116035629445,0.07268998449856622
0.06516513445605905,0.5713708336889765,-0.41079742728489316,-0.4158163272600162,-0.19718249508034646,-0.7693177038035366,-0.4424116035629445,0.31541470108113895
0.06516513445605905,-1.3833703010663312,-0.41079742728489316,1.4692725286005917,0.173862327952718,-0.7693177038035366,-0.4424116035629445,0.07268998449856622
-1.1415966147302186,-0.08020954456279278,-0.41079742728489316,-0.5871880414291624,-0.12761159076164688,1.299853097174238,-0.4424116035629445,0.4114932347284073
-1.1415966147302186,1.5487414010666303,-0.41079742728489316,-0.5300641367061136,-0.17399219364077992,1.299853097174238,-0.4424116035629445,0.113144103928995
-1.1415966147302186,-0.08020954456279278,-0.41079742728489316,-0.8156836603213573,0.45214594522751633,1.299853097174238,-0.4424116035629445,0.4114932347284073
-1.1415966147302186,-1.3833703010663312,-0.41079742728489316,-0.872807565044406,-0.19718249508034646,1.299853097174238,-0.4424116035629445,0.07268998449856622
0.06516513445605905,-0.731789922814562,-0.41079742728489316,-0.24444461309087007,0.7072392610627481,-0.7693177038035366,-0.4424116035629445,0.2092226375762634
0.06516513445605905,1.5487414010666303,-0.41079742728489316,-0.6443119461522111,0.6608586581836151,-0.7693177038035366,-0.4424116035629445,0.113144103928995
1.2719268836423367,-1.3833703010663312,-0.41079742728489316,-0.872807565044406,0.3361944380296837,-0.7693177038035366,-0.4424116035629445,0.07268998449856622
0.06516513445605905,1.5487414010666303,-0.41079742728489316,0.2125466246935197,0.3593847394692502,-0.7693177038035366,-0.4424116035629445,0.113144103928995
-1.1415966147302186,1.5487414010666303,-0.41079742728489316,-0.872807565044406,0.3593847394692502,1.299853097174238,1.5777327049436507,0.113144103928995
1.2719268836423367,-1.3833703010663312,-0.41079742728489316,-0.9870553744905034,0.6608586581836151,-0.7693177038035366,1.5777327049436507,0.07268998449856622
0.06516513445605905,1.5487414010666303,-0.41079742728489316,1.754892052215835,-0.7305594281903766,-0.7693177038035366,-0.4424116035629445,0.113144103928995
1.2719268836423367,-0.08020954456279278,-0.41079742728489316,1.2407769097083967,0.3825750409088168,-0.7693177038035366,-0.4424116035629445,0.4114932347284073
1.2719268836423367,0.5713708336889765,-0.41079742728489316,-0.01594899419867517,0.45214594522751633,-0.7693177038035366,-0.4424116035629445,0.31541470108113895
1.2719268836423367,-1.3833703010663312,-0.41079742728489316,-0.7585597555983086,-0.19718249508034646,-0.7693177038035366,-0.4424116035629445,0.07268998449856622
1.2719268836423367,0.5713708336889765,-0.41079742728489316,-0.872807565044406,0.173862327952718,-0.7693177038035366,-0.4424116035629445,0.31541470108113895
-1.1415966147302186,-0.08020954456279278,-0.41079742728489316,3.411485289184248,0.15067202651315148,1.299853097174238,-0.4424116035629445,0.4114932347284073
0.06516513445605905,1.5487414010666303,-0.41079742728489316,-0.3586924225369675,-0.19718249508034646,-0.7693177038035366,-0.4424116035629445,0.113144103928995
-1.1415966147302186,-1.3833703010663312,-0.41079742728489316,-0.13019680364477262,0.173862327952718,1.299853097174238,-0.4424116035629445,0.07268998449856622
1.2719268836423367,1.5487414010666303,-0.41079742728489316,-0.4158163272600162,0.7072392610627481,-0.7693177038035366,-0.4424116035629445,0.113144103928995
-1.1415966147302186,-0.08020954456279278,-0.41079742728489316,-0.24444461309087007,0.6608586581836151,1.299853097174238,-0.4424116035629445,0.4114932347284073
-1.1415966147302186,1.5487414010666303,-0.41079742728489316,-0.8156836603213573,0.24343323227141758,1.299853097174238,-0.4424116035629445,0.113144103928995
1.2719268836423367,-1.3833703010663312,-0.41079742728489316,-0.8156836603213573,0.3593847394692502,-0.7693177038035366,-0.4424116035629445,0.07268998449856622
-1.1415966147302186,-0.731789922814562,-0.41079742728489316,-0.8156836603213573,0.173862327952718,1.299853097174238,1.5777327049436507,0.2092226375762634
-1.1415966147302186,-0.08020954456279278,-0.41079742728489316,0.7837856719240069,0.24343323227141758,1.299853097174238,1.5777327049436507,0.4114932347284073
1.2719268836423367,-0.731789922814562,-0.41079742728489316,-0.8156836603213573,0.3361944380296837,-0.7693177038035366,-0.4424116035629445,0.2092226375762634
-1.1415966147302186,-0.731789922814562,-0.41079742728489316,-0.8156836603213573,0.15067202651315148,1.299853097174238,-0.4424116035629445,0.2092226375762634
1.2719268836423367,-0.731789922814562,-0.41079742728489316,-0.6443119461522111,-0.19718249508034646,-0.7693177038035366,-0.4424116035629445,0.2092226375762634
1.2719268836423367,-1.3833703010663312,-0.41079742728489316,2.1547593852771763,0.45214594522751633,-0.7693177038035366,-0.4424116035629445,0.07268998449856622
1.2719268836423367,1.5487414010666303,-0.41079742728489316,-0.7585597555983086,0.173862327952718,-0.7693177038035366,-0.4424116035629445,0.113144103928995
-1.1415966147302186,0.5713708336889765,-0.41079742728489316,1.412148623877543,0.3593847394692502,1.299853097174238,-0.4424116035629445,0.31541470108113895
0.06516513445605905,-1.3833703010663312,-0.41079742728489316,-0.4158163272600162,0.26662353371098413,-0.7693177038035366,-0.4424116035629445,0.07268998449856622
0.06516513445605905,-1.3833703010663312,-0.41079742728489316,-0.13019680364477262,0.45214594522751633,-0.7693177038035366,-0.4424116035629445,0.07268998449856622
0.06516513445605905,-1.3833703010663312,-0.41079742728489316,-0.3015685178139188,0.6608586581836151,-0.7693177038035366,-0.4424116035629445,0.07268998449856622
0.06516513445605905,0.5713708336889765,-0.41079742728489316,-0.8156836603213573,0.6608586581836151,-0.7693177038035366,-0.4424116035629445,0.31541470108113895
0.06516513445605905,-0.08020954456279278,-0.41079742728489316,-0.18732070836782133,0.3593847394692502,-0.7693177038035366,1.5777327049436507,0.4114932347284073
-1.1415966147302186,-0.731789922814562,-0.41079742728489316,-0.872807565044406,0.3593847394692502,1.299853097174238,3.597877013450246,0.2092226375762634
0.06516513445605905,-0.08020954456279278,-0.41079742728489316,-0.13019680364477262,0.3361944380296837,-0.7693177038035366,-0.4424116035629445,0.4114932347284073
-1.1415966147302186,1.5487414010666303,-0.41079742728489316,0.4981661483087633,0.7072392610627481,1.299853097174238,-0.4424116035629445,0.113144103928995
0.06516513445605905,1.5487414010666303,-0.41079742728489316,0.7837856719240069,0.45214594522751633,-0.7693177038035366,-0.4424116035629445,0.113144103928995
0.06516513445605905,0.5713708336889765,-0.41079742728489316,-0.9870553744905034,0.26662353371098413,-0.7693177038035366,-0.4424116035629445,0.31541470108113895
0.06516513445605905,-0.731789922814562,-0.41079742728489316,0.2125466246935197,0.6608586581836151,-0.7693177038035366,-0.4424116035629445,0.2092226375762634
-1.1415966147302186,1.5487414010666303,-0.41079742728489316,1.1265291002622992,0.05791082075488536,1.299853097174238,-0.4424116035629445,0.113144103928995
-1.1415966147302186,1.5487414010666303,-0.41079742728489316,3.1258657655690043,0.3361944380296837,1.299853097174238,-0.4424116035629445,0.113144103928995
-1.1415966147302186,0.5713708336889765,-0.41079742728489316,-0.01594899419867517,0.24343323227141758,1.299853097174238,-0.4424116035629445,0.31541470108113895
0.06516513445605905,-0.731789922814562,-0.41079742728489316,2.1547593852771763,0.6608586581836151,-0.7693177038035366,-0.4424116035629445,0.2092226375762634
0.06516513445605905,1.5487414010666303,-0.41079742728489316,0.041174910524373554,0.3361944380296837,-0.7693177038035366,-0.4424116035629445,0.113144103928995
1.2719268836423367,-1.3833703010663312,-0.41079742728489316,0.26967052941656844,0.45214594522751633,-0.7693177038035366,-0.4424116035629445,0.07268998449856622
-1.1415966147302186,1.5487414010666303,-0.41079742728489316,1.0694051955392505,0.45214594522751633,1.299853097174238,1.5777327049436507,0.113144103928995
-1.1415966147302186,-0.08020954456279278,-0.41079742728489316,0.4410422435857146,0.15067202651315148,1.299853097174238,-0.4424116035629445,0.4114932347284073
-1.1415966147302186,-0.731789922814562,-0.41079742728489316,-0.9870553744905034,-0.19718249508034646,1.299853097174238,-0.4424116035629445,0.2092226375762634
0.06516513445605905,1.5487414010666303,-0.41079742728489316,-0.9299314697674548,0.05791082075488536,-0.7693177038035366,-0.4424116035629445,0.113144103928995
-1.1415966147302186,0.5713708336889765,-0.41079742728489316,-0.47294023198306495,0.3361944380296837,1.299853097174238,-0.4424116035629445,0.31541470108113895
0.06516513445605905,-1.3833703010663312,-0.41079742728489316,-0.07307289892172389,-0.17399219364077992,-0.7693177038035366,-0.4424116035629445,0.07268998449856622
1.2719268836423367,-0.08020954456279278,-0.41079742728489316,-0.9870553744905034,0.6608586581836151,-0.7693177038035366,-0.4424116035629445,0.4114932347284073
1.2719268836423367,-1.3833703010663312,-0.41079742728489316,-0.4158163272600162,0.0115302178757523,-0.7693177038035366,-0.4424116035629445,0.07268998449856622
0.06516513445605905,-0.731789922814562,-0.41079742728489316,-0.8156836603213573,-0.7305594281903766,-0.7693177038035366,-0.4424116035629445,0.2092226375762634
1.2719268836423367,-0.08020954456279278,-0.41079742728489316,-0.07307289892172389,0.05791082075488536,-0.7693177038035366,1.5777327049436507,0.4114932347284073
-1.1415966147302186,0.5713708336889765,-0.41079742728489316,-0.6443119461522111,-0.17399219364077992,1.299853097174238,1.5777327049436507,0.31541470108113895
-1.1415966147302186,1.5487414010666303,-0.41079742728489316,3.6971048127994917,-0.17399219364077992,1.299853097174238,-0.4424116035629445,0.113144103928995
-1.1415966147302186,-0.08020954456279278,-0.41079742728489316,-0.872807565044406,0.6608586581836151,1.299853097174238,-0.4424116035629445,0.4114932347284073
0.06516513445605905,-0.08020954456279278,-0.41079742728489316,-0.872807565044406,0.173862327952718,-0.7693177038035366,-0.4424116035629445,0.4114932347284073
1.2719268836423367,-0.731789922814562,-0.41079742728489316,1.2979008144314454,0.6608586581836151,-0.7693177038035366,1.5777327049436507,0.2092226375762634
-1.1415966147302186,-0.731789922814562,-0.41079742728489316,-0.7014358508752598,0.05791082075488536,1.299853097174238,-0.4424116035629445,0.2092226375762634
-1.1415966147302186,0.5713708336889765,-0.41079742728489316,-0.5871880414291624,-0.19718249508034646,1.299853097174238,-0.4424116035629445,0.31541470108113895
0.06516513445605905,0.5713708336889765,-0.41079742728489316,0.4981661483087633,-0.12761159076164688,-0.7693177038035366,-0.4424116035629445,0.31541470108113895
-1.1415966147302186,-1.3833703010663312,-0.41079742728489316,0.155422719970471,0.7072392610627481,1.299853097174238,-0.4424116035629445,0.07268998449856622
1.2719268836423367,-0.731789922814562,-0.41079742728489316,-0.24444461309087007,-0.7305594281903766,-0.7693177038035366,-0.4424116035629445,0.2092226375762634
1.2719268836423367,-1.3833703010663312,-0.41079742728489316,-0.13019680364477262,0.3593847394692502,-0.7693177038035366,-0.4424116035629445,0.07268998449856622
-1.1415966147302186,-0.08020954456279278,-0.41079742728489316,-0.8156836603213573,0.3593847394692502,1.299853097174238,1.5777327049436507,0.4114932347284073
-1.1415966147302186,-0.731789922814562,-0.41079742728489316,2.2690071947232737,0.26662353371098413,1.299853097174238,-0.4424116035629445,0.2092226375762634
0.06516513445605905,1.5487414010666303,-0.41079742728489316,2.040511575831079,0.26662353371098413,-0.7693177038035366,1.5777327049436507,0.113144103928995
0.06516513445605905,1.5487414010666303,-0.41079742728489316,-0.5871880414291624,0.05791082075488536,-0.7693177038035366,-0.4424116035629445,0.113144103928995
0.06516513445605905,-0.08020954456279278,-0.41079742728489316,-0.5300641367061136,-0.7305594281903766,-0.7693177038035366,-0.4424116035629445,0.4114932347284073
1.2719268836423367,0.5713708336889765,-0.41079742728489316,-0.7014358508752598,0.15067202651315148,-0.7693177038035366,-0.4424116035629445,0.31541470108113895
0.06516513445605905,-0.731789922814562,-0.41079742728489316,-0.18732070836782133,-0.12761159076164688,-0.7693177038035366,-0.4424116035629445,0.2092226375762634
0.06516513445605905,1.5487414010666303,-0.41079742728489316,-0.7014358508752598,0.15067202651315148,-0.7693177038035366,-0.4424116035629445,0.113144103928995
1.2719268836423367,-1.3833703010663312,-0.41079742728489316,-0.3586924225369675,0.3593847394692502,-0.7693177038035366,-0.4424116035629445,0.07268998449856622
0.06516513445605905,-1.3833703010663312,-0.41079742728489316,-0.6443119461522111,0.173862327952718,-0.7693177038035366,-0.4424116035629445,0.07268998449856622
-1.1415966147302186,-0.731789922814562,-0.41079742728489316,-0.13019680364477262,0.15067202651315148,1.299853097174238,1.5777327049436507,0.2092226375762634
0.06516513445605905,-0.731789922814562,-0.41079742728489316,-0.9870553744905034,0.3825750409088168,-0.7693177038035366,-0.4424116035629445,0.2092226375762634
1.2719268836423367,0.5713708336889765,-0.41079742728489316,-0.7585597555983086,0.15067202651315148,-0.7693177038035366,3.597877013450246,0.31541470108113895
1.2719268836423367,0.5713708336889765,-0.41079742728489316,-0.3586924225369675,0.6608586581836151,-0.7693177038035366,-0.4424116035629445,0.31541470108113895
1.2719268836423367,0.5713708336889765,-0.41079742728489316,0.6124139577548607,0.6608586581836151,-0.7693177038035366,1.5777327049436507,0.31541470108113895
1.2719268836423367,-0.08020954456279278,-0.41079742728489316,-0.9299314697674548,-0.17399219364077992,-0.7693177038035366,-0.4424116035629445,0.4114932347284073
-1.1415966147302186,0.5713708336889765,-0.41079742728489316,-0.01594899419867517,-0.17399219364077992,1.299853097174238,1.5777327049436507,0.31541470108113895
0.06516513445605905,1.5487414010666303,-0.41079742728489316,-0.8156836603213573,0.7072392610627481,-0.7693177038035366,-0.4424116035629445,0.113144103928995
0.06516513445605905,1.5487414010666303,-0.41079742728489316,-0.01594899419867517,0.0115302178757523,-0.7693177038035366,-0.4424116035629445,0.113144103928995
1.2719268836423367,-1.3833703010663312,-0.41079742728489316,0.7266617672009582,0.3593847394692502,-0.7693177038035366,-0.4424116035629445,0.07268998449856622
0.06516513445605905,-1.3833703010663312,-0.41079742728489316,-0.3586924225369675,0.6608586581836151,-0.7693177038035366,-0.4424116035629445,0.07268998449856622
-1.1415966147302186,0.5713708336889765,-0.41079742728489316,-0.3586924225369675,0.15067202651315148,1.299853097174238,-0.4424116035629445,0.31541470108113895
-1.1415966147302186,-1.3833703010663312,-0.41079742728489316,0.2125466246935197,0.0115302178757523,1.299853097174238,-0.4424116035629445,0.07268998449856622
-1.1415966147302186,-1.3833703010663312,-0.41079742728489316,1.1265291002622992,0.3593847394692502,1.299853097174238,-0.4424116035629445,0.07268998449856622
0.06516513445605905,1.5487414010666303,-0.41079742728489316,1.1265291002622992,0.3593847394692502,-0.7693177038035366,1.5777327049436507,0.113144103928995
1.2719268836423367,-0.08020954456279278,-0.41079742728489316,0.041174910524373554,-0.19718249508034646,-0.7693177038035366,-0.4424116035629445,0.4114932347284073
0.06516513445605905,-0.08020954456279278,-0.41079742728489316,0.4410422435857146,0.24343323227141758,-0.7693177038035366,-0.4424116035629445,0.4114932347284073
0.06516513445605905,0.5713708336889765,-0.41079742728489316,-0.872807565044406,0.45214594522751633,-0.7693177038035366,-0.4424116035629445,0.31541470108113895
1.2719268836423367,-0.08020954456279278,-0.41079742728489316,-0.8156836603213573,0.45214594522751633,-0.7693177038035366,1.5777327049436507,0.4114932347284073
0.06516513445605905,1.5487414010666303,-0.41079742728489316,-0.6443119461522111,0.6608586581836151,-0.7693177038035366,-0.4424116035629445,0.113144103928995
0.06516513445605905,-0.731789922814562,-0.41079742728489316,-0.18732070836782133,0.7072392610627481,-0.7693177038035366,-0.4424116035629445,0.2092226375762634
0.06516513445605905,-1.3833703010663312,-0.41079742728489316,-0.6443119461522111,-0.19718249508034646,-0.7693177038035366,1.5777327049436507,0.07268998449856622
-1.1415966147302186,-0.731789922814562,-0.41079742728489316,-0.9870553744905034,0.24343323227141758,1.299853097174238,1.5777327049436507,0.2092226375762634
1.2719268836423367,-1.3833703010663312,-0.41079742728489316,0.3839183388626659,0.26662353371098413,-0.7693177038035366,-0.4424116035629445,0.07268998449856622
0.06516513445605905,0.5713708336889765,-0.41079742728489316,-0.3015685178139188,0.6608586581836151,-0.7693177038035366,-0.4424116035629445,0.31541470108113895
-1.1415966147302186,-0.08020954456279278,-0.41079742728489316,2.040511575831079,0.05791082075488536,1.299853097174238,-0.4424116035629445,0.4114932347284073
0.06516513445605905,-0.08020954456279278,-0.41079742728489316,0.4410422435857146,0.26662353371098413,-0.7693177038035366,-0.4424116035629445,0.4114932347284073
-1.1415966147302186,0.5713708336889765,-0.41079742728489316,-0.872807565044406,0.3361944380296837,1.299853097174238,-0.4424116035629445,0.31541470108113895
0.06516513445605905,-1.3833703010663312,-0.41079742728489316,-0.4158163272600162,0.6608586581836151,-0.7693177038035366,-0.4424116035629445,0.07268998449856622
1.2719268836423367,-0.08020954456279278,-0.41079742728489316,-0.7585597555983086,0.05791082075488536,-0.7693177038035366,1.5777327049436507,0.4114932347284073
-1.1415966147302186,-0.08020954456279278,-0.41079742728489316,0.041174910524373554,-0.7305594281903766,1.299853097174238,-0.4424116035629445,0.4114932347284073
-1.1415966147302186,0.5713708336889765,-0.41079742728489316,0.09829881524742227,0.6608586581836151,1.299853097174238,-0.4424116035629445,0.31541470108113895
1.2719268836423367,0.5713708336889765,-0.41079742728489316,-0.7585597555983086,0.6608586581836151,-0.7693177038035366,1.5777327049436507,0.31541470108113895
1.2719268836423367,1.5487414010666303,-0.41079742728489316,2.2690071947232737,0.3825750409088168,-0.7693177038035366,-0.4424116035629445,0.113144103928995
-1.1415966147302186,-0.731789922814562,-0.27201451266161847,3.2972374797381505,0.3593847394692502,1.299853097174238,-0.4424116035629445,0.2092226375762634
-1.1415966147302186,0.5713708336889765,-0.27201451266161847,-0.7014358508752598,0.173862327952718,1.299853097174238,-0.4424116035629445,0.31541470108113895
0.06516513445605905,1.5487414010666303,-0.27201451266161847,-0.18732070836782133,-0.7305594281903766,-0.7693177038035366,-0.4424116035629445,0.113144103928995
-1.1415966147302186,-0.08020954456279278,-0.27201451266161847,0.8409095766470557,0.24343323227141758,1.299853097174238,-0.4424116035629445,0.4114932347284073
1.2719268836423367,-1.3833703010663312,-0.27201451266161847,-0.3586924225369675,0.3593847394692502,-0.7693177038035366,-0.4424116035629445,0.07268998449856622
0.06516513445605905,-0.08020954456279278,-0.27201451266161847,1.6977681474927866,0.05791082075488536,-0.7693177038035366,-0.4424116035629445,0.4114932347284073
-1.1415966147302186,-1.3833703010663312,-0.27201451266161847,0.155422719970471,-0.17399219364077992,1.299853097174238,-0.4424116035629445,0.07268998449856622
1.2719268836423367,-1.3833703010663312,-0.27201451266161847,0.4981661483087633,0.24343323227141758,-0.7693177038035366,-0.4424116035629445,0.07268998449856622
1.2719268836423367,-0.08020954456279278,-0.27201451266161847,-0.7014358508752598,0.3593847394692502,-0.7693177038035366,-0.4424116035629445,0.4114932347284073
0.06516513445605905,-1.3833703010663312,-0.27201451266161847,-0.4158163272600162,0.6608586581836151,-0.7693177038035366,-0.4424116035629445,0.07268998449856622
1.2719268836423367,1.5487414010666303,-0.27201451266161847,-0.6443119461522111,0.24343323227141758,-0.7693177038035366,1.5777327049436507,0.113144103928995
0.06516513445605905,-0.731789922814562,-0.27201451266161847,-0.3586924225369675,0.15067202651315148,-0.7693177038035366,-0.4424116035629445,0.2092226375762634
1.2719268836423367,-0.731789922814562,-0.27201451266161847,0.3267944341396172,0.24343323227141758,-0.7693177038035366,3.597877013450246,0.2092226375762634
0.06516513445605905,-0.08020954456279278,-0.27201451266161847,0.3267944341396172,0.3593847394692502,-0.7693177038035366,-0.4424116035629445,0.4114932347284073
-1.1415966147302186,1.5487414010666303,-0.27201451266161847,-0.872807565044406,0.05791082075488536,1.299853097174238,-0.4424116035629445,0.113144103928995
0.06516513445605905,-0.08020954456279278,-0.27201451266161847,0.8409095766470557,0.6608586581836151,-0.7693177038035366,-0.4424116035629445,0.4114932347284073
1.2719268836423367,0.5713708336889765,-0.27201451266161847,-0.4158163272600162,0.7072392610627481,-0.7693177038035366,-0.4424116035629445,0.31541470108113895
0.06516513445605905,1.5487414010666303,-0.27201451266161847,-0.8156836603213573,0.24343323227141758,-0.7693177038035366,-0.4424116035629445,0.113144103928995
-1.1415966147302186,0.5713708336889765,-0.27201451266161847,-0.6443119461522111,0.45214594522751633,1.299853097174238,-0.4424116035629445,0.31541470108113895
-1.1415966147302186,-1.3833703010663312,-0.27201451266161847,-0.47294023198306495,0.6608586581836151,1.299853097174238,1.5777327049436507,0.07268998449856622
1.2719268836423367,-0.731789922814562,-0.27201451266161847,-0.3015685178139188,-0.17399219364077992,-0.7693177038035366,-0.4424116035629445,0.2092226375762634
1.2719268836423367,-0.08020954456279278,-0.27201451266161847,0.09829881524742227,0.26662353371098413,-0.7693177038035366,-0.4424116035629445,0.4114932347284073
0.06516513445605905,0.5713708336889765,-0.27201451266161847,-0.872807565044406,-0.7305594281903766,-0.7693177038035366,-0.4424116035629445,0.31541470108113895
-1.1415966147302186,0.5713708336889765,-0.27201451266161847,-0.4158163272600162,0.173862327952718,1.299853097174238,-0.4424116035629445,0.31541470108113895
0.06516513445605905,0.5713708336889765,-0.27201451266161847,-0.6443119461522111,0.0115302178757523,-0.7693177038035366,-0.4424116035629445,0.31541470108113895
-1.1415966147302186,1.5487414010666303,-0.27201451266161847,-0.872807565044406,0.15067202651315148,1.299853097174238,-0.4424116035629445,0.113144103928995
1.2719268836423367,1.5487414010666303,-0.27201451266161847,-0.3586924225369675,-0.19718249508034646,-0.7693177038035366,-0.4424116035629445,0.113144103928995
-1.1415966147302186,-0.08020954456279278,-0.27201451266161847,-0.07307289892172389,0.6608586581836151,1.299853097174238,-0.4424116035629445,0.4114932347284073
-1.1415966147302186,-0.731789922814562,-0.27201451266161847,-0.13019680364477262,0.05791082075488536,1.299853097174238,-0.4424116035629445,0.2092226375762634
0.06516513445605905,-0.731789922814562,-0.27201451266161847,-0.5871880414291624,0.45214594522751633,-0.7693177038035366,-0.4424116035629445,0.2092226375762634
0.06516513445605905,0.5713708336889765,-0.27201451266161847,-0.8156836603213573,-0.12761159076164688,-0.7693177038035366,-0.4424116035629445,0.31541470108113895
-1.1415966147302186,1.5487414010666303,-0.27201451266161847,0.7837856719240069,0.6608586581836151,1.299853097174238,-0.4424116035629445,0.113144103928995
0.06516513445605905,-0.08020954456279278,-0.27201451266161847,0.3267944341396172,0.3593847394692502,-0.7693177038035366,-0.4424116035629445,0.4114932347284073
-1.1415966147302186,0.5713708336889765,-0.27201451266161847,-0.3586924225369675,0.3825750409088168,1.299853097174238,-0.4424116035629445,0.31541470108113895
0.06516513445605905,-0.08020954456279278,-0.27201451266161847,0.7266617672009582,0.45214594522751633,-0.7693177038035366,-0.4424116035629445,0.4114932347284073
-1.1415966147302186,-1.3833703010663312,-0.27201451266161847,-0.5871880414291624,-0.7305594281903766,1.299853097174238,-0.4424116035629445,0.07268998449856622
0.06516513445605905,0.5713708336889765,-0.27201451266161847,0.9551573860931531,0.3593847394692502,-0.7693177038035366,-0.4424116035629445,0.31541470108113895
1.2719268836423367,-1.3833703010663312,-0.27201451266161847,0.155422719970471,-0.17399219364077992,-0.7693177038035366,-0.4424116035629445,0.07268998449856622
0.06516513445605905,-1.3833703010663312,-0.27201451266161847,-0.13019680364477262,0.15067202651315148,-0.7693177038035366,-0.4424116035629445,0.07268998449856622
1.2719268836423367,-0.731789922814562,-0.27201451266161847,-0.18732070836782133,0.45214594522751633,-0.7693177038035366,-0.4424116035629445,0.2092226375762634
1.2719268836423367,0.5713708336889765,-0.27201451266161847,0.6695378624779095,0.173862327952718,-0.7693177038035366,-0.4424116035629445,0.31541470108113895
-1.1415966147302186,1.5487414010666303,-0.27201451266161847,-0.6443119461522111,0.0115302178757523,1.299853097174238,-0.4424116035629445,0.113144103928995
0.06516513445605905,1.5487414010666303,-0.27201451266161847,0.9551573860931531,-0.12761159076164688,-0.7693177038035366,-0.4424116035629445,0.113144103928995
-1.1415966147302186,0.5713708336889765,-0.27201451266161847,0.4981661483087633,0.3593847394692502,1.299853097174238,-0.4424116035629445,0.31541470108113895
-1.1415966147302186,-0.08020954456279278,-0.27201451266161847,0.155422719970471,0.6608586581836151,1.299853097174238,-0.4424116035629445,0.4114932347284073
0.06516513445605905,0.5713708336889765,-0.27201451266161847,-0.7585597555983086,-0.12761159076164688,-0.7693177038035366,1.5777327049436507,0.31541470108113895
1.2719268836423367,-0.731789922814562,-0.27201451266161847,-0.8156836603213573,0.6608586581836151,-0.7693177038035366,1.5777327049436507,0.2092226375762634
0.06516513445605905,-0.731789922814562,-0.27201451266161847,-0.9299314697674548,0.7072392610627481,-0.7693177038035366,-0.4424116035629445,0.2092226375762634
-1.1415966147302186,-1.3833703010663312,-0.27201451266161847,0.4410422435857146,0.6608586581836151,1.299853097174238,3.597877013450246,0.07268998449856622
0.06516513445605905,0.5713708336889765,-0.27201451266161847,-0.4158163272600162,0.45214594522751633,-0.7693177038035366,-0.4424116035629445,0.31541470108113895
0.06516513445605905,-0.08020954456279278,-0.27201451266161847,-0.24444461309087007,0.24343323227141758,-0.7693177038035366,-0.4424116035629445,0.4114932347284073
-1.1415966147302186,0.5713708336889765,-0.27201451266161847,3.1258657655690043,0.3825750409088168,1.299853097174238,-0.4424116035629445,0.31541470108113895
0.06516513445605905,-0.731789922814562,-0.27201451266161847,3.7542287175225404,0.26662353371098413,-0.7693177038035366,-0.4424116035629445,0.2092226375762634
-1.1415966147302186,0.5713708336889765,-0.27201451266161847,2.8973701466768094,0.7072392610627481,1.299853097174238,-0.4424116035629445,0.31541470108113895
1.2719268836423367,-0.08020954456279278,-0.27201451266161847,-0.4158163272600162,0.6608586581836151,-0.7693177038035366,-0.4424116035629445,0.4114932347284073
0.06516513445605905,1.5487414010666303,-0.27201451266161847,0.7266617672009582,0.26662353371098413,-0.7693177038035366,-0.4424116035629445,0.113144103928995
-1.1415966147302186,-0.731789922814562,-0.27201451266161847,0.8409095766470557,-0.19718249508034646,1.299853097174238,-0.4424116035629445,0.2092226375762634
0.06516513445605905,0.5713708336889765,-0.27201451266161847,-0.24444461309087007,0.15067202651315148,-0.7693177038035366,-0.4424116035629445,0.31541470108113895
1.2719268836423367,1.5487414010666303,-0.27201451266161847,-0.5300641367061136,0.3361944380296837,-0.7693177038035366,-0.4424116035629445,0.113144103928995
1.2719268836423367,-1.3833703010663312,-0.27201451266161847,0.3267944341396172,0.15067202651315148,-0.7693177038035366,1.5777327049436507,0.07268998449856622
-1.1415966147302186,-0.08020954456279278,-0.27201451266161847,-0.3586924225369675,0.15067202651315148,1.299853097174238,-0.4424116035629445,0.4114932347284073
-1.1415966147302186,-0.08020954456279278,-0.27201451266161847,-0.13019680364477262,-0.17399219364077992,1.299853097174238,-0.4424116035629445,0.4114932347284073
0.06516513445605905,-1.3833703010663312,-0.27201451266161847,-0.7585597555983086,0.6608586581836151,-0.7693177038035366,-0.4424116035629445,0.07268998449856622
1.2719268836423367,1.5487414010666303,-0.27201451266161847,-0.9299314697674548,0.3593847394692502,-0.7693177038035366,-0.4424116035629445,0.113144103928995
0.06516513445605905,-1.3833703010663312,-0.27201451266161847,-0.5871880414291624,0.05791082075488536,-0.7693177038035366,-0.4424116035629445,0.07268998449856622
-1.1415966147302186,-0.731789922814562,-0.27201451266161847,-0.3586924225369675,0.0115302178757523,1.299853097174238,-0.4424116035629445,0.2092226375762634
1.2719268836423367,-0.08020954456279278,-0.27201451266161847,0.6124139577548607,0.3593847394692502,-0.7693177038035366,-0.4424116035629445,0.4114932347284073
-1.1415966147302186,-0.08020954456279278,-0.27201451266161847,0.2125466246935197,-0.17399219364077992,1.299853097174238,-0.4424116035629445,0.4114932347284073
-1.1415966147302186,1.5487414010666303,-0.27201451266161847,0.09829881524742227,0.173862327952718,1.299853097174238,-0.4424116035629445,0.113144103928995
0.06516513445605905,1.5487414010666303,-0.27201451266161847,-0.47294023198306495,-0.19718249508034646,-0.7693177038035366,-0.4424116035629445,0.113144103928995
0.06516513445605905,1.5487414010666303,-0.27201451266161847,-0.18732070836782133,0.45214594522751633,-0.7693177038035366,-0.4424116035629445,0.113144103928995
0.06516513445605905,1.5487414010666303,-0.27201451266161847,2.3832550041693707,0.3593847394692502,-0.7693177038035366,-0.4424116035629445,0.113144103928995
-1.1415966147302186,1.5487414010666303,-0.27201451266161847,2.0976354805541275,0.15067202651315148,1.299853097174238,-0.4424116035629445,0.113144103928995
0.06516513445605905,-1.3833703010663312,-0.27201451266161847,-0.872807565044406,0.6608586581836151,-0.7693177038035366,-0.4424116035629445,0.07268998449856622
1.2719268836423367,-0.08020954456279278,-0.27201451266161847,-0.4158163272600162,-0.19718249508034646,-0.7693177038035366,-0.4424116035629445,0.4114932347284073
1.2719268836423367,1.5487414010666303,-0.27201451266161847,0.26967052941656844,0.45214594522751633,-0.7693177038035366,-0.4424116035629445,0.113144103928995
1.2719268836423367,-0.08020954456279278,-0.27201451266161847,-0.5300641367061136,-0.7305594281903766,-0.7693177038035366,-0.4424116035629445,0.4114932347284073
1.2719268836423367,-0.731789922814562,-0.27201451266161847,-0.18732070836782133,0.3825750409088168,-0.7693177038035366,-0.4424116035629445,0.2092226375762634
-1.1415966147302186,-1.3833703010663312,-0.27201451266161847,-0.7585597555983086,0.05791082075488536,1.299853097174238,-0.4424116035629445,0.07268998449856622
0.06516513445605905,0.5713708336889765,-0.27201451266161847,-0.01594899419867517,0.24343323227141758,-0.7693177038035366,-0.4424116035629445,0.31541470108113895
1.2719268836423367,-0.08020954456279278,-0.27201451266161847,-0.8156836603213573,0.0115302178757523,-0.7693177038035366,-0.4424116035629445,0.4114932347284073
-1.1415966147302186,-0.731789922814562,-0.27201451266161847,2.1547593852771763,0.05791082075488536,1.299853097174238,-0.4424116035629445,0.2092226375762634
0.06516513445605905,-1.3833703010663312,-0.27201451266161847,-0.3586924225369675,-0.12761159076164688,-0.7693177038035366,-0.4424116035629445,0.07268998449856622
0.06516513445605905,0.5713708336889765,-0.27201451266161847,-0.13019680364477262,0.26662353371098413,-0.7693177038035366,-0.4424116035629445,0.31541470108113895
0.06516513445605905,1.5487414010666303,-0.27201451266161847,0.09829881524742227,0.15067202651315148,-0.7693177038035366,-0.4424116035629445,0.113144103928995
1.2719268836423367,0.5713708336889765,-0.27201451266161847,-0.5871880414291624,-0.19718249508034646,-0.7693177038035366,-0.4424116035629445,0.31541470108113895
-1.1415966147302186,-0.08020954456279278,-0.27201451266161847,1.0122812908162018,0.7072392610627481,1.299853097174238,-0.4424116035629445,0.4114932347284073
1.2719268836423367,-0.08020954456279278,-0.27201451266161847,-0.18732070836782133,0.3825750409088168,-0.7693177038035366,-0.4424116035629445,0.4114932347284073
0.06516513445605905,1.5487414010666303,-0.27201451266161847,-0.13019680364477262,0.26662353371098413,-0.7693177038035366,-0.4424116035629445,0.113144103928995
-1.1415966147302186,-1.3833703010663312,-0.27201451266161847,-0.3586924225369675,-0.17399219364077992,1.299853097174238,-0.4424116035629445,0.07268998449856622
-1.1415966147302186,0.5713708336889765,-0.27201451266161847,-0.01594899419867517,-0.12761159076164688,1.299853097174238,-0.4424116035629445,0.31541470108113895
-1.1415966147302186,1.5487414010666303,-0.27201451266161847,1.0694051955392505,0.05791082075488536,1.299853097174238,-0.4424116035629445,0.113144103928995
0.06516513445605905,0.5713708336889765,-0.27201451266161847,-0.01594899419867517,0.45214594522751633,-0.7693177038035366,-0.4424116035629445,0.31541470108113895
0.06516513445605905,-0.08020954456279278,-0.27201451266161847,-0.9299314697674548,-0.19718249508034646,-0.7693177038035366,-0.4424116035629445,0.4114932347284073
0.06516513445605905,-0.08020954456279278,-0.27201451266161847,-0.07307289892172389,-0.12761159076164688,-0.7693177038035366,-0.4424116035629445,0.4114932347284073
1.2719268836423367,-0.731789922814562,-0.27201451266161847,-0.07307289892172389,0.0115302178757523,-0.7693177038035366,-0.4424116035629445,0.2092226375762634
0.06516513445605905,-1.3833703010663312,-0.27201451266161847,-0.7585597555983086,0.15067202651315148,-0.7693177038035366,-0.4424116035629445,0.07268998449856622
-1.1415966147302186,0.5713708336889765,-0.27201451266161847,-0.7014358508752598,0.15067202651315148,1.299853097174238,-0.4424116035629445,0.31541470108113895
0.06516513445605905,-0.08020954456279278,-0.27201451266161847,0.6695378624779095,-0.7305594281903766,-0.7693177038035366,-0.4424116035629445,0.4114932347284073
-1.1415966147302186,0.5713708336889765,-0.27201451266161847,-0.872807565044406,-0.12761159076164688,1.299853097174238,1.5777327049436507,0.31541470108113895
0.06516513445605905,0.5713708336889765,-0.27201451266161847,1.0694051955392505,0.6608586581836151,-0.7693177038035366,-0.4424116035629445,0.31541470108113895
-1.1415966147302186,-0.731789922814562,-0.27201451266161847,0.2125466246935197,0.173862327952718,1.299853097174238,-0.4424116035629445,0.2092226375762634
0.06516513445605905,0.5713708336889765,-0.27201451266161847,-0.5300641367061136,0.26662353371098413,-0.7693177038035366,-0.4424116035629445,0.31541470108113895
-1.1415966147302186,-1.3833703010663312,-0.27201451266161847,-0.3015685178139188,0.3593847394692502,1.299853097174238,-0.4424116035629445,0.07268998449856622
-1.1415966147302186,-0.731789922814562,-0.27201451266161847,-0.7585597555983086,0.24343323227141758,1.299853097174238,-0.4424116035629445,0.2092226375762634
-1.1415966147302186,0.5713708336889765,-0.27201451266161847,0.2125466246935197,0.3593847394692502,1.299853097174238,-0.4424116035629445,0.31541470108113895
1.2719268836423367,-0.731789922814562,-0.27201451266161847,1.1265291002622992,0.24343323227141758,-0.7693177038035366,1.5777327049436507,0.2092226375762634
0.06516513445605905,-0.731789922814562,-0.27201451266161847,-0.872807565044406,-0.19718249508034646,-0.7693177038035366,-0.4424116035629445,0.2092226375762634
0.06516513445605905,1.5487414010666303,-0.27201451266161847,0.555290053031812,0.45214594522751633,-0.7693177038035366,-0.4424116035629445,0.113144103928995
-1.1415966147302186,-0.08020954456279278,-0.27201451266161847,2.326131099446322,0.3361944380296837,1.299853097174238,-0.4424116035629445,0.4114932347284073
1.2719268836423367,-0.08020954456279278,-0.27201451266161847,-0.7585597555983086,0.15067202651315148,-0.7693177038035366,-0.4424116035629445,0.4114932347284073
-1.1415966147302186,-0.731789922814562,-0.27201451266161847,-0.7585597555983086,0.7072392610627481,1.299853097174238,-0.4424116035629445,0.2092226375762634
0.06516513445605905,-0.08020954456279278,-0.27201451266161847,-0.07307289892172389,-0.12761159076164688,-0.7693177038035366,-0.4424116035629445,0.4114932347284073
-1.1415966147302186,-0.08020954456279278,-0.27201451266161847,0.3839183388626659,-0.19718249508034646,1.299853097174238,-0.4424116035629445,0.4114932347284073
-1.1415966147302186,1.5487414010666303,-0.27201451266161847,-0.9870553744905034,0.24343323227141758,1.299853097174238,-0.4424116035629445,0.113144103928995
0.06516513445605905,-0.731789922814562,-0.27201451266161847,0.3267944341396172,0.3593847394692502,-0.7693177038035366,-0.4424116035629445,0.2092226375762634
0.06516513445605905,0.5713708336889765,-0.27201451266161847,-0.4158163272600162,0.6608586581836151,-0.7693177038035366,-0.4424116035629445,0.31541470108113895
1.2719268836423367,0.5713708336889765,-0.27201451266161847,-0.5871880414291624,0.3593847394692502,-0.7693177038035366,1.5777327049436507,0.31541470108113895
0.06516513445605905,-1.3833703010663312,-0.27201451266161847,0.155422719970471,0.05791082075488536,-0.7693177038035366,-0.4424116035629445,0.07268998449856622
-1.1415966147302186,-0.731789922814562,-0.27201451266161847,3.868476526968638,0.3593847394692502,1.299853097174238,-0.4424116035629445,0.2092226375762634
1.2719268836423367,-1.3833703010663312,-0.27201451266161847,0.6695378624779095,0.15067202651315148,-0.7693177038035366,-0.4424116035629445,0.07268998449856622
-1.1415966147302186,-0.08020954456279278,-0.27201451266161847,0.041174910524373554,0.26662353371098413,1.299853097174238,-0.4424116035629445,0.4114932347284073
0.06516513445605905,-1.3833703010663312,-0.27201451266161847,0.4981661483087633,0.7072392610627481,-0.7693177038035366,-0.4424116035629445,0.07268998449856622
1.2719268836423367,-0.731789922814562,-0.27201451266161847,0.7266617672009582,0.15067202651315148,-0.7693177038035366,-0.4424116035629445,0.2092226375762634
-1.1415966147302186,1.5487414010666303,-0.27201451266161847,2.6117506230615657,0.3361944380296837,1.299853097174238,-0.4424116035629445,0.113144103928995
1.2719268836423367,-0.08020954456279278,-0.27201451266161847,-0.8156836603213573,0.173862327952718,-0.7693177038035366,-0.4424116035629445,0.4114932347284073
-1.1415966147302186,1.5487414010666303,-0.27201451266161847,0.4981661483087633,0.45214594522751633,1.299853097174238,-0.4424116035629445,0.113144103928995
0.06516513445605905,1.5487414010666303,-0.27201451266161847,0.7266617672009582,0.45214594522751633,-0.7693177038035366,1.5777327049436507,0.113144103928995
0.06516513445605905,-0.08020954456279278,-0.27201451266161847,0.26967052941656844,0.3593847394692502,-0.7693177038035366,-0.4424116035629445,0.4114932347284073
-1.1415966147302186,1.5487414010666303,-0.27201451266161847,-0.3015685178139188,-0.12761159076164688,1.299853097174238,-0.4424116035629445,0.113144103928995
0.06516513445605905,-0.08020954456279278,-0.27201451266161847,-0.07307289892172389,0.24343323227141758,-0.7693177038035366,-0.4424116035629445,0.4114932347284073
1.2719268836423367,-0.08020954456279278,-0.27201451266161847,0.4410422435857146,0.15067202651315148,-0.7693177038035366,-0.4424116035629445,0.4114932347284073
-1.1415966147302186,1.5487414010666303,-0.27201451266161847,3.6971048127994917,0.3361944380296837,1.299853097174238,-0.4424116035629445,0.113144103928995
0.06516513445605905,0.5713708336889765,-0.27201451266161847,0.155422719970471,0.173862327952718,-0.7693177038035366,-0.4424116035629445,0.31541470108113895
1.2719268836423367,1.5487414010666303,-0.27201451266161847,-0.4158163272600162,0.3361944380296837,-0.7693177038035366,1.5777327049436507,0.113144103928995
0.06516513445605905,0.5713708336889765,-0.27201451266161847,-0.13019680364477262,0.173862327952718,-0.7693177038035366,1.5777327049436507,0.31541470108113895
0.06516513445605905,-0.731789922814562,-0.27201451266161847,-0.13019680364477262,-0.7305594281903766,-0.7693177038035366,-0.4424116035629445,0.2092226375762634
-1.1415966147302186,1.5487414010666303,-0.27201451266161847,0.3267944341396172,0.05791082075488536,1.299853097174238,-0.4424116035629445,0.113144103928995
-1.1415966147302186,0.5713708336889765,-0.27201451266161847,-0.872807565044406,0.3825750409088168,1.299853097174238,-0.4424116035629445,0.31541470108113895
0.06516513445605905,-1.3833703010663312,-0.27201451266161847,-0.872807565044406,-0.12761159076164688,-0.7693177038035366,-0.4424116035629445,0.07268998449856622
-1.1415966147302186,0.5713708336889765,-0.27201451266161847,-0.07307289892172389,-0.7305594281903766,1.299853097174238,1.5777327049436507,0.31541470108113895
-1.1415966147302186,-0.08020954456279278,-0.27201451266161847,0.7837856719240069,0.3593847394692502,1.299853097174238,-0.4424116035629445,0.4114932347284073
-1.1415966147302186,-1.3833703010663312,-0.27201451266161847,-0.7014358508752598,0.3593847394692502,1.299853097174238,-0.4424116035629445,0.07268998449856622
-1.1415966147302186,-1.3833703010663312,-0.27201451266161847,-0.6443119461522111,0.05791082075488536,1.299853097174238,-0.4424116035629445,0.07268998449856622
-1.1415966147302186,-1.3833703010663312,-0.27201451266161847,2.040511575831079,0.3825750409088168,1.299853097174238,-0.4424116035629445,0.07268998449856622
1.2719268836423367,1.5487414010666303,-0.27201451266161847,-0.47294023198306495,0.6608586581836151,-0.7693177038035366,-0.4424116035629445,0.113144103928995
1.2719268836423367,1.5487414010666303,-0.27201451266161847,-0.5871880414291624,0.15067202651315148,-0.7693177038035366,-0.4424116035629445,0.113144103928995
0.06516513445605905,-0.731789922814562,-0.27201451266161847,2.6688745277846144,-0.12761159076164688,-0.7693177038035366,-0.4424116035629445,0.2092226375762634
0.06516513445605905,-0.08020954456279278,-0.27201451266161847,-0.01594899419867517,0.6608586581836151,-0.7693177038035366,-0.4424116035629445,0.4114932347284073
-1.1415966147302186,1.5487414010666303,-0.27201451266161847,-0.3586924225369675,0.26662353371098413,1.299853097174238,-0.4424116035629445,0.113144103928995
0.06516513445605905,-1.3833703010663312,-0.27201451266161847,-0.9299314697674548,0.26662353371098413,-0.7693177038035366,1.5777327049436507,0.07268998449856622
1.2719268836423367,-1.3833703010663312,-0.27201451266161847,-0.3586924225369675,0.05791082075488536,-0.7693177038035366,-0.4424116035629445,0.07268998449856622
0.06516513445605905,-0.08020954456279278,-0.27201451266161847,-0.7014358508752598,0.3361944380296837,-0.7693177038035366,-0.4424116035629445,0.4114932347284073
-1.1415966147302186,-1.3833703010663312,-0.27201451266161847,-0.01594899419867517,0.3593847394692502,1.299853097174238,-0.4424116035629445,0.07268998449856622
0.06516513445605905,-0.731789922814562,-0.27201451266161847,1.0694051955392505,0.3361944380296837,-0.7693177038035366,1.5777327049436507,0.2092226375762634
0.06516513445605905,1.5487414010666303,-0.27201451266161847,-0.47294023198306495,0.6608586581836151,-0.7693177038035366,-0.4424116035629445,0.113144103928995
-1.1415966147302186,-1.3833703010663312,-0.27201451266161847,-0.8156836603213573,0.05791082075488536,1.299853097174238,-0.4424116035629445,0.07268998449856622
-1.1415966147302186,-0.731789922814562,-0.27201451266161847,0.2125466246935197,0.05791082075488536,1.299853097174238,1.5777327049436507,0.2092226375762634
0.06516513445605905,-0.08020954456279278,-0.27201451266161847,-0.07307289892172389,0.26662353371098413,-0.7693177038035366,-0.4424116035629445,0.4114932347284073
1.2719268836423367,-0.08020954456279278,-0.27201451266161847,0.7266617672009582,0.26662353371098413,-0.7693177038035366,1.5777327049436507,0.4114932347284073
1.2719268836423367,0.5713708336889765,-0.27201451266161847,-0.7585597555983086,0.7072392610627481,-0.7693177038035366,-0.4424116035629445,0.31541470108113895
-1.1415966147302186,-1.3833703010663312,-0.27201451266161847,2.0976354805541275,0.24343323227141758,1.299853097174238,-0.4424116035629445,0.07268998449856622
1.2719268836423367,1.5487414010666303,-0.27201451266161847,0.155422719970471,0.6608586581836151,-0.7693177038035366,-0.4424116035629445,0.113144103928995
0.06516513445605905,-1.3833703010663312,-0.27201451266161847,0.2125466246935197,0.173862327952718,-0.7693177038035366,-0.4424116035629445,0.07268998449856622
0.06516513445605905,0.5713708336889765,-0.27201451266161847,-0.7014358508752598,0.45214594522751633,-0.7693177038035366,-0.4424116035629445,0.31541470108113895
-1.1415966147302186,-0.731789922814562,-0.27201451266161847,-0.7014358508752598,-0.7305594281903766,1.299853097174238,-0.4424116035629445,0.2092226375762634
1.2719268836423367,-0.731789922814562,-0.27201451266161847,-0.07307289892172389,-0.12761159076164688,-0.7693177038035366,-0.4424116035629445,0.2092226375762634
1.2719268836423367,-1.3833703010663312,-0.27201451266161847,2.497502813615468,0.3361944380296837,-0.7693177038035366,-0.4424116035629445,0.07268998449856622
1.2719268836423367,0.5713708336889765,-0.27201451266161847,0.09829881524742227,0.45214594522751633,-0.7693177038035366,-0.4424116035629445,0.31541470108113895
1.2719268836423367,-0.08020954456279278,-0.27201451266161847,0.8409095766470557,0.3593847394692502,-0.7693177038035366,-0.4424116035629445,0.4114932347284073
-1.1415966147302186,-0.08020954456279278,-0.27201451266161847,1.6406442427697379,0.7072392610627481,1.299853097174238,-0.4424116035629445,0.4114932347284073
0.06516513445605905,-0.08020954456279278,-0.27201451266161847,-0.47294023198306495,-0.7305594281903766,-0.7693177038035366,-0.4424116035629445,0.4114932347284073
1.2719268836423367,1.5487414010666303,-0.27201451266161847,-0.5300641367061136,0.7072392610627481,-0.7693177038035366,1.5777327049436507,0.113144103928995
0.06516513445605905,0.5713708336889765,-0.27201451266161847,-0.07307289892172389,-0.19718249508034646,-0.7693177038035366,-0.4424116035629445,0.31541470108113895
1.2719268836423367,0.5713708336889765,-0.27201451266161847,-0.6443119461522111,0.15067202651315148,-0.7693177038035366,-0.4424116035629445,0.31541470108113895
-1.1415966147302186,-0.731789922814562,-0.27201451266161847,-0.7014358508752598,0.26662353371098413,1.299853097174238,-0.4424116035629445,0.2092226375762634
0.06516513445605905,0.5713708336889765,-0.27201451266161847,-0.6443119461522111,0.7072392610627481,-0.7693177038035366,3.597877013450246,0.31541470108113895
-1.1415966147302186,-1.3833703010663312,-0.27201451266161847,3.582857003353394,0.3825750409088168,1.299853097174238,-0.4424116035629445,0.07268998449856622
1.2719268836423367,-1.3833703010663312,-0.27201451266161847,-0.9299314697674548,0.7072392610627481,-0.7693177038035366,-0.4424116035629445,0.07268998449856622
1.2719268836423367,-0.731789922814562,-0.27201451266161847,-0.24444461309087007,-0.7305594281903766,-0.7693177038035366,-0.4424116035629445,0.2092226375762634
-1.1415966147302186,-0.08020954456279278,-0.27201451266161847,-0.4158163272600162,0.05791082075488536,1.299853097174238,-0.4424116035629445,0.4114932347284073
0.06516513445605905,-1.3833703010663312,-0.27201451266161847,-0.9299314697674548,-0.19718249508034646,-0.7693177038035366,-0.4424116035629445,0.07268998449856622
0.06516513445605905,-0.08020954456279278,-0.27201451266161847,-0.9299314697674548,0.7072392610627481,-0.7693177038035366,1.5777327049436507,0.4114932347284073
1.2719268836423367,1.5487414010666303,-0.27201451266161847,-0.8156836603213573,0.6608586581836151,-0.7693177038035366,-0.4424116035629445,0.113144103928995
-1.1415966147302186,1.5487414010666303,-0.27201451266161847,-0.3015685178139188,0.3593847394692502,1.299853097174238,-0.4424116035629445,0.113144103928995
0.06516513445605905,-0.08020954456279278,-0.27201451266161847,-0.24444461309087007,0.6608586581836151,-0.7693177038035366,-0.4424116035629445,0.4114932347284073
0.06516513445605905,0.5713708336889765,-0.27201451266161847,0.2125466246935197,0.3593847394692502,-0.7693177038035366,1.5777327049436507,0.31541470108113895
1.2719268836423367,1.5487414010666303,-0.27201451266161847,-0.7585597555983086,0.6608586581836151,-0.7693177038035366,1.5777327049436507,0.113144103928995
-1.1415966147302186,0.5713708336889765,-0.27201451266161847,-0.24444461309087007,0.6608586581836151,1.299853097174238,1.5777327049436507,0.31541470108113895
0.06516513445605905,-0.731789922814562,-0.27201451266161847,-0.5871880414291624,0.6608586581836151,-0.7693177038035366,1.5777327049436507,0.2092226375762634
1.2719268836423367,0.5713708336889765,-0.27201451266161847,-0.47294023198306495,-0.7305594281903766,-0.7693177038035366,-0.4424116035629445,0.31541470108113895
0.06516513445605905,-1.3833703010663312,-0.27201451266161847,-0.7014358508752598,0.15067202651315148,-0.7693177038035366,-0.4424116035629445,0.07268998449856622
0.06516513445605905,-1.3833703010663312,-0.27201451266161847,-0.872807565044406,-0.19718249508034646,-0.7693177038035366,-0.4424116035629445,0.07268998449856622
1.2719268836423367,-1.3833703010663312,-0.27201451266161847,0.8980334813701044,0.3593847394692502,-0.7693177038035366,-0.4424116035629445,0.07268998449856622
1.2719268836423367,-0.08020954456279278,-0.1332315980383438,-0.24444461309087007,0.3593847394692502,-0.7693177038035366,-0.4424116035629445,0.4114932347284073
-1.1415966147302186,1.5487414010666303,-0.1332315980383438,-0.5300641367061136,0.173862327952718,1.299853097174238,-0.4424116035629445,0.113144103928995
-1.1415966147302186,0.5713708336889765,-0.1332315980383438,-0.6443119461522111,0.0115302178757523,1.299853097174238,-0.4424116035629445,0.31541470108113895
0.06516513445605905,-1.3833703010663312,-0.1332315980383438,0.3267944341396172,-0.17399219364077992,-0.7693177038035366,-0.4424116035629445,0.07268998449856622
1.2719268836423367,-0.731789922814562,-0.1332315980383438,-0.18732070836782133,0.6608586581836151,-0.7693177038035366,-0.4424116035629445,0.2092226375762634
1.2719268836423367,1.5487414010666303,-0.1332315980383438,-0.13019680364477262,0.3825750409088168,-0.7693177038035366,-0.4424116035629445,0.113144103928995
-1.1415966147302186,-0.731789922814562,-0.1332315980383438,-0.13019680364477262,0.15067202651315148,1.299853097174238,-0.4424116035629445,0.2092226375762634
-1.1415966147302186,-0.731789922814562,-0.1332315980383438,-0.7585597555983086,0.05791082075488536,1.299853097174238,-0.4424116035629445,0.2092226375762634
1.2719268836423367,-1.3833703010663312,-0.1332315980383438,-0.3015685178139188,0.6608586581836151,-0.7693177038035366,-0.4424116035629445,0.07268998449856622
-1.1415966147302186,-1.3833703010663312,-0.1332315980383438,-0.18732070836782133,0.6608586581836151,1.299853097174238,-0.4424116035629445,0.07268998449856622
1.2719268836423367,0.5713708336889765,-0.1332315980383438,1.5835203380466891,-0.12761159076164688,-0.7693177038035366,-0.4424116035629445,0.31541470108113895
0.06516513445605905,-0.08020954456279278,-0.1332315980383438,-0.9299314697674548,-0.7305594281903766,-0.7693177038035366,-0.4424116035629445,0.4114932347284073
0.06516513445605905,-0.08020954456279278,-0.1332315980383438,-0.9299314697674548,0.7072392610627481,-0.7693177038035366,-0.4424116035629445,0.4114932347284073
-1.1415966147302186,-1.3833703010663312,-0.1332315980383438,-0.4158163272600162,-0.12761159076164688,1.299853097174238,1.5777327049436507,0.07268998449856622
-1.1415966147302186,-0.08020954456279278,-0.1332315980383438,-0.3586924225369675,0.3593847394692502,1.299853097174238,-0.4424116035629445,0.4114932347284073
-1.1415966147302186,1.5487414010666303,-0.1332315980383438,-0.6443119461522111,-0.7305594281903766,1.299853097174238,1.5777327049436507,0.113144103928995
1.2719268836423367,-0.731789922814562,-0.1332315980383438,-0.5871880414291624,0.15067202651315148,-0.7693177038035366,-0.4424116035629445,0.2092226375762634
1.2719268836423367,-1.3833703010663312,-0.1332315980383438,-0.18732070836782133,0.3361944380296837,-0.7693177038035366,-0.4424116035629445,0.07268998449856622
1.2719268836423367,1.5487414010666303,-0.1332315980383438,-0.9870553744905034,0.6608586581836151,-0.7693177038035366,-0.4424116035629445,0.113144103928995
1.2719268836423367,0.5713708336889765,-0.1332315980383438,0.041174910524373554,0.3361944380296837,-0.7693177038035366,1.5777327049436507,0.31541470108113895
-1.1415966147302186,0.5713708336889765,-0.1332315980383438,-0.5300641367061136,0.05791082075488536,1.299853097174238,-0.4424116035629445,0.31541470108113895
-1.1415966147302186,0.5713708336889765,-0.1332315980383438,-0.7014358508752598,0.3361944380296837,1.299853097174238,3.597877013450246,0.31541470108113895
-1.1415966147302186,-1.3833703010663312,-0.1332315980383438,-0.872807565044406,0.26662353371098413,1.299853097174238,-0.4424116035629445,0.07268998449856622
-1.1415966147302186,-0.08020954456279278,-0.1332315980383438,0.155422719970471,0.3361944380296837,1.299853097174238,5.6180213219568405,0.4114932347284073
1.2719268836423367,0.5713708336889765,-0.1332315980383438,-0.8156836603213573,0.6608586581836151,-0.7693177038035366,-0.4424116035629445,0.31541470108113895
0.06516513445605905,0.5713708336889765,-0.1332315980383438,-0.9299314697674548,-0.19718249508034646,-0.7693177038035366,-0.4424116035629445,0.31541470108113895
0.06516513445605905,0.5713708336889765,-0.1332315980383438,0.6695378624779095,0.0115302178757523,-0.7693177038035366,-0.4424116035629445,0.31541470108113895
-1.1415966147302186,-0.731789922814562,-0.1332315980383438,-0.5300641367061136,0.45214594522751633,1.299853097174238,-0.4424116035629445,0.2092226375762634
-1.1415966147302186,-0.08020954456279278,-0.1332315980383438,1.8691398616619324,-0.12761159076164688,1.299853097174238,-0.4424116035629445,0.4114932347284073
-1.1415966147302186,0.5713708336889765,-0.1332315980383438,-0.7585597555983086,0.3593847394692502,1.299853097174238,-0.4424116035629445,0.31541470108113895
0.06516513445605905,1.5487414010666303,-0.1332315980383438,-0.872807565044406,0.3593847394692502,-0.7693177038035366,-0.4424116035629445,0.113144103928995
0.06516513445605905,1.5487414010666303,-0.1332315980383438,-0.3586924225369675,0.6608586581836151,-0.7693177038035366,-0.4424116035629445,0.113144103928995
-1.1415966147302186,-0.731789922814562,-0.1332315980383438,1.2407769097083967,0.05791082075488536,1.299853097174238,-0.4424116035629445,0.2092226375762634
1.2719268836423367,-1.3833703010663312,-0.1332315980383438,-0.4158163272600162,0.6608586581836151,-0.7693177038035366,-0.4424116035629445,0.07268998449856622
0.06516513445605905,0.5713708336889765,-0.1332315980383438,-0.8156836603213573,0.6608586581836151,-0.7693177038035366,1.5777327049436507,0.31541470108113895
1.2719268836423367,-0.08020954456279278,-0.1332315980383438,-0.5300641367061136,0.05791082075488536,-0.7693177038035366,1.5777327049436507,0.4114932347284073
1.2719268836423367,-0.731789922814562,-0.1332315980383438,-0.7014358508752598,0.3593847394692502,-0.7693177038035366,-0.4424116035629445,0.2092226375762634
0.06516513445605905,0.5713708336889765,-0.1332315980383438,-0.13019680364477262,0.15067202651315148,-0.7693177038035366,-0.4424116035629445,0.31541470108113895
1.2719268836423367,-1.3833703010663312,-0.1332315980383438,1.183653004985348,0.15067202651315148,-0.7693177038035366,-0.4424116035629445,0.07268998449856622
0.06516513445605905,0.5713708336889765,-0.1332315980383438,-0.6443119461522111,0.3825750409088168,-0.7693177038035366,-0.4424116035629445,0.31541470108113895
0.06516513445605905,0.5713708336889765,-0.1332315980383438,-0.5871880414291624,0.45214594522751633,-0.7693177038035366,-0.4424116035629445,0.31541470108113895
1.2719268836423367,1.5487414010666303,-0.1332315980383438,-0.47294023198306495,-0.17399219364077992,-0.7693177038035366,-0.4424116035629445,0.113144103928995
0.06516513445605905,-0.731789922814562,-0.1332315980383438,-0.3586924225369675,0.7072392610627481,-0.7693177038035366,-0.4424116035629445,0.2092226375762634
1.2719268836423367,-0.08020954456279278,-0.1332315980383438,1.0694051955392505,0.05791082075488536,-0.7693177038035366,-0.4424116035629445,0.4114932347284073
-1.1415966147302186,-0.731789922814562,-0.1332315980383438,-0.5300641367061136,-0.17399219364077992,1.299853097174238,-0.4424116035629445,0.2092226375762634
0.06516513445605905,0.5713708336889765,-0.1332315980383438,-0.9870553744905034,0.26662353371098413,-0.7693177038035366,1.5777327049436507,0.31541470108113895
0.06516513445605905,-0.731789922814562,-0.1332315980383438,0.555290053031812,0.3593847394692502,-0.7693177038035366,-0.4424116035629445,0.2092226375762634
-1.1415966147302186,0.5713708336889765,-0.1332315980383438,0.041174910524373554,-0.12761159076164688,1.299853097174238,-0.4424116035629445,0.31541470108113895
0.06516513445605905,-0.731789922814562,-0.1332315980383438,2.8973701466768094,0.15067202651315148,-0.7693177038035366,-0.4424116035629445,0.2092226375762634
1.2719268836423367,1.5487414010666303,-0.1332315980383438,-0.7585597555983086,0.6608586581836151,-0.7693177038035366,-0.4424116035629445,0.113144103928995
0.06516513445605905,-1.3833703010663312,-0.1332315980383438,-0.01594899419867517,-0.7305594281903766,-0.7693177038035366,-0.4424116035629445,0.07268998449856622
-1.1415966147302186,0.5713708336889765,-0.1332315980383438,-0.01594899419867517,0.3593847394692502,1.299853097174238,-0.4424116035629445,0.31541470108113895
1.2719268836423367,1.5487414010666303,-0.1332315980383438,0.3839183388626659,0.3593847394692502,-0.7693177038035366,1.5777327049436507,0.113144103928995
0.06516513445605905,-0.08020954456279278,-0.1332315980383438,1.2979008144314454,0.7072392610627481,-0.7693177038035366,-0.4424116035629445,0.4114932347284073
1.2719268836423367,1.5487414010666303,-0.1332315980383438,1.754892052215835,-0.7305594281903766,-0.7693177038035366,-0.4424116035629445,0.113144103928995
-1.1415966147302186,-0.731789922814562,-0.1332315980383438,-0.13019680364477262,0.05791082075488536,1.299853097174238,-0.4424116035629445,0.2092226375762634
0.06516513445605905,-1.3833703010663312,-0.1332315980383438,0.7266617672009582,0.0115302178757523,-0.7693177038035366,-0.4424116035629445,0.07268998449856622
0.06516513445605905,1.5487414010666303,-0.1332315980383438,0.041174910524373554,0.45214594522751633,-0.7693177038035366,-0.4424116035629445,0.113144103928995
1.2719268836423367,1.5487414010666303,-0.1332315980383438,-0.47294023198306495,-0.17399219364077992,-0.7693177038035366,-0.4424116035629445,0.113144103928995
-1.1415966147302186,-0.731789922814562,-0.1332315980383438,-0.6443119461522111,0.15067202651315148,1.299853097174238,-0.4424116035629445,0.2092226375762634
1.2719268836423367,-1.3833703010663312,-0.1332315980383438,0.8409095766470557,0.45214594522751633,-0.7693177038035366,1.5777327049436507,0.07268998449856622
0.06516513445605905,1.5487414010666303,-0.1332315980383438,-0.6443119461522111,0.05791082075488536,-0.7693177038035366,-0.4424116035629445,0.113144103928995
1.2719268836423367,-0.731789922814562,-0.1332315980383438,2.040511575831079,0.26662353371098413,-0.7693177038035366,-0.4424116035629445,0.2092226375762634
-1.1415966147302186,1.5487414010666303,-0.1332315980383438,4.66821119309132,0.7072392610627481,1.299853097174238,-0.4424116035629445,0.113144103928995
1.2719268836423367,-1.3833703010663312,-0.1332315980383438,-0.8156836603213573,0.6608586581836151,-0.7693177038035366,-0.4424116035629445,0.07268998449856622
-1.1415966147302186,-1.3833703010663312,-0.1332315980383438,0.155422719970471,0.3593847394692502,1.299853097174238,-0.4424116035629445,0.07268998449856622
0.06516513445605905,-0.08020954456279278,-0.1332315980383438,0.9551573860931531,0.6608586581836151,-0.7693177038035366,1.5777327049436507,0.4114932347284073
1.2719268836423367,-1.3833703010663312,-0.1332315980383438,0.09829881524742227,0.05791082075488536,-0.7693177038035366,-0.4424116035629445,0.07268998449856622
-1.1415966147302186,-1.3833703010663312,-0.1332315980383438,-0.872807565044406,0.6608586581836151,1.299853097174238,1.5777327049436507,0.07268998449856622
1.2719268836423367,-0.08020954456279278,-0.1332315980383438,-0.9870553744905034,0.173862327952718,-0.7693177038035366,-0.4424116035629445,0.4114932347284073
-1.1415966147302186,0.5713708336889765,-0.1332315980383438,0.09829881524742227,0.173862327952718,1.299853097174238,1.5777327049436507,0.31541470108113895
-1.1415966147302186,1.5487414010666303,-0.1332315980383438,-0.7585597555983086,0.3361944380296837,1.299853097174238,-0.4424116035629445,0.113144103928995
0.06516513445605905,0.5713708336889765,-0.1332315980383438,-0.7585597555983086,-0.17399219364077992,-0.7693177038035366,-0.4424116035629445,0.31541470108113895
0.06516513445605905,0.5713708336889765,-0.1332315980383438,1.1265291002622992,-0.17399219364077992,-0.7693177038035366,1.5777327049436507,0.31541470108113895
0.06516513445605905,-1.3833703010663312,-0.1332315980383438,-0.872807565044406,0.0115302178757523,-0.7693177038035366,-0.4424116035629445,0.07268998449856622
0.06516513445605905,-0.731789922814562,-0.1332315980383438,-0.07307289892172389,0.15067202651315148,-0.7693177038035366,-0.4424116035629445,0.2092226375762634
-1.1415966147302186,-1.3833703010663312,-0.1332315980383438,0.09829881524742227,0.26662353371098413,1.299853097174238,-0.4424116035629445,0.07268998449856622
1.2719268836423367,-0.08020954456279278,-0.1332315980383438,-0.18732070836782133,-0.19718249508034646,-0.7693177038035366,-0.4424116035629445,0.4114932347284073
1.2719268836423367,-1.3833703010663312,-0.1332315980383438,-0.4158163272600162,0.05791082075488536,-0.7693177038035366,-0.4424116035629445,0.07268998449856622
1.2719268836423367,-1.3833703010663312,-0.1332315980383438,-0.6443119461522111,0.3361944380296837,-0.7693177038035366,-0.4424116035629445,0.07268998449856622
1.2719268836423367,0.5713708336889765,-0.1332315980383438,-0.7014358508752598,0.3593847394692502,-0.7693177038035366,-0.4424116035629445,0.31541470108113895
-1.1415966147302186,0.5713708336889765,-0.1332315980383438,0.2125466246935197,0.173862327952718,1.299853097174238,-0.4424116035629445,0.31541470108113895
1.2719268836423367,-0.08020954456279278,-0.1332315980383438,0.155422719970471,0.3825750409088168,-0.7693177038035366,-0.4424116035629445,0.4114932347284073
0.06516513445605905,1.5487414010666303,-0.1332315980383438,-0.4158163272600162,0.26662353371098413,-0.7693177038035366,-0.4424116035629445,0.113144103928995
0.06516513445605905,0.5713708336889765,-0.1332315980383438,-0.8156836603213573,0.0115302178757523,-0.7693177038035366,-0.4424116035629445,0.31541470108113895
0.06516513445605905,1.5487414010666303,-0.1332315980383438,-0.9299314697674548,0.3825750409088168,-0.7693177038035366,1.5777327049436507,0.113144103928995
-1.1415966147302186,-0.731789922814562,-0.1332315980383438,-0.47294023198306495,0.45214594522751633,1.299853097174238,-0.4424116035629445,0.2092226375762634
0.06516513445605905,-0.731789922814562,-0.1332315980383438,-0.18732070836782133,0.0115302178757523,-0.7693177038035366,1.5777327049436507,0.2092226375762634
1.2719268836423367,-1.3833703010663312,-0.1332315980383438,-0.4158163272600162,-0.7305594281903766,-0.7693177038035366,-0.4424116035629445,0.07268998449856622
-1.1415966147302186,-0.731789922814562,-0.1332315980383438,-0.7585597555983086,0.24343323227141758,1.299853097174238,-0.4424116035629445,0.2092226375762634
0.06516513445605905,0.5713708336889765,-0.1332315980383438,-0.9870553744905034,0.0115302178757523,-0.7693177038035366,3.597877013450246,0.31541470108113895
-1.1415966147302186,1.5487414010666303,-0.1332315980383438,-0.5300641367061136,0.15067202651315148,1.299853097174238,-0.4424116035629445,0.113144103928995
-1.1415966147302186,1.5487414010666303,-0.1332315980383438,2.326131099446322,0.15067202651315148,1.299853097174238,-0.4424116035629445,0.113144103928995
1.2719268836423367,-1.3833703010663312,-0.1332315980383438,-0.4158163272600162,-0.19718249508034646,-0.7693177038035366,-0.4424116035629445,0.07268998449856622
0.06516513445605905,-1.3833703010663312,-0.1332315980383438,-0.4158163272600162,0.15067202651315148,-0.7693177038035366,-0.4424116035629445,0.07268998449856622
-1.1415966147302186,-0.08020954456279278,-0.1332315980383438,-0.3586924225369675,0.3593847394692502,1.299853097174238,-0.4424116035629445,0.4114932347284073
1.2719268836423367,-0.731789922814562,-0.1332315980383438,0.4410422435857146,0.0115302178757523,-0.7693177038035366,-0.4424116035629445,0.2092226375762634
1.2719268836423367,-1.3833703010663312,-0.1332315980383438,3.0687418608459556,0.3593847394692502,-0.7693177038035366,-0.4424116035629445,0.07268998449856622
0.06516513445605905,-1.3833703010663312,-0.1332315980383438,-0.3015685178139188,0.3593847394692502,-0.7693177038035366,1.5777327049436507,0.07268998449856622
1.2719268836423367,-0.731789922814562,-0.1332315980383438,0.3267944341396172,0.0115302178757523,-0.7693177038035366,-0.4424116035629445,0.2092226375762634
0.06516513445605905,0.5713708336889765,-0.1332315980383438,-0.07307289892172389,0.173862327952718,-0.7693177038035366,-0.4424116035629445,0.31541470108113895
0.06516513445605905,0.5713708336889765,-0.1332315980383438,-0.4158163272600162,0.3825750409088168,-0.7693177038035366,-0.4424116035629445,0.31541470108113895
-1.1415966147302186,0.5713708336889765,-0.1332315980383438,1.5835203380466891,0.173862327952718,1.299853097174238,1.5777327049436507,0.31541470108113895
1.2719268836423367,-1.3833703010663312,-0.1332315980383438,-0.7585597555983086,-0.17399219364077992,-0.7693177038035366,-0.4424116035629445,0.07268998449856622
-1.1415966147302186,0.5713708336889765,-0.1332315980383438,0.8980334813701044,0.24343323227141758,1.299853097174238,-0.4424116035629445,0.31541470108113895
-1.1415966147302186,1.5487414010666303,-0.1332315980383438,-0.5300641367061136,-0.19718249508034646,1.299853097174238,-0.4424116035629445,0.113144103928995
1.2719268836423367,1.5487414010666303,-0.1332315980383438,-0.5871880414291624,0.15067202651315148,-0.7693177038035366,-0.4424116035629445,0.113144103928995
0.06516513445605905,1.5487414010666303,-0.1332315980383438,-0.4158163272600162,0.173862327952718,-0.7693177038035366,-0.4424116035629445,0.113144103928995
-1.1415966147302186,1.5487414010666303,-0.1332315980383438,0.26967052941656844,0.15067202651315148,1.299853097174238,-0.4424116035629445,0.113144103928995
1.2719268836423367,-0.731789922814562,-0.1332315980383438,0.555290053031812,0.7072392610627481,-0.7693177038035366,-0.4424116035629445,0.2092226375762634
0.06516513445605905,-0.08020954456279278,-0.1332315980383438,0.155422719970471,0.3593847394692502,-0.7693177038035366,-0.4424116035629445,0.4114932347284073
-1.1415966147302186,-0.08020954456279278,-0.1332315980383438,1.8120159569388838,0.6608586581836151,1.299853097174238,-0.4424116035629445,0.4114932347284073
0.06516513445605905,1.5487414010666303,-0.1332315980383438,-0.47294023198306495,0.3593847394692502,-0.7693177038035366,1.5777327049436507,0.113144103928995
-1.1415966147302186,1.5487414010666303,-0.1332315980383438,0.3267944341396172,0.0115302178757523,1.299853097174238,-0.4424116035629445,0.113144103928995
0.06516513445605905,0.5713708336889765,-0.1332315980383438,0.6695378624779095,-0.19718249508034646,-0.7693177038035366,-0.4424116035629445,0.31541470108113895
-1.1415966147302186,-1.3833703010663312,-0.1332315980383438,1.6977681474927866,0.6608586581836151,1.299853097174238,-0.4424116035629445,0.07268998449856622
1.2719268836423367,1.5487414010666303,-0.1332315980383438,-0.7585597555983086,-0.12761159076164688,-0.7693177038035366,-0.4424116035629445,0.113144103928995
-1.1415966147302186,-0.731789922814562,-0.1332315980383438,-0.24444461309087007,0.6608586581836151,1.299853097174238,-0.4424116035629445,0.2092226375762634
0.06516513445605905,-0.08020954456279278,-0.1332315980383438,0.2125466246935197,0.6608586581836151,-0.7693177038035366,1.5777327049436507,0.4114932347284073
0.06516513445605905,0.5713708336889765,-0.1332315980383438,-0.47294023198306495,0.3593847394692502,-0.7693177038035366,-0.4424116035629445,0.31541470108113895
1.2719268836423367,-1.3833703010663312,-0.1332315980383438,-0.9299314697674548,-0.17399219364077992,-0.7693177038035366,-0.4424116035629445,0.07268998449856622
-1.1415966147302186,1.5487414010666303,-0.1332315980383438,-0.9870553744905034,0.24343323227141758,1.299853097174238,-0.4424116035629445,0.113144103928995
0.06516513445605905,-1.3833703010663312,-0.1332315980383438,2.6117506230615657,0.3825750409088168,-0.7693177038035366,-0.4424116035629445,0.07268998449856622
1.2719268836423367,1.5487414010666303,-0.1332315980383438,-0.7585597555983086,0.3593847394692502,-0.7693177038035366,-0.4424116035629445,0.113144103928995
0.06516513445605905,-0.08020954456279278,-0.1332315980383438,-0.24444461309087007,0.15067202651315148,-0.7693177038035366,-0.4424116035629445,0.4114932347284073
0.06516513445605905,1.5487414010666303,-0.1332315980383438,0.26967052941656844,0.7072392610627481,-0.7693177038035366,-0.4424116035629445,0.113144103928995
1.2719268836423367,-1.3833703010663312,-0.1332315980383438,0.8409095766470557,0.0115302178757523,-0.7693177038035366,-0.4424116035629445,0.07268998449856622
-1.1415966147302186,-0.08020954456279278,-0.1332315980383438,-0.13019680364477262,0.45214594522751633,1.299853097174238,-0.4424116035629445,0.4114932347284073
-1.1415966147302186,1.5487414010666303,-0.1332315980383438,-0.24444461309087007,-0.12761159076164688,1.299853097174238,-0.4424116035629445,0.113144103928995
-1.1415966147302186,-1.3833703010663312,-0.1332315980383438,0.2125466246935197,0.173862327952718,1.299853097174238,-0.4424116035629445,0.07268998449856622
-1.1415966147302186,-0.08020954456279278,-0.1332315980383438,1.0122812908162018,-0.7305594281903766,1.299853097174238,-0.4424116035629445,0.4114932347284073
-1.1415966147302186,-0.08020954456279278,-0.1332315980383438,0.9551573860931531,0.15067202651315148,1.299853097174238,-0.4424116035629445,0.4114932347284073
-1.1415966147302186,-0.08020954456279278,-0.1332315980383438,-0.872807565044406,0.6608586581836151,1.299853097174238,-0.4424116035629445,0.4114932347284073
1.2719268836423367,1.5487414010666303,-0.1332315980383438,-0.01594899419867517,0.3593847394692502,-0.7693177038035366,-0.4424116035629445,0.113144103928995
-1.1415966147302186,0.5713708336889765,-0.1332315980383438,-0.3586924225369675,0.45214594522751633,1.299853097174238,-0.4424116035629445,0.31541470108113895
-1.1415966147302186,-0.08020954456279278,-0.1332315980383438,3.582857003353394,0.3593847394692502,1.299853097174238,-0.4424116035629445,0.4114932347284073
-1.1415966147302186,-0.08020954456279278,-0.1332315980383438,2.2690071947232737,0.3825750409088168,1.299853097174238,-0.4424116035629445,0.4114932347284073
0.06516513445605905,-0.731789922814562,-0.1332315980383438,-0.5871880414291624,0.15067202651315148,-0.7693177038035366,-0.4424116035629445,0.2092226375762634
0.06516513445605905,1.5487414010666303,-0.1332315980383438,-0.9299314697674548,0.7072392610627481,-0.7693177038035366,-0.4424116035629445,0.113144103928995
1.2719268836423367,-0.08020954456279278,-0.1332315980383438,-0.6443119461522111,0.0115302178757523,-0.7693177038035366,-0.4424116035629445,0.4114932347284073
1.2719268836423367,1.5487414010666303,-0.1332315980383438,-0.6443119461522111,0.6608586581836151,-0.7693177038035366,-0.4424116035629445,0.113144103928995
-1.1415966147302186,-0.08020954456279278,-0.1332315980383438,-0.872807565044406,0.15067202651315148,1.299853097174238,-0.4424116035629445,0.4114932347284073
1.2719268836423367,1.5487414010666303,-0.1332315980383438,0.555290053031812,0.7072392610627481,-0.7693177038035366,1.5777327049436507,0.113144103928995
0.06516513445605905,-0.731789922814562,-0.1332315980383438,-0.872807565044406,0.15067202651315148,-0.7693177038035366,1.5777327049436507,0.2092226375762634
-1.1415966147302186,-0.731789922814562,-0.1332315980383438,-0.3586924225369675,0.6608586581836151,1.299853097174238,1.5777327049436507,0.2092226375762634
1.2719268836423367,-0.731789922814562,-0.1332315980383438,-0.13019680364477262,-0.19718249508034646,-0.7693177038035366,-0.4424116035629445,0.2092226375762634
0.06516513445605905,-0.731789922814562,-0.1332315980383438,-0.8156836603213573,0.3825750409088168,-0.7693177038035366,-0.4424116035629445,0.2092226375762634
1.2719268836423367,-0.08020954456279278,-0.1332315980383438,-0.6443119461522111,0.7072392610627481,-0.7693177038035366,1.5777327049436507,0.4114932347284073
-1.1415966147302186,-0.731789922814562,-0.1332315980383438,-0.872807565044406,-0.19718249508034646,1.299853097174238,1.5777327049436507,0.2092226375762634
0.06516513445605905,-0.08020954456279278,-0.1332315980383438,-0.3586924225369675,0.05791082075488536,-0.7693177038035366,-0.4424116035629445,0.4114932347284073
1.2719268836423367,1.5487414010666303,-0.1332315980383438,-0.7585597555983086,0.0115302178757523,-0.7693177038035366,-0.4424116035629445,0.113144103928995
0.06516513445605905,-0.731789922814562,-0.1332315980383438,-0.9299314697674548,0.3361944380296837,-0.7693177038035366,-0.4424116035629445,0.2092226375762634
0.06516513445605905,-1.3833703010663312,-0.1332315980383438,-0.9870553744905034,0.3593847394692502,-0.7693177038035366,-0.4424116035629445,0.07268998449856622
1.2719268836423367,-0.08020954456279278,-0.1332315980383438,1.8691398616619324,0.45214594522751633,-0.7693177038035366,-0.4424116035629445,0.4114932347284073
0.06516513445605905,-0.731789922814562,-0.1332315980383438,1.3550247191544942,0.6608586581836151,-0.7693177038035366,-0.4424116035629445,0.2092226375762634
1.2719268836423367,0.5713708336889765,-0.1332315980383438,0.26967052941656844,-0.12761159076164688,-0.7693177038035366,-0.4424116035629445,0.31541470108113895
-1.1415966147302186,1.5487414010666303,-0.1332315980383438,-0.3015685178139188,0.3361944380296837,1.299853097174238,-0.4424116035629445,0.113144103928995
0.06516513445605905,0.5713708336889765,-0.1332315980383438,-0.3015685178139188,0.3825750409088168,-0.7693177038035366,-0.4424116035629445,0.31541470108113895
-1.1415966147302186,0.5713708336889765,-0.1332315980383438,-0.5300641367061136,0.24343323227141758,1.299853097174238,-0.4424116035629445,0.31541470108113895
1.2719268836423367,0.5713708336889765,-0.1332315980383438,-0.01594899419867517,0.15067202651315148,-0.7693177038035366,-0.4424116035629445,0.31541470108113895
1.2719268836423367,1.5487414010666303,-0.1332315980383438,-0.9299314697674548,0.45214594522751633,-0.7693177038035366,-0.4424116035629445,0.113144103928995
-1.1415966147302186,-1.3833703010663312,-0.1332315980383438,-0.5871880414291624,0.15067202651315148,1.299853097174238,1.5777327049436507,0.07268998449856622
-1.1415966147302186,-0.731789922814562,-0.1332315980383438,-0.5300641367061136,0.15067202651315148,1.299853097174238,3.597877013450246,0.2092226375762634
1.2719268836423367,0.5713708336889765,-0.1332315980383438,-0.01594899419867517,0.05791082075488536,-0.7693177038035366,-0.4424116035629445,0.31541470108113895
1.2719268836423367,1.5487414010666303,-0.1332315980383438,1.6406442427697379,0.24343323227141758,-0.7693177038035366,-0.4424116035629445,0.113144103928995
0.06516513445605905,-0.731789922814562,-0.1332315980383438,0.6695378624779095,0.3593847394692502,-0.7693177038035366,-0.4424116035629445,0.2092226375762634
0.06516513445605905,-0.08020954456279278,-0.1332315980383438,2.725998432507663,-0.12761159076164688,-0.7693177038035366,-0.4424116035629445,0.4114932347284073
0.06516513445605905,0.5713708336889765,-0.1332315980383438,0.2125466246935197,0.6608586581836151,-0.7693177038035366,-0.4424116035629445,0.31541470108113895
1.2719268836423367,1.5487414010666303,-0.1332315980383438,2.3832550041693707,0.3361944380296837,-0.7693177038035366,-0.4424116035629445,0.113144103928995
1.2719268836423367,-0.08020954456279278,-0.1332315980383438,-0.24444461309087007,0.0115302178757523,-0.7693177038035366,-0.4424116035629445,0.4114932347284073
0.06516513445605905,0.5713708336889765,-0.1332315980383438,0.9551573860931531,0.24343323227141758,-0.7693177038035366,-0.4424116035629445,0.31541470108113895
-1.1415966147302186,-0.08020954456279278,-0.1332315980383438,0.8980334813701044,-0.19718249508034646,1.299853097174238,-0.4424116035629445,0.4114932347284073
0.06516513445605905,0.5713708336889765,-0.1332315980383438,-0.872807565044406,0.3593847394692502,-0.7693177038035366,-0.4424116035629445,0.31541470108113895
-1.1415966147302186,1.5487414010666303,-0.1332315980383438,-0.4158163272600162,0.3593847394692502,1.299853097174238,-0.4424116035629445,0.113144103928995
0.06516513445605905,-0.08020954456279278,-0.1332315980383438,0.3267944341396172,0.7072392610627481,-0.7693177038035366,-0.4424116035629445,0.4114932347284073
1.2719268836423367,1.5487414010666303,-0.1332315980383438,-0.07307289892172389,0.7072392610627481,-0.7693177038035366,1.5777327049436507,0.113144103928995
1.2719268836423367,-0.731789922814562,-0.1332315980383438,-0.9299314697674548,0.15067202651315148,-0.7693177038035366,-0.4424116035629445,0.2092226375762634
-1.1415966147302186,1.5487414010666303,-0.1332315980383438,-0.9299314697674548,0.6608586581836151,1.299853097174238,-0.4424116035629445,0.113144103928995
1.2719268836423367,1.5487414010666303,-0.1332315980383438,-0.4158163272600162,0.45214594522751633,-0.7693177038035366,-0.4424116035629445,0.113144103928995
1.2719268836423367,0.5713708336889765,-0.1332315980383438,-0.18732070836782133,0.3593847394692502,-0.7693177038035366,-0.4424116035629445,0.31541470108113895
-1.1415966147302186,1.5487414010666303,-0.1332315980383438,1.412148623877543,0.3825750409088168,1.299853097174238,-0.4424116035629445,0.113144103928995
0.06516513445605905,-0.731789922814562,-0.1332315980383438,1.8691398616619324,0.3825750409088168,-0.7693177038035366,1.5777327049436507,0.2092226375762634
0.06516513445605905,-0.731789922814562,-0.1332315980383438,-0.8156836603213573,0.26662353371098413,-0.7693177038035366,-0.4424116035629445,0.2092226375762634
1.2719268836423367,-0.731789922814562,-0.1332315980383438,-0.9299314697674548,0.3593847394692502,-0.7693177038035366,-0.4424116035629445,0.2092226375762634
-1.1415966147302186,-0.731789922814562,-0.1332315980383438,-0.24444461309087007,0.7072392610627481,1.299853097174238,-0.4424116035629445,0.2092226375762634
0.06516513445605905,0.5713708336889765,-0.1332315980383438,0.7266617672009582,0.3593847394692502,-0.7693177038035366,1.5777327049436507,0.31541470108113895
0.06516513445605905,-1.3833703010663312,-0.1332315980383438,-0.24444461309087007,0.6608586581836151,-0.7693177038035366,-0.4424116035629445,0.07268998449856622
1.2719268836423367,0.5713708336889765,-0.1332315980383438,-0.6443119461522111,0.45214594522751633,-0.7693177038035366,-0.4424116035629445,0.31541470108113895
-1.1415966147302186,1.5487414010666303,-0.1332315980383438,2.0976354805541275,0.15067202651315148,1.299853097174238,-0.4424116035629445,0.113144103928995
0.06516513445605905,-0.731789922814562,-0.1332315980383438,-0.7585597555983086,0.05791082075488536,-0.7693177038035366,-0.4424116035629445,0.2092226375762634
-1.1415966147302186,0.5713708336889765,-0.1332315980383438,-0.9299314697674548,0.6608586581836151,1.299853097174238,-0.4424116035629445,0.31541470108113895
0.06516513445605905,-0.08020954456279278,-0.1332315980383438,0.555290053031812,-0.12761159076164688,-0.7693177038035366,-0.4424116035629445,0.4114932347284073
0.06516513445605905,0.5713708336889765,-0.1332315980383438,-0.9870553744905034,0.15067202651315148,-0.7693177038035366,-0.4424116035629445,0.31541470108113895
0.06516513445605905,0.5713708336889765,-0.1332315980383438,0.4410422435857146,-0.12761159076164688,-0.7693177038035366,1.5777327049436507,0.31541470108113895
-1.1415966147302186,-0.08020954456279278,-0.1332315980383438,0.041174910524373554,0.6608586581836151,1.299853097174238,-0.4424116035629445,0.4114932347284073
1.2719268836423367,-0.08020954456279278,-0.1332315980383438,0.3267944341396172,0.6608586581836151,-0.7693177038035366,1.5777327049436507,0.4114932347284073
1.2719268836423367,0.5713708336889765,-0.1332315980383438,0.09829881524742227,0.45214594522751633,-0.7693177038035366,-0.4424116035629445,0.31541470108113895
-1.1415966147302186,-1.3833703010663312,-0.1332315980383438,-0.4158163272600162,0.3361944380296837,1.299853097174238,-0.4424116035629445,0.07268998449856622
1.2719268836423367,-1.3833703010663312,-0.1332315980383438,-0.872807565044406,0.26662353371098413,-0.7693177038035366,-0.4424116035629445,0.07268998449856622
-1.1415966147302186,0.5713708336889765,-0.1332315980383438,2.0976354805541275,0.173862327952718,1.299853097174238,-0.4424116035629445,0.31541470108113895
1.2719268836423367,1.5487414010666303,-0.1332315980383438,-0.47294023198306495,-0.19718249508034646,-0.7693177038035366,-0.4424116035629445,0.113144103928995
0.06516513445605905,-0.731789922814562,-0.1332315980383438,-0.01594899419867517,-0.12761159076164688,-0.7693177038035366,-0.4424116035629445,0.2092226375762634
1.2719268836423367,-0.731789922814562,-0.1332315980383438,-0.9870553744905034,0.6608586581836151,-0.7693177038035366,-0.4424116035629445,0.2092226375762634
0.06516513445605905,-0.731789922814562,0.005551316584930868,2.783122337230712,0.05791082075488536,-0.7693177038035366,-0.4424116035629445,0.2092226375762634
-1.1415966147302186,-0.08020954456279278,0.005551316584930868,1.1265291002622992,0.6608586581836151,1.299853097174238,-0.4424116035629445,0.4114932347284073
0.06516513445605905,0.5713708336889765,0.005551316584930868,-0.3586924225369675,-0.12761159076164688,-0.7693177038035366,-0.4424116035629445,0.31541470108113895
0.06516513445605905,-0.731789922814562,0.005551316584930868,-0.8156836603213573,0.6608586581836151,-0.7693177038035366,-0.4424116035629445,0.2092226375762634
1.2719268836423367,-0.08020954456279278,0.005551316584930868,-0.5871880414291624,0.6608586581836151,-0.7693177038035366,1.5777327049436507,0.4114932347284073
-1.1415966147302186,-0.731789922814562,0.005551316584930868,-0.9299314697674548,-0.7305594281903766,1.299853097174238,-0.4424116035629445,0.2092226375762634
-1.1415966147302186,1.5487414010666303,0.005551316584930868,-0.7014358508752598,0.7072392610627481,1.299853097174238,-0.4424116035629445,0.113144103928995
0.06516513445605905,1.5487414010666303,0.005551316584930868,-0.9299314697674548,0.24343323227141758,-0.7693177038035366,-0.4424116035629445,0.113144103928995
0.06516513445605905,0.5713708336889765,0.005551316584930868,0.26967052941656844,0.3593847394692502,-0.7693177038035366,-0.4424116035629445,0.31541470108113895
-1.1415966147302186,-0.08020954456279278,0.005551316584930868,-0.13019680364477262,0.0115302178757523,1.299853097174238,-0.4424116035629445,0.4114932347284073
-1.1415966147302186,-1.3833703010663312,0.005551316584930868,0.2125466246935197,-0.12761159076164688,1.299853097174238,-0.4424116035629445,0.07268998449856622
0.06516513445605905,-0.731789922814562,0.005551316584930868,-0.7014358508752598,0.05791082075488536,-0.7693177038035366,-0.4424116035629445,0.2092226375762634
0.06516513445605905,-0.731789922814562,0.005551316584930868,-0.24444461309087007,0.3361944380296837,-0.7693177038035366,-0.4424116035629445,0.2092226375762634
1.2719268836423367,-0.731789922814562,0.005551316584930868,-0.9299314697674548,-0.7305594281903766,-0.7693177038035366,-0.4424116035629445,0.2092226375762634
0.06516513445605905,0.5713708336889765,0.005551316584930868,-0.5300641367061136,0.173862327952718,-0.7693177038035366,-0.4424116035629445,0.31541470108113895
-1.1415966147302186,0.5713708336889765,0.005551316584930868,-0.3586924225369675,0.3361944380296837,1.299853097174238,1.5777327049436507,0.31541470108113895
0.06516513445605905,-1.3833703010663312,0.005551316584930868,0.2125466246935197,0.6608586581836151,-0.7693177038035366,-0.4424116035629445,0.07268998449856622
1.2719268836423367,1.5487414010666303,0.005551316584930868,4.325467764753028,0.7072392610627481,-0.7693177038035366,-0.4424116035629445,0.113144103928995
0.06516513445605905,0.5713708336889765,0.005551316584930868,1.0694051955392505,0.24343323227141758,-0.7693177038035366,-0.4424116035629445,0.31541470108113895
0.06516513445605905,-0.731789922814562,0.005551316584930868,-0.5871880414291624,0.3593847394692502,-0.7693177038035366,-0.4424116035629445,0.2092226375762634
-1.1415966147302186,1.5487414010666303,0.005551316584930868,-0.01594899419867517,-0.12761159076164688,1.299853097174238,-0.4424116035629445,0.113144103928995
1.2719268836423367,-0.731789922814562,0.005551316584930868,1.5835203380466891,0.6608586581836151,-0.7693177038035366,-0.4424116035629445,0.2092226375762634
1.2719268836423367,1.5487414010666303,0.005551316584930868,1.2979008144314454,0.05791082075488536,-0.7693177038035366,-0.4424116035629445,0.113144103928995
1.2719268836423367,0.5713708336889765,0.005551316584930868,1.1265291002622992,0.3825750409088168,-0.7693177038035366,-0.4424116035629445,0.31541470108113895
0.06516513445605905,-0.08020954456279278,0.005551316584930868,-0.3586924225369675,0.45214594522751633,-0.7693177038035366,-0.4424116035629445,0.4114932347284073
1.2719268836423367,-0.08020954456279278,0.005551316584930868,-0.872807565044406,0.173862327952718,-0.7693177038035366,-0.4424116035629445,0.4114932347284073
1.2719268836423367,-0.08020954456279278,0.005551316584930868,3.1258657655690043,0.3825750409088168,-0.7693177038035366,-0.4424116035629445,0.4114932347284073
-1.1415966147302186,-0.731789922814562,0.005551316584930868,-0.6443119461522111,-0.17399219364077992,1.299853097174238,-0.4424116035629445,0.2092226375762634
0.06516513445605905,0.5713708336889765,0.005551316584930868,-0.18732070836782133,0.3825750409088168,-0.7693177038035366,1.5777327049436507,0.31541470108113895
1.2719268836423367,1.5487414010666303,0.005551316584930868,-0.47294023198306495,-0.17399219364077992,-0.7693177038035366,1.5777327049436507,0.113144103928995
0.06516513445605905,-1.3833703010663312,0.005551316584930868,0.3839183388626659,0.3825750409088168,-0.7693177038035366,3.597877013450246,0.07268998449856622
-1.1415966147302186,0.5713708336889765,0.005551316584930868,-0.3015685178139188,0.3361944380296837,1.299853097174238,-0.4424116035629445,0.31541470108113895
-1.1415966147302186,-0.08020954456279278,0.005551316584930868,-0.47294023198306495,0.7072392610627481,1.299853097174238,-0.4424116035629445,0.4114932347284073
-1.1415966147302186,0.5713708336889765,0.005551316584930868,0.7837856719240069,0.173862327952718,1.299853097174238,-0.4424116035629445,0.31541470108113895
0.06516513445605905,-0.731789922814562,0.005551316584930868,0.7266617672009582,0.6608586581836151,-0.7693177038035366,-0.4424116035629445,0.2092226375762634
-1.1415966147302186,1.5487414010666303,0.005551316584930868,3.1258657655690043,0.3593847394692502,1.299853097174238,-0.4424116035629445,0.113144103928995
0.06516513445605905,-0.08020954456279278,0.005551316584930868,-0.7585597555983086,0.15067202651315148,-0.7693177038035366,-0.4424116035629445,0.4114932347284073
1.2719268836423367,-0.08020954456279278,0.005551316584930868,-0.9299314697674548,0.26662353371098413,-0.7693177038035366,-0.4424116035629445,0.4114932347284073
0.06516513445605905,-1.3833703010663312,0.005551316584930868,-0.5300641367061136,0.3825750409088168,-0.7693177038035366,-0.4424116035629445,0.07268998449856622
0.06516513445605905,-0.08020954456279278,0.005551316584930868,-0.8156836603213573,0.0115302178757523,-0.7693177038035366,-0.4424116035629445,0.4114932347284073
1.2719268836423367,1.5487414010666303,0.005551316584930868,0.555290053031812,-0.7305594281903766,-0.7693177038035366,-0.4424116035629445,0.113144103928995
1.2719268836423367,-1.3833703010663312,0.005551316584930868,-0.872807565044406,0.15067202651315148,-0.7693177038035366,-0.4424116035629445,0.07268998449856622
1.2719268836423367,-1.3833703010663312,0.005551316584930868,-0.24444461309087007,0.3593847394692502,-0.7693177038035366,-0.4424116035629445,0.07268998449856622
-1.1415966147302186,0.5713708336889765,0.005551316584930868,0.8980334813701044,0.3361944380296837,1.299853097174238,-0.4424116035629445,0.31541470108113895
-1.1415966147302186,-0.731789922814562,0.005551316584930868,1.4692725286005917,-0.12761159076164688,1.299853097174238,-0.4424116035629445,0.2092226375762634
-1.1415966147302186,1.5487414010666303,0.005551316584930868,1.0122812908162018,0.3593847394692502,1.299853097174238,-0.4424116035629445,0.113144103928995
0.06516513445605905,0.5713708336889765,0.005551316584930868,-0.24444461309087007,-0.17399219364077992,-0.7693177038035366,-0.4424116035629445,0.31541470108113895
-1.1415966147302186,1.5487414010666303,0.005551316584930868,-0.07307289892172389,0.05791082075488536,1.299853097174238,-0.4424116035629445,0.113144103928995
1.2719268836423367,1.5487414010666303,0.005551316584930868,1.0694051955392505,0.7072392610627481,-0.7693177038035366,-0.4424116035629445,0.113144103928995
-1.1415966147302186,-0.731789922814562,0.005551316584930868,-0.6443119461522111,0.24343323227141758,1.299853097174238,-0.4424116035629445,0.2092226375762634
0.06516513445605905,-0.731789922814562,0.005551316584930868,-0.3015685178139188,0.6608586581836151,-0.7693177038035366,-0.4424116035629445,0.2092226375762634
-1.1415966147302186,1.5487414010666303,0.005551316584930868,2.326131099446322,0.0115302178757523,1.299853097174238,-0.4424116035629445,0.113144103928995
1.2719268836423367,1.5487414010666303,0.005551316584930868,-0.872807565044406,0.6608586581836151,-0.7693177038035366,-0.4424116035629445,0.113144103928995
1.2719268836423367,-1.3833703010663312,0.005551316584930868,1.5263964333236404,0.45214594522751633,-0.7693177038035366,-0.4424116035629445,0.07268998449856622
-1.1415966147302186,-1.3833703010663312,0.005551316584930868,-0.5871880414291624,-0.19718249508034646,1.299853097174238,-0.4424116035629445,0.07268998449856622
0.06516513445605905,1.5487414010666303,0.005551316584930868,-0.5871880414291624,0.7072392610627481,-0.7693177038035366,-0.4424116035629445,0.113144103928995
0.06516513445605905,-1.3833703010663312,0.005551316584930868,-0.9870553744905034,0.26662353371098413,-0.7693177038035366,-0.4424116035629445,0.07268998449856622
-1.1415966147302186,0.5713708336889765,0.005551316584930868,0.3267944341396172,0.7072392610627481,1.299853097174238,1.5777327049436507,0.31541470108113895
0.06516513445605905,1.5487414010666303,0.005551316584930868,-0.5300641367061136,0.26662353371098413,-0.7693177038035366,1.5777327049436507,0.113144103928995
-1.1415966147302186,-1.3833703010663312,0.005551316584930868,-0.07307289892172389,0.7072392610627481,1.299853097174238,3.597877013450246,0.07268998449856622
1.2719268836423367,-0.08020954456279278,0.005551316584930868,2.0976354805541275,0.3593847394692502,-0.7693177038035366,-0.4424116035629445,0.4114932347284073
0.06516513445605905,1.5487414010666303,0.005551316584930868,-0.7585597555983086,0.45214594522751633,-0.7693177038035366,-0.4424116035629445,0.113144103928995
-1.1415966147302186,-1.3833703010663312,0.005551316584930868,-0.7585597555983086,0.3361944380296837,1.299853097174238,-0.4424116035629445,0.07268998449856622
-1.1415966147302186,-1.3833703010663312,0.005551316584930868,-0.7585597555983086,0.3593847394692502,1.299853097174238,-0.4424116035629445,0.07268998449856622
-1.1415966147302186,-1.3833703010663312,0.005551316584930868,-0.24444461309087007,0.3361944380296837,1.299853097174238,1.5777327049436507,0.07268998449856622
-1.1415966147302186,-0.08020954456279278,0.005551316584930868,0.4410422435857146,0.3825750409088168,1.299853097174238,-0.4424116035629445,0.4114932347284073
-1.1415966147302186,-0.08020954456279278,0.005551316584930868,2.211883290000225,0.3361944380296837,1.299853097174238,-0.4424116035629445,0.4114932347284073
-1.1415966147302186,-0.731789922814562,0.005551316584930868,3.0687418608459556,0.15067202651315148,1.299853097174238,-0.4424116035629445,0.2092226375762634
1.2719268836423367,-1.3833703010663312,0.005551316584930868,-0.01594899419867517,-0.17399219364077992,-0.7693177038035366,-0.4424116035629445,0.07268998449856622
0.06516513445605905,-0.731789922814562,0.005551316584930868,-0.3015685178139188,0.6608586581836151,-0.7693177038035366,-0.4424116035629445,0.2092226375762634
0.06516513445605905,0.5713708336889765,0.005551316584930868,-0.7014358508752598,-0.17399219364077992,-0.7693177038035366,1.5777327049436507,0.31541470108113895
-1.1415966147302186,-0.08020954456279278,0.005551316584930868,-0.9299314697674548,0.3825750409088168,1.299853097174238,-0.4424116035629445,0.4114932347284073
0.06516513445605905,-0.08020954456279278,0.005551316584930868,-0.8156836603213573,-0.17399219364077992,-0.7693177038035366,3.597877013450246,0.4114932347284073
-1.1415966147302186,-0.731789922814562,0.005551316584930868,-0.47294023198306495,0.45214594522751633,1.299853097174238,-0.4424116035629445,0.2092226375762634
1.2719268836423367,-0.731789922814562,0.005551316584930868,-0.872807565044406,0.6608586581836151,-0.7693177038035366,-0.4424116035629445,0.2092226375762634
1.2719268836423367,1.5487414010666303,0.005551316584930868,-0.4158163272600162,0.26662353371098413,-0.7693177038035366,-0.4424116035629445,0.113144103928995
-1.1415966147302186,-0.08020954456279278,0.005551316584930868,-0.3586924225369675,0.7072392610627481,1.299853097174238,-0.4424116035629445,0.4114932347284073
0.06516513445605905,-1.3833703010663312,0.005551316584930868,0.09829881524742227,0.15067202651315148,-0.7693177038035366,-0.4424116035629445,0.07268998449856622
1.2719268836423367,1.5487414010666303,0.005551316584930868,-0.4158163272600162,-0.12761159076164688,-0.7693177038035366,-0.4424116035629445,0.113144103928995
1.2719268836423367,0.5713708336889765,0.005551316584930868,-0.872807565044406,-0.19718249508034646,-0.7693177038035366,-0.4424116035629445,0.31541470108113895
0.06516513445605905,-0.08020954456279278,0.005551316584930868,0.155422719970471,0.45214594522751633,-0.7693177038035366,-0.4424116035629445,0.4114932347284073
1.2719268836423367,-1.3833703010663312,0.005551316584930868,-0.8156836603213573,0.6608586581836151,-0.7693177038035366,-0.4424116035629445,0.07268998449856622
-1.1415966147302186,0.5713708336889765,0.005551316584930868,-0.6443119461522111,0.7072392610627481,1.299853097174238,-0.4424116035629445,0.31541470108113895
0.06516513445605905,-0.08020954456279278,0.005551316584930868,-0.7014358508752598,0.3593847394692502,-0.7693177038035366,-0.4424116035629445,0.4114932347284073
0.06516513445605905,-0.08020954456279278,0.005551316584930868,0.7266617672009582,-0.7305594281903766,-0.7693177038035366,-0.4424116035629445,0.4114932347284073
0.06516513445605905,1.5487414010666303,0.005551316584930868,-0.24444461309087007,0.24343323227141758,-0.7693177038035366,-0.4424116035629445,0.113144103928995
0.06516513445605905,0.5713708336889765,0.005551316584930868,-0.3586924225369675,0.3593847394692502,-0.7693177038035366,-0.4424116035629445,0.31541470108113895
-1.1415966147302186,-0.731789922814562,0.005551316584930868,-0.8156836603213573,-0.7305594281903766,1.299853097174238,1.5777327049436507,0.2092226375762634
0.06516513445605905,-1.3833703010663312,0.005551316584930868,-0.24444461309087007,0.6608586581836151,-0.7693177038035366,-0.4424116035629445,0.07268998449856622
1.2719268836423367,1.5487414010666303,0.005551316584930868,-0.5300641367061136,0.6608586581836151,-0.7693177038035366,1.5777327049436507,0.113144103928995
1.2719268836423367,-0.08020954456279278,0.005551316584930868,-0.9299314697674548,0.24343323227141758,-0.7693177038035366,1.5777327049436507,0.4114932347284073
-1.1415966147302186,-0.731789922814562,0.005551316584930868,0.9551573860931531,0.7072392610627481,1.299853097174238,-0.4424116035629445,0.2092226375762634
1.2719268836423367,0.5713708336889765,0.005551316584930868,0.4410422435857146,0.3361944380296837,-0.7693177038035366,-0.4424116035629445,0.31541470108113895
1.2719268836423367,-0.731789922814562,0.005551316584930868,0.2125466246935197,0.45214594522751633,-0.7693177038035366,-0.4424116035629445,0.2092226375762634
-1.1415966147302186,-0.08020954456279278,0.005551316584930868,-0.872807565044406,-0.17399219364077992,1.299853097174238,-0.4424116035629445,0.4114932347284073
0.06516513445605905,-0.08020954456279278,0.005551316584930868,-0.6443119461522111,0.3593847394692502,-0.7693177038035366,-0.4424116035629445,0.4114932347284073
1.2719268836423367,1.5487414010666303,0.005551316584930868,0.7266617672009582,0.05791082075488536,-0.7693177038035366,-0.4424116035629445,0.113144103928995
1.2719268836423367,1.5487414010666303,0.005551316584930868,-0.9870553744905034,-0.7305594281903766,-0.7693177038035366,-0.4424116035629445,0.113144103928995
-1.1415966147302186,1.5487414010666303,0.005551316584930868,0.4981661483087633,-0.19718249508034646,1.299853097174238,-0.4424116035629445,0.113144103928995
-1.1415966147302186,1.5487414010666303,0.005551316584930868,-0.7585597555983086,0.15067202651315148,1.299853097174238,-0.4424116035629445,0.113144103928995
1.2719268836423367,-1.3833703010663312,0.005551316584930868,-0.6443119461522111,0.3593847394692502,-0.7693177038035366,-0.4424116035629445,0.07268998449856622
1.2719268836423367,0.5713708336889765,0.005551316584930868,-0.9870553744905034,0.173862327952718,-0.7693177038035366,-0.4424116035629445,0.31541470108113895
0.06516513445605905,-0.731789922814562,0.005551316584930868,0.4981661483087633,0.173862327952718,-0.7693177038035366,1.5777327049436507,0.2092226375762634
0.06516513445605905,1.5487414010666303,0.005551316584930868,-0.01594899419867517,0.15067202651315148,-0.7693177038035366,-0.4424116035629445,0.113144103928995
0.06516513445605905,-0.08020954456279278,0.005551316584930868,-0.13019680364477262,-0.19718249508034646,-0.7693177038035366,-0.4424116035629445,0.4114932347284073
-1.1415966147302186,1.5487414010666303,0.005551316584930868,-0.7014358508752598,-0.12761159076164688,1.299853097174238,-0.4424116035629445,0.113144103928995
-1.1415966147302186,0.5713708336889765,0.005551316584930868,-0.9870553744905034,0.173862327952718,1.299853097174238,1.5777327049436507,0.31541470108113895
0.06516513445605905,-0.731789922814562,0.005551316584930868,-0.7585597555983086,0.3825750409088168,-0.7693177038035366,-0.4424116035629445,0.2092226375762634
1.2719268836423367,1.5487414010666303,0.005551316584930868,-0.3015685178139188,0.0115302178757523,-0.7693177038035366,-0.4424116035629445,0.113144103928995
0.06516513445605905,1.5487414010666303,0.005551316584930868,-0.47294023198306495,0.3825750409088168,-0.7693177038035366,1.5777327049436507,0.113144103928995
-1.1415966147302186,-1.3833703010663312,0.005551316584930868,-0.4158163272600162,0.0115302178757523,1.299853097174238,1.5777327049436507,0.07268998449856622
-1.1415966147302186,-0.08020954456279278,0.005551316584930868,-0.9299314697674548,0.3593847394692502,1.299853097174238,-0.4424116035629445,0.4114932347284073
-1.1415966147302186,-0.08020954456279278,0.005551316584930868,0.041174910524373554,0.6608586581836151,1.299853097174238,-0.4424116035629445,0.4114932347284073
1.2719268836423367,1.5487414010666303,0.005551316584930868,-0.5871880414291624,0.7072392610627481,-0.7693177038035366,-0.4424116035629445,0.113144103928995
-1.1415966147302186,-0.08020954456279278,0.005551316584930868,-0.5300641367061136,0.3593847394692502,1.299853097174238,-0.4424116035629445,0.4114932347284073
1.2719268836423367,-1.3833703010663312,0.005551316584930868,1.2979008144314454,0.3593847394692502,-0.7693177038035366,1.5777327049436507,0.07268998449856622
-1.1415966147302186,-0.08020954456279278,0.005551316584930868,1.0694051955392505,-0.12761159076164688,1.299853097174238,-0.4424116035629445,0.4114932347284073
1.2719268836423367,1.5487414010666303,0.005551316584930868,-0.5300641367061136,-0.7305594281903766,-0.7693177038035366,-0.4424116035629445,0.113144103928995
1.2719268836423367,-1.3833703010663312,0.005551316584930868,-0.3015685178139188,0.0115302178757523,-0.7693177038035366,-0.4424116035629445,0.07268998449856622
0.06516513445605905,-1.3833703010663312,0.005551316584930868,-0.8156836603213573,0.05791082075488536,-0.7693177038035366,-0.4424116035629445,0.07268998449856622
-1.1415966147302186,-0.731789922814562,0.005551316584930868,-0.9299314697674548,-0.19718249508034646,1.299853097174238,-0.4424116035629445,0.2092226375762634
1.2719268836423367,-0.731789922814562,0.005551316584930868,0.4410422435857146,0.0115302178757523,-0.7693177038035366,1.5777327049436507,0.2092226375762634
1.2719268836423367,0.5713708336889765,0.005551316584930868,-0.3015685178139188,0.24343323227141758,-0.7693177038035366,-0.4424116035629445,0.31541470108113895
1.2719268836423367,0.5713708336889765,0.005551316584930868,0.6124139577548607,0.0115302178757523,-0.7693177038035366,1.5777327049436507,0.31541470108113895
0.06516513445605905,-1.3833703010663312,0.005551316584930868,1.3550247191544942,0.0115302178757523,-0.7693177038035366,1.5777327049436507,0.07268998449856622
0.06516513445605905,0.5713708336889765,0.005551316584930868,-0.6443119461522111,0.3825750409088168,-0.7693177038035366,-0.4424116035629445,0.31541470108113895
0.06516513445605905,-0.731789922814562,0.005551316584930868,1.4692725286005917,0.3361944380296837,-0.7693177038035366,-0.4424116035629445,0.2092226375762634
-1.1415966147302186,-0.08020954456279278,0.005551316584930868,-0.5871880414291624,0.3593847394692502,1.299853097174238,-0.4424116035629445,0.4114932347284073
-1.1415966147302186,-0.731789922814562,0.005551316584930868,0.26967052941656844,0.3361944380296837,1.299853097174238,1.5777327049436507,0.2092226375762634
0.06516513445605905,-1.3833703010663312,0.005551316584930868,-0.07307289892172389,0.26662353371098413,-0.7693177038035366,-0.4424116035629445,0.07268998449856622
-1.1415966147302186,-0.08020954456279278,0.005551316584930868,0.3839183388626659,0.15067202651315148,1.299853097174238,-0.4424116035629445,0.4114932347284073
-1.1415966147302186,-0.08020954456279278,0.005551316584930868,-0.18732070836782133,0.3593847394692502,1.299853097174238,-0.4424116035629445,0.4114932347284073
-1.1415966147302186,-0.731789922814562,0.005551316584930868,-0.9870553744905034,0.26662353371098413,1.299853097174238,1.5777327049436507,0.2092226375762634
1.2719268836423367,-0.08020954456279278,0.005551316584930868,-0.9870553744905034,0.3593847394692502,-0.7693177038035366,-0.4424116035629445,0.4114932347284073
0.06516513445605905,-0.08020954456279278,0.005551316584930868,-0.872807565044406,0.26662353371098413,-0.7693177038035366,3.597877013450246,0.4114932347284073
-1.1415966147302186,1.5487414010666303,0.005551316584930868,0.9551573860931531,0.3593847394692502,1.299853097174238,1.5777327049436507,0.113144103928995
1.2719268836423367,-0.731789922814562,0.005551316584930868,-0.5871880414291624,0.24343323227141758,-0.7693177038035366,-0.4424116035629445,0.2092226375762634
0.06516513445605905,1.5487414010666303,0.005551316584930868,0.4981661483087633,0.0115302178757523,-0.7693177038035366,-0.4424116035629445,0.113144103928995
1.2719268836423367,-1.3833703010663312,0.005551316584930868,-0.3015685178139188,0.45214594522751633,-0.7693177038035366,-0.4424116035629445,0.07268998449856622
0.06516513445605905,1.5487414010666303,0.005551316584930868,0.3839183388626659,0.6608586581836151,-0.7693177038035366,-0.4424116035629445,0.113144103928995
-1.1415966147302186,1.5487414010666303,0.005551316584930868,-0.7014358508752598,0.3593847394692502,1.299853097174238,-0.4424116035629445,0.113144103928995
-1.1415966147302186,-1.3833703010663312,0.005551316584930868,-0.7585597555983086,0.15067202651315148,1.299853097174238,-0.4424116035629445,0.07268998449856622
0.06516513445605905,0.5713708336889765,0.005551316584930868,-0.6443119461522111,0.3593847394692502,-0.7693177038035366,1.5777327049436507,0.31541470108113895
0.06516513445605905,-0.731789922814562,0.005551316584930868,-0.3586924225369675,0.24343323227141758,-0.7693177038035366,-0.4424116035629445,0.2092226375762634
-1.1415966147302186,-0.731789922814562,0.005551316584930868,-0.3015685178139188,-0.12761159076164688,1.299853097174238,-0.4424116035629445,0.2092226375762634
1.2719268836423367,1.5487414010666303,0.005551316584930868,-0.8156836603213573,0.26662353371098413,-0.7693177038035366,-0.4424116035629445,0.113144103928995
1.2719268836423367,-1.3833703010663312,0.005551316584930868,-0.9299314697674548,0.0115302178757523,-0.7693177038035366,-0.4424116035629445,0.07268998449856622
0.06516513445605905,0.5713708336889765,0.005551316584930868,0.4981661483087633,0.3361944380296837,-0.7693177038035366,-0.4424116035629445,0.31541470108113895
0.06516513445605905,0.5713708336889765,0.005551316584930868,0.8409095766470557,0.6608586581836151,-0.7693177038035366,-0.4424116035629445,0.31541470108113895
1.2719268836423367,-0.08020954456279278,0.005551316584930868,-0.5871880414291624,0.7072392610627481,-0.7693177038035366,-0.4424116035629445,0.4114932347284073
0.06516513445605905,-1.3833703010663312,0.005551316584930868,0.555290053031812,0.24343323227141758,-0.7693177038035366,-0.4424116035629445,0.07268998449856622
0.06516513445605905,-0.08020954456279278,0.005551316584930868,-0.872807565044406,0.24343323227141758,-0.7693177038035366,1.5777327049436507,0.4114932347284073
1.2719268836423367,-0.08020954456279278,0.005551316584930868,-0.13019680364477262,-0.17399219364077992,-0.7693177038035366,-0.4424116035629445,0.4114932347284073
-1.1415966147302186,-1.3833703010663312,0.005551316584930868,3.182989670292053,0.3593847394692502,1.299853097174238,-0.4424116035629445,0.07268998449856622
1.2719268836423367,0.5713708336889765,0.005551316584930868,-0.872807565044406,0.3825750409088168,-0.7693177038035366,-0.4424116035629445,0.31541470108113895
0.06516513445605905,0.5713708336889765,0.005551316584930868,2.497502813615468,0.45214594522751633,-0.7693177038035366,-0.4424116035629445,0.31541470108113895
-1.1415966147302186,-1.3833703010663312,0.005551316584930868,-0.4158163272600162,0.3593847394692502,1.299853097174238,-0.4424116035629445,0.07268998449856622
1.2719268836423367,0.5713708336889765,0.005551316584930868,1.2407769097083967,0.0115302178757523,-0.7693177038035366,-0.4424116035629445,0.31541470108113895
-1.1415966147302186,-0.731789922814562,0.005551316584930868,0.3267944341396172,0.3593847394692502,1.299853097174238,-0.4424116035629445,0.2092226375762634
-1.1415966147302186,0.5713708336889765,0.005551316584930868,-0.8156836603213573,0.05791082075488536,1.299853097174238,-0.4424116035629445,0.31541470108113895
1.2719268836423367,1.5487414010666303,0.005551316584930868,-0.47294023198306495,0.3825750409088168,-0.7693177038035366,-0.4424116035629445,0.113144103928995
1.2719268836423367,-0.08020954456279278,0.005551316584930868,-0.6443119461522111,0.26662353371098413,-0.7693177038035366,-0.4424116035629445,0.4114932347284073
1.2719268836423367,-0.08020954456279278,0.005551316584930868,0.4981661483087633,0.3361944380296837,-0.7693177038035366,-0.4424116035629445,0.4114932347284073
-1.1415966147302186,1.5487414010666303,0.005551316584930868,0.6695378624779095,0.26662353371098413,1.299853097174238,1.5777327049436507,0.113144103928995
1.2719268836423367,-0.731789922814562,0.005551316584930868,-0.6443119461522111,-0.19718249508034646,-0.7693177038035366,-0.4424116035629445,0.2092226375762634
1.2719268836423367,0.5713708336889765,0.005551316584930868,-0.07307289892172389,0.6608586581836151,-0.7693177038035366,-0.4424116035629445,0.31541470108113895
0.06516513445605905,0.5713708336889765,0.005551316584930868,-0.8156836603213573,-0.19718249508034646,-0.7693177038035366,1.5777327049436507,0.31541470108113895
-1.1415966147302186,0.5713708336889765,0.005551316584930868,-0.6443119461522111,0.173862327952718,1.299853097174238,-0.4424116035629445,0.31541470108113895
0.06516513445605905,-0.08020954456279278,0.005551316584930868,-0.13019680364477262,0.6608586581836151,-0.7693177038035366,-0.4424116035629445,0.4114932347284073
-1.1415966147302186,1.5487414010666303,0.005551316584930868,0.8980334813701044,0.26662353371098413,1.299853097174238,-0.4424116035629445,0.113144103928995
0.06516513445605905,-1.3833703010663312,0.005551316584930868,0.6695378624779095,0.26662353371098413,-0.7693177038035366,1.5777327049436507,0.07268998449856622
0.06516513445605905,1.5487414010666303,0.005551316584930868,-0.6443119461522111,-0.17399219364077992,-0.7693177038035366,-0.4424116035629445,0.113144103928995
1.2719268836423367,-0.731789922814562,0.005551316584930868,0.7266617672009582,-0.7305594281903766,-0.7693177038035366,-0.4424116035629445,0.2092226375762634
1.2719268836423367,-1.3833703010663312,0.005551316584930868,-0.07307289892172389,0.15067202651315148,-0.7693177038035366,-0.4424116035629445,0.07268998449856622
0.06516513445605905,0.5713708336889765,0.005551316584930868,-0.3586924225369675,0.3361944380296837,-0.7693177038035366,-0.4424116035629445,0.31541470108113895
-1.1415966147302186,-0.731789922814562,0.005551316584930868,1.2979008144314454,-0.17399219364077992,1.299853097174238,-0.4424116035629445,0.2092226375762634
-1.1415966147302186,-1.3833703010663312,0.005551316584930868,-0.8156836603213573,0.15067202651315148,1.299853097174238,-0.4424116035629445,0.07268998449856622
1.2719268836423367,-1.3833703010663312,0.005551316584930868,-0.47294023198306495,0.3825750409088168,-0.7693177038035366,-0.4424116035629445,0.07268998449856622
1.2719268836423367,0.5713708336889765,0.005551316584930868,-0.47294023198306495,-0.12761159076164688,-0.7693177038035366,-0.4424116035629445,0.31541470108113895
0.06516513445605905,-0.731789922814562,0.005551316584930868,-0.6443119461522111,0.05791082075488536,-0.7693177038035366,-0.4424116035629445,0.2092226375762634
0.06516513445605905,1.5487414010666303,0.005551316584930868,0.26967052941656844,0.3593847394692502,-0.7693177038035366,-0.4424116035629445,0.113144103928995
1.2719268836423367,-0.731789922814562,0.005551316584930868,-0.7014358508752598,-0.7305594281903766,-0.7693177038035366,-0.4424116035629445,0.2092226375762634
-1.1415966147302186,-1.3833703010663312,0.005551316584930868,-0.6443119461522111,0.15067202651315148,1.299853097174238,1.5777327049436507,0.07268998449856622
0.06516513445605905,-1.3833703010663312,0.005551316584930868,-0.9870553744905034,-0.7305594281903766,-0.7693177038035366,1.5777327049436507,0.07268998449856622
0.06516513445605905,0.5713708336889765,0.005551316584930868,0.555290053031812,0.7072392610627481,-0.7693177038035366,-0.4424116035629445,0.31541470108113895
-1.1415966147302186,0.5713708336889765,0.005551316584930868,0.3839183388626659,0.45214594522751633,1.299853097174238,-0.4424116035629445,0.31541470108113895
1.2719268836423367,-0.08020954456279278,0.005551316584930868,0.9551573860931531,-0.12761159076164688,-0.7693177038035366,-0.4424116035629445,0.4114932347284073
0.06516513445605905,-1.3833703010663312,0.005551316584930868,0.7837856719240069,0.6608586581836151,-0.7693177038035366,-0.4424116035629445,0.07268998449856622
1.2719268836423367,-0.731789922814562,0.005551316584930868,0.041174910524373554,-0.7305594281903766,-0.7693177038035366,-0.4424116035629445,0.2092226375762634
1.2719268836423367,-0.731789922814562,0.005551316584930868,-0.3586924225369675,0.15067202651315148,-0.7693177038035366,-0.4424116035629445,0.2092226375762634
-1.1415966147302186,0.5713708336889765,0.005551316584930868,-0.8156836603213573,0.15067202651315148,1.299853097174238,1.5777327049436507,0.31541470108113895
1.2719268836423367,-0.731789922814562,0.005551316584930868,0.2125466246935197,0.3825750409088168,-0.7693177038035366,-0.4424116035629445,0.2092226375762634
-1.1415966147302186,-0.731789922814562,0.005551316584930868,-0.5300641367061136,-0.17399219364077992,1.299853097174238,-0.4424116035629445,0.2092226375762634
1.2719268836423367,0.5713708336889765,0.005551316584930868,-0.872807565044406,0.3825750409088168,-0.7693177038035366,1.5777327049436507,0.31541470108113895
-1.1415966147302186,0.5713708336889765,0.005551316584930868,0.6695378624779095,0.15067202651315148,1.299853097174238,-0.4424116035629445,0.31541470108113895
1.2719268836423367,-0.731789922814562,0.005551316584930868,-0.4158163272600162,0.05791082075488536,-0.7693177038035366,-0.4424116035629445,0.2092226375762634
1.2719268836423367,-1.3833703010663312,0.005551316584930868,0.6124139577548607,0.3825750409088168,-0.7693177038035366,-0.4424116035629445,0.07268998449856622
0.06516513445605905,-0.08020954456279278,0.005551316584930868,-0.8156836603213573,-0.7305594281903766,-0.7693177038035366,-0.4424116035629445,0.4114932347284073
0.06516513445605905,-1.3833703010663312,0.005551316584930868,-0.3015685178139188,0.7072392610627481,-0.7693177038035366,-0.4424116035629445,0.07268998449856622
1.2719268836423367,1.5487414010666303,0.005551316584930868,-0.18732070836782133,0.6608586581836151,-0.7693177038035366,-0.4424116035629445,0.113144103928995
0.06516513445605905,-0.731789922814562,0.005551316584930868,0.3267944341396172,0.45214594522751633,-0.7693177038035366,-0.4424116035629445,0.2092226375762634
-1.1415966147302186,-0.731789922814562,0.005551316584930868,-0.3015685178139188,0.26662353371098413,1.299853097174238,-0.4424116035629445,0.2092226375762634
-1.1415966147302186,0.5713708336889765,0.005551316584930868,-0.4158163272600162,0.173862327952718,1.299853097174238,-0.4424116035629445,0.31541470108113895
-1.1415966147302186,-0.731789922814562,0.005551316584930868,-0.6443119461522111,0.3361944380296837,1.299853097174238,-0.4424116035629445,0.2092226375762634
1.2719268836423367,-0.08020954456279278,0.005551316584930868,0.09829881524742227,0.7072392610627481,-0.7693177038035366,-0.4424116035629445,0.4114932347284073
-1.1415966147302186,-0.08020954456279278,0.005551316584930868,-0.7014358508752598,0.173862327952718,1.299853097174238,1.5777327049436507,0.4114932347284073
1.2719268836423367,0.5713708336889765,0.005551316584930868,-0.18732070836782133,0.45214594522751633,-0.7693177038035366,-0.4424116035629445,0.31541470108113895
0.06516513445605905,-0.731789922814562,0.005551316584930868,1.4692725286005917,0.05791082075488536,-0.7693177038035366,-0.4424116035629445,0.2092226375762634
0.06516513445605905,-0.08020954456279278,0.005551316584930868,-0.7585597555983086,0.7072392610627481,-0.7693177038035366,-0.4424116035629445,0.4114932347284073
-1.1415966147302186,-1.3833703010663312,0.005551316584930868,-0.9299314697674548,0.24343323227141758,1.299853097174238,-0.4424116035629445,0.07268998449856622
-1.1415966147302186,-1.3833703010663312,0.005551316584930868,-0.872807565044406,0.15067202651315148,1.299853097174238,-0.4424116035629445,0.07268998449856622
-1.1415966147302186,-0.08020954456279278,0.005551316584930868,-0.13019680364477262,0.3825750409088168,1.299853097174238,-0.4424116035629445,0.4114932347284073
-1.1415966147302186,-0.08020954456279278,0.005551316584930868,-0.8156836603213573,-0.17399219364077992,1.299853097174238,-0.4424116035629445,0.4114932347284073
-1.1415966147302186,0.5713708336889765,0.005551316584930868,-0.5300641367061136,0.24343323227141758,1.299853097174238,1.5777327049436507,0.31541470108113895
-1.1415966147302186,-0.08020954456279278,0.005551316584930868,-0.5871880414291624,0.15067202651315148,1.299853097174238,1.5777327049436507,0.4114932347284073
1.2719268836423367,-1.3833703010663312,0.14433423120820554,4.4968394789221735,0.26662353371098413,-0.7693177038035366,-0.4424116035629445,0.07268998449856622
1.2719268836423367,0.5713708336889765,0.14433423120820554,0.3839183388626659,0.15067202651315148,-0.7693177038035366,-0.4424116035629445,0.31541470108113895
-1.1415966147302186,0.5713708336889765,0.14433423120820554,1.5835203380466891,0.24343323227141758,1.299853097174238,-0.4424116035629445,0.31541470108113895
0.06516513445605905,-0.08020954456279278,0.14433423120820554,-0.18732070836782133,-0.19718249508034646,-0.7693177038035366,-0.4424116035629445,0.4114932347284073
1.2719268836423367,-0.08020954456279278,0.14433423120820554,-0.47294023198306495,0.24343323227141758,-0.7693177038035366,1.5777327049436507,0.4114932347284073
1.2719268836423367,-0.08020954456279278,0.14433423120820554,0.4410422435857146,0.15067202651315148,-0.7693177038035366,-0.4424116035629445,0.4114932347284073
-1.1415966147302186,-1.3833703010663312,0.14433423120820554,-0.3586924225369675,0.3361944380296837,1.299853097174238,-0.4424116035629445,0.07268998449856622
1.2719268836423367,0.5713708336889765,0.14433423120820554,0.4410422435857146,0.24343323227141758,-0.7693177038035366,-0.4424116035629445,0.31541470108113895
0.06516513445605905,-0.08020954456279278,0.14433423120820554,1.2979008144314454,0.6608586581836151,-0.7693177038035366,-0.4424116035629445,0.4114932347284073
1.2719268836423367,-0.08020954456279278,0.14433423120820554,-0.24444461309087007,0.26662353371098413,-0.7693177038035366,-0.4424116035629445,0.4114932347284073
-1.1415966147302186,-0.08020954456279278,0.14433423120820554,-0.3586924225369675,0.173862327952718,1.299853097174238,-0.4424116035629445,0.4114932347284073
1.2719268836423367,-1.3833703010663312,0.14433423120820554,-0.7014358508752598,-0.7305594281903766,-0.7693177038035366,-0.4424116035629445,0.07268998449856622
-1.1415966147302186,-0.731789922814562,0.14433423120820554,0.4981661483087633,0.3825750409088168,1.299853097174238,-0.4424116035629445,0.2092226375762634
0.06516513445605905,-0.08020954456279278,0.14433423120820554,1.0694051955392505,0.7072392610627481,-0.7693177038035366,-0.4424116035629445,0.4114932347284073
-1.1415966147302186,0.5713708336889765,0.14433423120820554,0.3839183388626659,0.15067202651315148,1.299853097174238,-0.4424116035629445,0.31541470108113895
0.06516513445605905,1.5487414010666303,0.14433423120820554,-0.8156836603213573,0.24343323227141758,-0.7693177038035366,-0.4424116035629445,0.113144103928995
-1.1415966147302186,0.5713708336889765,0.14433423120820554,0.6695378624779095,0.3825750409088168,1.299853097174238,-0.4424116035629445,0.31541470108113895
0.06516513445605905,1.5487414010666303,0.14433423120820554,0.6124139577548607,0.45214594522751633,-0.7693177038035366,-0.4424116035629445,0.113144103928995
-1.1415966147302186,-0.08020954456279278,0.14433423120820554,-0.9299314697674548,0.05791082075488536,1.299853097174238,-0.4424116035629445,0.4114932347284073
0.06516513445605905,0.5713708336889765,0.14433423120820554,-0.4158163272600162,0.15067202651315148,-0.7693177038035366,-0.4424116035629445,0.31541470108113895
-1.1415966147302186,-1.3833703010663312,0.14433423120820554,0.6124139577548607,0.3361944380296837,1.299853097174238,-0.4424116035629445,0.07268998449856622
0.06516513445605905,-1.3833703010663312,0.14433423120820554,-0.47294023198306495,0.26662353371098413,-0.7693177038035366,-0.4424116035629445,0.07268998449856622
1.2719268836423367,-0.08020954456279278,0.14433423120820554,-0.9299314697674548,0.24343323227141758,-0.7693177038035366,-0.4424116035629445,0.4114932347284073
-1.1415966147302186,-0.731789922814562,0.14433423120820554,-0.13019680364477262,0.15067202651315148,1.299853097174238,1.5777327049436507,0.2092226375762634
1.2719268836423367,-0.08020954456279278,0.14433423120820554,-0.07307289892172389,-0.12761159076164688,-0.7693177038035366,-0.4424116035629445,0.4114932347284073
0.06516513445605905,-1.3833703010663312,0.14433423120820554,-0.8156836603213573,0.45214594522751633,-0.7693177038035366,-0.4424116035629445,0.07268998449856622
0.06516513445605905,-0.731789922814562,0.14433423120820554,0.26967052941656844,0.15067202651315148,-0.7693177038035366,-0.4424116035629445,0.2092226375762634
1.2719268836423367,-1.3833703010663312,0.14433423120820554,-0.5871880414291624,0.3825750409088168,-0.7693177038035366,-0.4424116035629445,0.07268998449856622
1.2719268836423367,-0.731789922814562,0.14433423120820554,-0.8156836603213573,0.7072392610627481,-0.7693177038035366,-0.4424116035629445,0.2092226375762634
-1.1415966147302186,0.5713708336889765,0.14433423120820554,0.3267944341396172,0.7072392610627481,1.299853097174238,1.5777327049436507,0.31541470108113895
1.2719268836423367,-0.731789922814562,0.14433423120820554,-0.7585597555983086,0.6608586581836151,-0.7693177038035366,-0.4424116035629445,0.2092226375762634
0.06516513445605905,1.5487414010666303,0.14433423120820554,0.555290053031812,0.3593847394692502,-0.7693177038035366,-0.4424116035629445,0.113144103928995
0.06516513445605905,0.5713708336889765,0.14433423120820554,-0.7014358508752598,0.3361944380296837,-0.7693177038035366,-0.4424116035629445,0.31541470108113895
0.06516513445605905,-0.08020954456279278,0.14433423120820554,0.3267944341396172,0.15067202651315148,-0.7693177038035366,-0.4424116035629445,0.4114932347284073
0.06516513445605905,0.5713708336889765,0.14433423120820554,-0.07307289892172389,0.0115302178757523,-0.7693177038035366,1.5777327049436507,0.31541470108113895
1.2719268836423367,1.5487414010666303,0.14433423120820554,-0.9870553744905034,0.0115302178757523,-0.7693177038035366,-0.4424116035629445,0.113144103928995
0.06516513445605905,-1.3833703010663312,0.14433423120820554,-0.9299314697674548,0.0115302178757523,-0.7693177038035366,3.597877013450246,0.07268998449856622
1.2719268836423367,-0.08020954456279278,0.14433423120820554,1.4692725286005917,0.3593847394692502,-0.7693177038035366,-0.4424116035629445,0.4114932347284073
0.06516513445605905,-0.731789922814562,0.14433423120820554,0.09829881524742227,0.6608586581836151,-0.7693177038035366,-0.4424116035629445,0.2092226375762634
0.06516513445605905,1.5487414010666303,0.14433423120820554,0.26967052941656844,0.26662353371098413,-0.7693177038035366,-0.4424116035629445,0.113144103928995
0.06516513445605905,1.5487414010666303,0.14433423120820554,0.6695378624779095,0.05791082075488536,-0.7693177038035366,-0.4424116035629445,0.113144103928995
-1.1415966147302186,0.5713708336889765,0.14433423120820554,-0.47294023198306495,0.3593847394692502,1.299853097174238,-0.4424116035629445,0.31541470108113895
0.06516513445605905,0.5713708336889765,0.14433423120820554,-0.8156836603213573,0.3825750409088168,-0.7693177038035366,-0.4424116035629445,0.31541470108113895
1.2719268836423367,1.5487414010666303,0.14433423120820554,-0.3015685178139188,0.3593847394692502,-0.7693177038035366,1.5777327049436507,0.113144103928995
1.2719268836423367,-1.3833703010663312,0.14433423120820554,0.7266617672009582,0.24343323227141758,-0.7693177038035366,-0.4424116035629445,0.07268998449856622
0.06516513445605905,-0.08020954456279278,0.14433423120820554,-0.4158163272600162,0.26662353371098413,-0.7693177038035366,-0.4424116035629445,0.4114932347284073
-1.1415966147302186,-0.731789922814562,0.14433423120820554,0.6695378624779095,0.45214594522751633,1.299853097174238,-0.4424116035629445,0.2092226375762634
1.2719268836423367,0.5713708336889765,0.14433423120820554,-0.7014358508752598,0.15067202651315148,-0.7693177038035366,-0.4424116035629445,0.31541470108113895
-1.1415966147302186,-1.3833703010663312,0.14433423120820554,-0.8156836603213573,0.15067202651315148,1.299853097174238,-0.4424116035629445,0.07268998449856622
-1.1415966147302186,1.5487414010666303,0.14433423120820554,0.4410422435857146,0.24343323227141758,1.299853097174238,-0.4424116035629445,0.113144103928995
1.2719268836423367,0.5713708336889765,0.14433423120820554,-0.4158163272600162,-0.12761159076164688,-0.7693177038035366,-0.4424116035629445,0.31541470108113895
-1.1415966147302186,-0.731789922814562,0.14433423120820554,0.26967052941656844,0.3825750409088168,1.299853097174238,-0.4424116035629445,0.2092226375762634
1.2719268836423367,1.5487414010666303,0.14433423120820554,-0.6443119461522111,0.15067202651315148,-0.7693177038035366,-0.4424116035629445,0.113144103928995
-1.1415966147302186,-1.3833703010663312,0.14433423120820554,0.4981661483087633,-0.12761159076164688,1.299853097174238,1.5777327049436507,0.07268998449856622
-1.1415966147302186,-0.731789922814562,0.14433423120820554,1.2407769097083967,0.7072392610627481,1.299853097174238,-0.4424116035629445,0.2092226375762634
-1.1415966147302186,-1.3833703010663312,0.14433423120820554,-0.3015685178139188,0.6608586581836151,1.299853097174238,-0.4424116035629445,0.07268998449856622
1.2719268836423367,-1.3833703010663312,0.14433423120820554,-0.6443119461522111,0.26662353371098413,-0.7693177038035366,-0.4424116035629445,0.07268998449856622
0.06516513445605905,0.5713708336889765,0.14433423120820554,2.326131099446322,-0.7305594281903766,-0.7693177038035366,-0.4424116035629445,0.31541470108113895
-1.1415966147302186,1.5487414010666303,0.14433423120820554,0.041174910524373554,-0.19718249508034646,1.299853097174238,-0.4424116035629445,0.113144103928995
1.2719268836423367,-0.08020954456279278,0.14433423120820554,-0.9299314697674548,0.05791082075488536,-0.7693177038035366,-0.4424116035629445,0.4114932347284073
1.2719268836423367,0.5713708336889765,0.14433423120820554,-0.872807565044406,0.15067202651315148,-0.7693177038035366,-0.4424116035629445,0.31541470108113895
1.2719268836423367,0.5713708336889765,0.14433423120820554,2.3832550041693707,0.173862327952718,-0.7693177038035366,-0.4424116035629445,0.31541470108113895
1.2719268836423367,0.5713708336889765,0.14433423120820554,-0.872807565044406,0.3825750409088168,-0.7693177038035366,-0.4424116035629445,0.31541470108113895
1.2719268836423367,-0.731789922814562,0.14433423120820554,0.26967052941656844,-0.7305594281903766,-0.7693177038035366,-0.4424116035629445,0.2092226375762634
0.06516513445605905,-0.731789922814562,0.14433423120820554,1.2407769097083967,0.3593847394692502,-0.7693177038035366,-0.4424116035629445,0.2092226375762634
-1.1415966147302186,0.5713708336889765,0.14433423120820554,-0.8156836603213573,0.15067202651315148,1.299853097174238,-0.4424116035629445,0.31541470108113895
-1.1415966147302186,-0.731789922814562,0.14433423120820554,-0.8156836603213573,0.45214594522751633,1.299853097174238,-0.4424116035629445,0.2092226375762634
-1.1415966147302186,1.5487414010666303,0.14433423120820554,-0.7585597555983086,0.15067202651315148,1.299853097174238,1.5777327049436507,0.113144103928995
1.2719268836423367,-0.08020954456279278,0.14433423120820554,2.8402462419537606,0.3825750409088168,-0.7693177038035366,-0.4424116035629445,0.4114932347284073
0.06516513445605905,-1.3833703010663312,0.14433423120820554,-0.6443119461522111,0.26662353371098413,-0.7693177038035366,-0.4424116035629445,0.07268998449856622
1.2719268836423367,-0.731789922814562,0.14433423120820554,0.3267944341396172,0.05791082075488536,-0.7693177038035366,-0.4424116035629445,0.2092226375762634
-1.1415966147302186,-0.731789922814562,0.14433423120820554,-0.9870553744905034,0.24343323227141758,1.299853097174238,-0.4424116035629445,0.2092226375762634
1.2719268836423367,1.5487414010666303,0.14433423120820554,-0.8156836603213573,0.6608586581836151,-0.7693177038035366,-0.4424116035629445,0.113144103928995
0.06516513445605905,1.5487414010666303,0.14433423120820554,-0.18732070836782133,0.3361944380296837,-0.7693177038035366,-0.4424116035629445,0.113144103928995
0.06516513445605905,1.5487414010666303,0.14433423120820554,2.725998432507663,0.3593847394692502,-0.7693177038035366,-0.4424116035629445,0.113144103928995
-1.1415966147302186,-0.08020954456279278,0.14433423120820554,1.183653004985348,0.26662353371098413,1.299853097174238,-0.4424116035629445,0.4114932347284073
1.2719268836423367,1.5487414010666303,0.14433423120820554,-0.13019680364477262,0.3593847394692502,-0.7693177038035366,-0.4424116035629445,0.113144103928995
-1.1415966147302186,-0.731789922814562,0.14433423120820554,-0.5871880414291624,0.26662353371098413,1.299853097174238,1.5777327049436507,0.2092226375762634
1.2719268836423367,-1.3833703010663312,0.14433423120820554,-0.3586924225369675,0.15067202651315148,-0.7693177038035366,-0.4424116035629445,0.07268998449856622
1.2719268836423367,-1.3833703010663312,0.14433423120820554,-0.872807565044406,-0.7305594281903766,-0.7693177038035366,-0.4424116035629445,0.07268998449856622
0.06516513445605905,-1.3833703010663312,0.14433423120820554,-0.13019680364477262,0.26662353371098413,-0.7693177038035366,3.597877013450246,0.07268998449856622
-1.1415966147302186,0.5713708336889765,0.14433423120820554,0.09829881524742227,0.3825750409088168,1.299853097174238,-0.4424116035629445,0.31541470108113895
0.06516513445605905,-0.08020954456279278,0.14433423120820554,-0.13019680364477262,-0.12761159076164688,-0.7693177038035366,-0.4424116035629445,0.4114932347284073
-1.1415966147302186,1.5487414010666303,0.14433423120820554,-0.9870553744905034,0.0115302178757523,1.299853097174238,-0.4424116035629445,0.113144103928995
0.06516513445605905,-0.08020954456279278,0.14433423120820554,-0.9299314697674548,0.26662353371098413,-0.7693177038035366,1.5777327049436507,0.4114932347284073
-1.1415966147302186,-0.731789922814562,0.14433423120820554,-0.7014358508752598,0.3361944380296837,1.299853097174238,-0.4424116035629445,0.2092226375762634
1.2719268836423367,-0.731789922814562,0.14433423120820554,3.2401135750151018,-0.12761159076164688,-0.7693177038035366,-0.4424116035629445,0.2092226375762634
0.06516513445605905,-1.3833703010663312,0.14433423120820554,-0.4158163272600162,-0.7305594281903766,-0.7693177038035366,-0.4424116035629445,0.07268998449856622
1.2719268836423367,1.5487414010666303,0.14433423120820554,-0.5871880414291624,0.26662353371098413,-0.7693177038035366,-0.4424116035629445,0.113144103928995
-1.1415966147302186,-1.3833703010663312,0.14433423120820554,0.4981661483087633,0.0115302178757523,1.299853097174238,-0.4424116035629445,0.07268998449856622
-1.1415966147302186,-1.3833703010663312,0.14433423120820554,3.011617956122907,-0.12761159076164688,1.299853097174238,-0.4424116035629445,0.07268998449856622
-1.1415966147302186,1.5487414010666303,0.14433423120820554,0.4410422435857146,-0.7305594281903766,1.299853097174238,-0.4424116035629445,0.113144103928995
-1.1415966147302186,-1.3833703010663312,0.14433423120820554,-0.7014358508752598,-0.12761159076164688,1.299853097174238,1.5777327049436507,0.07268998449856622
-1.1415966147302186,-0.08020954456279278,0.14433423120820554,1.8691398616619324,0.3361944380296837,1.299853097174238,-0.4424116035629445,0.4114932347284073
-1.1415966147302186,-0.731789922814562,0.14433423120820554,1.1265291002622992,0.7072392610627481,1.299853097174238,-0.4424116035629445,0.2092226375762634
1.2719268836423367,-0.731789922814562,0.14433423120820554,-0.5871880414291624,0.15067202651315148,-0.7693177038035366,-0.4424116035629445,0.2092226375762634
-1.1415966147302186,-1.3833703010663312,0.14433423120820554,-0.7014358508752598,-0.17399219364077992,1.299853097174238,-0.4424116035629445,0.07268998449856622
-1.1415966147302186,0.5713708336889765,0.14433423120820554,-0.18732070836782133,0.7072392610627481,1.299853097174238,1.5777327049436507,0.31541470108113895
0.06516513445605905,0.5713708336889765,0.14433423120820554,-0.8156836603213573,0.7072392610627481,-0.7693177038035366,3.597877013450246,0.31541470108113895
-1.1415966147302186,-1.3833703010663312,0.14433423120820554,0.2125466246935197,0.6608586581836151,1.299853097174238,-0.4424116035629445,0.07268998449856622
-1.1415966147302186,-0.731789922814562,0.14433423120820554,0.4981661483087633,0.3825750409088168,1.299853097174238,-0.4424116035629445,0.2092226375762634
0.06516513445605905,-0.08020954456279278,0.14433423120820554,0.4410422435857146,0.3593847394692502,-0.7693177038035366,-0.4424116035629445,0.4114932347284073
1.2719268836423367,-1.3833703010663312,0.14433423120820554,-0.7014358508752598,0.15067202651315148,-0.7693177038035366,-0.4424116035629445,0.07268998449856622
0.06516513445605905,1.5487414010666303,0.14433423120820554,1.754892052215835,-0.7305594281903766,-0.7693177038035366,-0.4424116035629445,0.113144103928995
0.06516513445605905,1.5487414010666303,0.14433423120820554,-0.872807565044406,0.26662353371098413,-0.7693177038035366,-0.4424116035629445,0.113144103928995
-1.1415966147302186,0.5713708336889765,0.14433423120820554,0.9551573860931531,-0.19718249508034646,1.299853097174238,-0.4424116035629445,0.31541470108113895
-1.1415966147302186,-1.3833703010663312,0.14433423120820554,-0.9299314697674548,0.45214594522751633,1.299853097174238,-0.4424116035629445,0.07268998449856622
-1.1415966147302186,-0.731789922814562,0.14433423120820554,2.211883290000225,-0.19718249508034646,1.299853097174238,1.5777327049436507,0.2092226375762634
0.06516513445605905,1.5487414010666303,0.14433423120820554,-0.9299314697674548,0.15067202651315148,-0.7693177038035366,-0.4424116035629445,0.113144103928995
0.06516513445605905,1.5487414010666303,0.14433423120820554,-0.18732070836782133,-0.7305594281903766,-0.7693177038035366,-0.4424116035629445,0.113144103928995
0.06516513445605905,-1.3833703010663312,0.14433423120820554,0.3267944341396172,0.6608586581836151,-0.7693177038035366,-0.4424116035629445,0.07268998449856622
0.06516513445605905,-1.3833703010663312,0.14433423120820554,-0.5871880414291624,0.6608586581836151,-0.7693177038035366,-0.4424116035629445,0.07268998449856622
1.2719268836423367,-1.3833703010663312,0.14433423120820554,-0.3586924225369675,-0.17399219364077992,-0.7693177038035366,-0.4424116035629445,0.07268998449856622
-1.1415966147302186,-0.731789922814562,0.14433423120820554,3.5257330986303455,0.3593847394692502,1.299853097174238,-0.4424116035629445,0.2092226375762634
-1.1415966147302186,-1.3833703010663312,0.14433423120820554,0.8980334813701044,-0.7305594281903766,1.299853097174238,-0.4424116035629445,0.07268998449856622
-1.1415966147302186,0.5713708336889765,0.14433423120820554,3.0687418608459556,0.3593847394692502,1.299853097174238,-0.4424116035629445,0.31541470108113895
-1.1415966147302186,-0.731789922814562,0.14433423120820554,0.041174910524373554,0.173862327952718,1.299853097174238,-0.4424116035629445,0.2092226375762634
1.2719268836423367,1.5487414010666303,0.14433423120820554,-0.4158163272600162,0.7072392610627481,-0.7693177038035366,-0.4424116035629445,0.113144103928995
1.2719268836423367,-0.731789922814562,0.14433423120820554,0.3267944341396172,0.05791082075488536,-0.7693177038035366,-0.4424116035629445,0.2092226375762634
1.2719268836423367,-0.08020954456279278,0.14433423120820554,1.0122812908162018,0.6608586581836151,-0.7693177038035366,-0.4424116035629445,0.4114932347284073
-1.1415966147302186,-0.731789922814562,0.14433423120820554,0.041174910524373554,0.3825750409088168,1.299853097174238,-0.4424116035629445,0.2092226375762634
-1.1415966147302186,-1.3833703010663312,0.14433423120820554,-0.5871880414291624,0.173862327952718,1.299853097174238,-0.4424116035629445,0.07268998449856622
1.2719268836423367,-0.08020954456279278,0.14433423120820554,0.6124139577548607,-0.17399219364077992,-0.7693177038035366,-0.4424116035629445,0.4114932347284073
1.2719268836423367,-0.731789922814562,0.14433423120820554,0.8980334813701044,-0.7305594281903766,-0.7693177038035366,-0.4424116035629445,0.2092226375762634
1.2719268836423367,-0.08020954456279278,0.14433423120820554,0.555290053031812,0.7072392610627481,-0.7693177038035366,-0.4424116035629445,0.4114932347284073
0.06516513445605905,0.5713708336889765,0.14433423120820554,0.6695378624779095,0.3361944380296837,-0.7693177038035366,-0.4424116035629445,0.31541470108113895
-1.1415966147302186,0.5713708336889765,0.14433423120820554,-0.7585597555983086,0.05791082075488536,1.299853097174238,-0.4424116035629445,0.31541470108113895
0.06516513445605905,1.5487414010666303,0.14433423120820554,-0.8156836603213573,0.24343323227141758,-0.7693177038035366,-0.4424116035629445,0.113144103928995
0.06516513445605905,-0.08020954456279278,0.14433423120820554,-0.4158163272600162,0.15067202651315148,-0.7693177038035366,-0.4424116035629445,0.4114932347284073
1.2719268836423367,-1.3833703010663312,0.14433423120820554,1.2979008144314454,0.24343323227141758,-0.7693177038035366,1.5777327049436507,0.07268998449856622
-1.1415966147302186,-1.3833703010663312,0.14433423120820554,-0.24444461309087007,0.0115302178757523,1.299853097174238,-0.4424116035629445,0.07268998449856622
-1.1415966147302186,-1.3833703010663312,0.14433423120820554,1.4692725286005917,0.45214594522751633,1.299853097174238,-0.4424116035629445,0.07268998449856622
-1.1415966147302186,1.5487414010666303,0.14433423120820554,1.0122812908162018,0.6608586581836151,1.299853097174238,-0.4424116035629445,0.113144103928995
-1.1415966147302186,0.5713708336889765,0.14433423120820554,-0.872807565044406,-0.17399219364077992,1.299853097174238,-0.4424116035629445,0.31541470108113895
-1.1415966147302186,-0.08020954456279278,0.14433423120820554,-0.5871880414291624,0.0115302178757523,1.299853097174238,-0.4424116035629445,0.4114932347284073
0.06516513445605905,1.5487414010666303,0.14433423120820554,0.8409095766470557,0.45214594522751633,-0.7693177038035366,-0.4424116035629445,0.113144103928995
-1.1415966147302186,-0.731789922814562,0.14433423120820554,2.6688745277846144,0.05791082075488536,1.299853097174238,-0.4424116035629445,0.2092226375762634
1.2719268836423367,0.5713708336889765,0.14433423120820554,0.09829881524742227,0.24343323227141758,-0.7693177038035366,-0.4424116035629445,0.31541470108113895
-1.1415966147302186,-0.731789922814562,0.14433423120820554,2.211883290000225,0.3593847394692502,1.299853097174238,-0.4424116035629445,0.2092226375762634
0.06516513445605905,-0.731789922814562,0.14433423120820554,-0.9870553744905034,0.0115302178757523,-0.7693177038035366,-0.4424116035629445,0.2092226375762634
-1.1415966147302186,-0.08020954456279278,0.14433423120820554,-0.07307289892172389,-0.12761159076164688,1.299853097174238,-0.4424116035629445,0.4114932347284073
0.06516513445605905,-0.731789922814562,0.14433423120820554,-0.07307289892172389,-0.17399219364077992,-0.7693177038035366,-0.4424116035629445,0.2092226375762634
1.2719268836423367,-0.731789922814562,0.14433423120820554,0.3267944341396172,0.24343323227141758,-0.7693177038035366,-0.4424116035629445,0.2092226375762634
0.06516513445605905,-0.731789922814562,0.14433423120820554,-0.3015685178139188,0.45214594522751633,-0.7693177038035366,-0.4424116035629445,0.2092226375762634
0.06516513445605905,-0.731789922814562,0.14433423120820554,-0.3015685178139188,-0.19718249508034646,-0.7693177038035366,-0.4424116035629445,0.2092226375762634
1.2719268836423367,-0.08020954456279278,0.14433423120820554,-0.24444461309087007,0.05791082075488536,-0.7693177038035366,-0.4424116035629445,0.4114932347284073
1.2719268836423367,-1.3833703010663312,0.14433423120820554,0.7266617672009582,0.7072392610627481,-0.7693177038035366,-0.4424116035629445,0.07268998449856622
1.2719268836423367,0.5713708336889765,0.14433423120820554,-0.7585597555983086,0.0115302178757523,-0.7693177038035366,-0.4424116035629445,0.31541470108113895
-1.1415966147302186,-1.3833703010663312,0.14433423120820554,-0.01594899419867517,0.05791082075488536,1.299853097174238,1.5777327049436507,0.07268998449856622
1.2719268836423367,1.5487414010666303,0.14433423120820554,-0.7585597555983086,0.26662353371098413,-0.7693177038035366,-0.4424116035629445,0.113144103928995
-1.1415966147302186,-1.3833703010663312,0.14433423120820554,-0.3015685178139188,0.15067202651315148,1.299853097174238,-0.4424116035629445,0.07268998449856622
-1.1415966147302186,1.5487414010666303,0.14433423120820554,-0.872807565044406,-0.19718249508034646,1.299853097174238,-0.4424116035629445,0.113144103928995
0.06516513445605905,-1.3833703010663312,0.14433423120820554,-0.47294023198306495,0.6608586581836151,-0.7693177038035366,-0.4424116035629445,0.07268998449856622
-1.1415966147302186,0.5713708336889765,0.14433423120820554,0.7837856719240069,0.3593847394692502,1.299853097174238,-0.4424116035629445,0.31541470108113895
1.2719268836423367,1.5487414010666303,0.14433423120820554,0.555290053031812,0.3361944380296837,-0.7693177038035366,-0.4424116035629445,0.113144103928995
0.06516513445605905,0.5713708336889765,0.14433423120820554,-0.01594899419867517,0.15067202651315148,-0.7693177038035366,-0.4424116035629445,0.31541470108113895
1.2719268836423367,-0.08020954456279278,0.14433423120820554,-0.24444461309087007,0.3593847394692502,-0.7693177038035366,-0.4424116035629445,0.4114932347284073
1.2719268836423367,-0.731789922814562,0.14433423120820554,1.0694051955392505,-0.7305594281903766,-0.7693177038035366,-0.4424116035629445,0.2092226375762634
-1.1415966147302186,-0.731789922814562,0.14433423120820554,-0.6443119461522111,0.173862327952718,1.299853097174238,-0.4424116035629445,0.2092226375762634
0.06516513445605905,0.5713708336889765,0.14433423120820554,-0.5871880414291624,0.45214594522751633,-0.7693177038035366,-0.4424116035629445,0.31541470108113895
-1.1415966147302186,1.5487414010666303,0.14433423120820554,0.7266617672009582,0.3593847394692502,1.299853097174238,-0.4424116035629445,0.113144103928995
-1.1415966147302186,-1.3833703010663312,0.14433423120820554,-0.3586924225369675,0.3593847394692502,1.299853097174238,1.5777327049436507,0.07268998449856622
-1.1415966147302186,1.5487414010666303,0.14433423120820554,-0.5300641367061136,0.3593847394692502,1.299853097174238,3.597877013450246,0.113144103928995
1.2719268836423367,-0.08020954456279278,0.14433423120820554,-0.5300641367061136,0.6608586581836151,-0.7693177038035366,-0.4424116035629445,0.4114932347284073
-1.1415966147302186,-0.08020954456279278,0.14433423120820554,-0.01594899419867517,0.3361944380296837,1.299853097174238,-0.4424116035629445,0.4114932347284073
0.06516513445605905,0.5713708336889765,0.14433423120820554,-0.872807565044406,0.0115302178757523,-0.7693177038035366,-0.4424116035629445,0.31541470108113895
1.2719268836423367,-0.08020954456279278,0.14433423120820554,0.8409095766470557,0.24343323227141758,-0.7693177038035366,-0.4424116035629445,0.4114932347284073
1.2719268836423367,1.5487414010666303,0.14433423120820554,0.8980334813701044,0.3825750409088168,-0.7693177038035366,-0.4424116035629445,0.113144103928995
0.06516513445605905,-0.08020954456279278,0.14433423120820554,-0.3015685178139188,0.7072392610627481,-0.7693177038035366,-0.4424116035629445,0.4114932347284073
0.06516513445605905,-0.08020954456279278,0.14433423120820554,-0.24444461309087007,0.3825750409088168,-0.7693177038035366,1.5777327049436507,0.4114932347284073
-1.1415966147302186,-0.731789922814562,0.14433423120820554,-0.872807565044406,0.26662353371098413,1.299853097174238,-0.4424116035629445,0.2092226375762634
1.2719268836423367,1.5487414010666303,0.14433423120820554,-0.7585597555983086,0.173862327952718,-0.7693177038035366,-0.4424116035629445,0.113144103928995
0.06516513445605905,-0.08020954456279278,0.14433423120820554,-0.6443119461522111,0.24343323227141758,-0.7693177038035366,-0.4424116035629445,0.4114932347284073
0.06516513445605905,-0.731789922814562,0.14433423120820554,-0.4158163272600162,0.0115302178757523,-0.7693177038035366,-0.4424116035629445,0.2092226375762634
1.2719268836423367,-0.731789922814562,0.14433423120820554,-0.8156836603213573,0.3593847394692502,-0.7693177038035366,-0.4424116035629445,0.2092226375762634
1.2719268836423367,-0.08020954456279278,0.14433423120820554,0.041174910524373554,0.3593847394692502,-0.7693177038035366,1.5777327049436507,0.4114932347284073
-1.1415966147302186,0.5713708336889765,0.14433423120820554,0.4410422435857146,0.3593847394692502,1.299853097174238,-0.4424116035629445,0.31541470108113895
0.06516513445605905,0.5713708336889765,0.14433423120820554,-0.9299314697674548,0.3593847394692502,-0.7693177038035366,3.597877013450246,0.31541470108113895
0.06516513445605905,-0.08020954456279278,0.14433423120820554,-0.07307289892172389,0.173862327952718,-0.7693177038035366,-0.4424116035629445,0.4114932347284073
1.2719268836423367,1.5487414010666303,0.14433423120820554,0.3267944341396172,0.26662353371098413,-0.7693177038035366,-0.4424116035629445,0.113144103928995
-1.1415966147302186,-1.3833703010663312,0.14433423120820554,-0.5300641367061136,0.6608586581836151,1.299853097174238,-0.4424116035629445,0.07268998449856622
1.2719268836423367,-0.731789922814562,0.14433423120820554,-0.18732070836782133,0.3361944380296837,-0.7693177038035366,-0.4424116035629445,0.2092226375762634
0.06516513445605905,0.5713708336889765,0.14433423120820554,-0.07307289892172389,0.24343323227141758,-0.7693177038035366,-0.4424116035629445,0.31541470108113895
0.06516513445605905,0.5713708336889765,0.14433423120820554,-0.3015685178139188,0.7072392610627481,-0.7693177038035366,-0.4424116035629445,0.31541470108113895
1.2719268836423367,-0.08020954456279278,0.14433423120820554,0.9551573860931531,0.3825750409088168,-0.7693177038035366,-0.4424116035629445,0.4114932347284073
0.06516513445605905,-0.731789922814562,0.14433423120820554,0.2125466246935197,0.3593847394692502,-0.7693177038035366,-0.4424116035629445,0.2092226375762634
1.2719268836423367,-1.3833703010663312,0.14433423120820554,0.8409095766470557,0.24343323227141758,-0.7693177038035366,-0.4424116035629445,0.07268998449856622
-1.1415966147302186,-0.08020954456279278,0.14433423120820554,-0.872807565044406,0.05791082075488536,1.299853097174238,-0.4424116035629445,0.4114932347284073
0.06516513445605905,-0.731789922814562,0.14433423120820554,1.2979008144314454,0.26662353371098413,-0.7693177038035366,-0.4424116035629445,0.2092226375762634
1.2719268836423367,-0.08020954456279278,0.14433423120820554,-0.872807565044406,0.15067202651315148,-0.7693177038035366,-0.4424116035629445,0.4114932347284073
1.2719268836423367,-0.08020954456279278,0.14433423120820554,-0.6443119461522111,-0.19718249508034646,-0.7693177038035366,-0.4424116035629445,0.4114932347284073
0.06516513445605905,0.5713708336889765,0.14433423120820554,-0.4158163272600162,0.24343323227141758,-0.7693177038035366,-0.4424116035629445,0.31541470108113895
0.06516513445605905,0.5713708336889765,0.14433423120820554,-0.872807565044406,0.3361944380296837,-0.7693177038035366,-0.4424116035629445,0.31541470108113895
-1.1415966147302186,-0.731789922814562,0.14433423120820554,-0.47294023198306495,0.0115302178757523,1.299853097174238,-0.4424116035629445,0.2092226375762634
0.06516513445605905,0.5713708336889765,0.2831171458314802,1.5835203380466891,0.15067202651315148,-0.7693177038035366,-0.4424116035629445,0.31541470108113895
1.2719268836423367,1.5487414010666303,0.2831171458314802,0.041174910524373554,-0.7305594281903766,-0.7693177038035366,-0.4424116035629445,0.113144103928995
1.2719268836423367,-1.3833703010663312,0.2831171458314802,-0.13019680364477262,0.3825750409088168,-0.7693177038035366,-0.4424116035629445,0.07268998449856622
0.06516513445605905,1.5487414010666303,0.2831171458314802,0.26967052941656844,-0.17399219364077992,-0.7693177038035366,-0.4424116035629445,0.113144103928995
0.06516513445605905,-1.3833703010663312,0.2831171458314802,-0.872807565044406,0.45214594522751633,-0.7693177038035366,-0.4424116035629445,0.07268998449856622
1.2719268836423367,-0.08020954456279278,0.2831171458314802,0.3839183388626659,0.0115302178757523,-0.7693177038035366,-0.4424116035629445,0.4114932347284073
0.06516513445605905,-1.3833703010663312,0.2831171458314802,-0.4158163272600162,0.3361944380296837,-0.7693177038035366,-0.4424116035629445,0.07268998449856622
-1.1415966147302186,0.5713708336889765,0.2831171458314802,-0.7585597555983086,0.15067202651315148,1.299853097174238,-0.4424116035629445,0.31541470108113895
1.2719268836423367,-0.731789922814562,0.2831171458314802,1.6406442427697379,0.3593847394692502,-0.7693177038035366,-0.4424116035629445,0.2092226375762634
-1.1415966147302186,0.5713708336889765,0.2831171458314802,-0.07307289892172389,0.3593847394692502,1.299853097174238,-0.4424116035629445,0.31541470108113895
1.2719268836423367,-0.731789922814562,0.2831171458314802,0.041174910524373554,0.05791082075488536,-0.7693177038035366,-0.4424116035629445,0.2092226375762634
1.2719268836423367,-0.08020954456279278,0.2831171458314802,0.4981661483087633,0.173862327952718,-0.7693177038035366,-0.4424116035629445,0.4114932347284073
1.2719268836423367,1.5487414010666303,0.2831171458314802,-0.5300641367061136,-0.7305594281903766,-0.7693177038035366,-0.4424116035629445,0.113144103928995
-1.1415966147302186,1.5487414010666303,0.2831171458314802,0.8980334813701044,0.6608586581836151,1.299853097174238,-0.4424116035629445,0.113144103928995
1.2719268836423367,-0.08020954456279278,0.2831171458314802,1.183653004985348,-0.19718249508034646,-0.7693177038035366,-0.4424116035629445,0.4114932347284073
1.2719268836423367,-1.3833703010663312,0.2831171458314802,1.5263964333236404,-0.7305594281903766,-0.7693177038035366,-0.4424116035629445,0.07268998449856622
-1.1415966147302186,-0.08020954456279278,0.2831171458314802,1.6977681474927866,0.3361944380296837,1.299853097174238,-0.4424116035629445,0.4114932347284073
0.06516513445605905,-0.731789922814562,0.2831171458314802,-0.872807565044406,0.05791082075488536,-0.7693177038035366,-0.4424116035629445,0.2092226375762634
-1.1415966147302186,1.5487414010666303,0.2831171458314802,-0.3586924225369675,0.3593847394692502,1.299853097174238,-0.4424116035629445,0.113144103928995
-1.1415966147302186,0.5713708336889765,0.2831171458314802,-0.5300641367061136,0.6608586581836151,1.299853097174238,-0.4424116035629445,0.31541470108113895
1.2719268836423367,0.5713708336889765,0.2831171458314802,0.6124139577548607,0.173862327952718,-0.7693177038035366,-0.4424116035629445,0.31541470108113895
-1.1415966147302186,-0.731789922814562,0.2831171458314802,-0.5871880414291624,-0.17399219364077992,1.299853097174238,-0.4424116035629445,0.2092226375762634
-1.1415966147302186,-0.08020954456279278,0.2831171458314802,-0.5871880414291624,0.3593847394692502,1.299853097174238,1.5777327049436507,0.4114932347284073
1.2719268836423367,-1.3833703010663312,0.2831171458314802,-0.24444461309087007,0.6608586581836151,-0.7693177038035366,1.5777327049436507,0.07268998449856622
0.06516513445605905,-0.08020954456279278,0.2831171458314802,-0.5300641367061136,0.173862327952718,-0.7693177038035366,1.5777327049436507,0.4114932347284073
-1.1415966147302186,0.5713708336889765,0.2831171458314802,-0.7014358508752598,0.26662353371098413,1.299853097174238,-0.4424116035629445,0.31541470108113895
1.2719268836423367,-1.3833703010663312,0.2831171458314802,-0.47294023198306495,0.05791082075488536,-0.7693177038035366,-0.4424116035629445,0.07268998449856622
1.2719268836423367,-0.08020954456279278,0.2831171458314802,-0.24444461309087007,0.6608586581836151,-0.7693177038035366,-0.4424116035629445,0.4114932347284073
1.2719268836423367,1.5487414010666303,0.2831171458314802,-0.24444461309087007,0.3593847394692502,-0.7693177038035366,-0.4424116035629445,0.113144103928995
1.2719268836423367,-0.731789922814562,0.2831171458314802,-0.47294023198306495,0.6608586581836151,-0.7693177038035366,1.5777327049436507,0.2092226375762634
1.2719268836423367,-0.08020954456279278,0.2831171458314802,-0.872807565044406,0.15067202651315148,-0.7693177038035366,-0.4424116035629445,0.4114932347284073
1.2719268836423367,-0.731789922814562,0.2831171458314802,-0.8156836603213573,0.7072392610627481,-0.7693177038035366,-0.4424116035629445,0.2092226375762634
-1.1415966147302186,-1.3833703010663312,0.2831171458314802,0.6124139577548607,0.05791082075488536,1.299853097174238,-0.4424116035629445,0.07268998449856622
-1.1415966147302186,1.5487414010666303,0.2831171458314802,0.155422719970471,0.6608586581836151,1.299853097174238,1.5777327049436507,0.113144103928995
0.06516513445605905,0.5713708336889765,0.2831171458314802,0.4410422435857146,0.3593847394692502,-0.7693177038035366,-0.4424116035629445,0.31541470108113895
1.2719268836423367,1.5487414010666303,0.2831171458314802,1.412148623877543,0.26662353371098413,-0.7693177038035366,-0.4424116035629445,0.113144103928995
-1.1415966147302186,-0.731789922814562,0.2831171458314802,-0.7014358508752598,0.24343323227141758,1.299853097174238,-0.4424116035629445,0.2092226375762634
1.2719268836423367,0.5713708336889765,0.2831171458314802,-0.872807565044406,0.6608586581836151,-0.7693177038035366,-0.4424116035629445,0.31541470108113895
0.06516513445605905,-1.3833703010663312,0.2831171458314802,1.412148623877543,0.05791082075488536,-0.7693177038035366,-0.4424116035629445,0.07268998449856622
0.06516513445605905,-1.3833703010663312,0.2831171458314802,-0.6443119461522111,0.24343323227141758,-0.7693177038035366,1.5777327049436507,0.07268998449856622
0.06516513445605905,-1.3833703010663312,0.2831171458314802,-0.13019680364477262,0.3593847394692502,-0.7693177038035366,-0.4424116035629445,0.07268998449856622
1.2719268836423367,-0.08020954456279278,0.2831171458314802,1.3550247191544942,0.3825750409088168,-0.7693177038035366,-0.4424116035629445,0.4114932347284073
-1.1415966147302186,0.5713708336889765,0.2831171458314802,0.3839183388626659,0.7072392610627481,1.299853097174238,-0.4424116035629445,0.31541470108113895
-1.1415966147302186,1.5487414010666303,0.2831171458314802,-0.01594899419867517,0.0115302178757523,1.299853097174238,-0.4424116035629445,0.113144103928995
0.06516513445605905,-0.08020954456279278,0.2831171458314802,-0.7014358508752598,-0.17399219364077992,-0.7693177038035366,-0.4424116035629445,0.4114932347284073
1.2719268836423367,-0.08020954456279278,0.2831171458314802,0.6124139577548607,0.3361944380296837,-0.7693177038035366,-0.4424116035629445,0.4114932347284073
0.06516513445605905,-0.731789922814562,0.2831171458314802,0.155422719970471,0.3361944380296837,-0.7693177038035366,1.5777327049436507,0.2092226375762634
0.06516513445605905,-0.08020954456279278,0.2831171458314802,1.0694051955392505,0.7072392610627481,-0.7693177038035366,-0.4424116035629445,0.4114932347284073
1.2719268836423367,0.5713708336889765,0.2831171458314802,1.2979008144314454,-0.19718249508034646,-0.7693177038035366,-0.4424116035629445,0.31541470108113895
0.06516513445605905,1.5487414010666303,0.2831171458314802,1.1265291002622992,-0.17399219364077992,-0.7693177038035366,-0.4424116035629445,0.113144103928995
0.06516513445605905,-0.08020954456279278,0.2831171458314802,1.183653004985348,0.0115302178757523,-0.7693177038035366,-0.4424116035629445,0.4114932347284073
-1.1415966147302186,-1.3833703010663312,0.2831171458314802,0.2125466246935197,0.6608586581836151,1.299853097174238,-0.4424116035629445,0.07268998449856622
1.2719268836423367,0.5713708336889765,0.2831171458314802,0.8409095766470557,0.6608586581836151,-0.7693177038035366,-0.4424116035629445,0.31541470108113895
1.2719268836423367,-1.3833703010663312,0.2831171458314802,0.155422719970471,-0.19718249508034646,-0.7693177038035366,-0.4424116035629445,0.07268998449856622
1.2719268836423367,0.5713708336889765,0.2831171458314802,0.26967052941656844,0.15067202651315148,-0.7693177038035366,-0.4424116035629445,0.31541470108113895
-1.1415966147302186,-0.08020954456279278,0.2831171458314802,-0.5871880414291624,-0.7305594281903766,1.299853097174238,-0.4424116035629445,0.4114932347284073
1.2719268836423367,-0.08020954456279278,0.2831171458314802,0.155422719970471,0.6608586581836151,-0.7693177038035366,-0.4424116035629445,0.4114932347284073
0.06516513445605905,1.5487414010666303,0.2831171458314802,0.09829881524742227,0.3825750409088168,-0.7693177038035366,-0.4424116035629445,0.113144103928995
-1.1415966147302186,-0.08020954456279278,0.2831171458314802,1.3550247191544942,-0.19718249508034646,1.299853097174238,-0.4424116035629445,0.4114932347284073
1.2719268836423367,1.5487414010666303,0.2831171458314802,0.2125466246935197,0.26662353371098413,-0.7693177038035366,-0.4424116035629445,0.113144103928995
0.06516513445605905,1.5487414010666303,0.2831171458314802,-0.8156836603213573,0.05791082075488536,-0.7693177038035366,-0.4424116035629445,0.113144103928995
1.2719268836423367,-0.731789922814562,0.2831171458314802,-0.7585597555983086,0.3361944380296837,-0.7693177038035366,1.5777327049436507,0.2092226375762634
-1.1415966147302186,-0.731789922814562,0.2831171458314802,-0.9870553744905034,0.26662353371098413,1.299853097174238,-0.4424116035629445,0.2092226375762634
-1.1415966147302186,0.5713708336889765,0.2831171458314802,1.0122812908162018,0.3361944380296837,1.299853097174238,1.5777327049436507,0.31541470108113895
-1.1415966147302186,-0.731789922814562,0.2831171458314802,0.4981661483087633,0.173862327952718,1.299853097174238,-0.4424116035629445,0.2092226375762634
0.06516513445605905,-1.3833703010663312,0.2831171458314802,-0.7014358508752598,0.15067202651315148,-0.7693177038035366,-0.4424116035629445,0.07268998449856622
0.06516513445605905,-0.08020954456279278,0.2831171458314802,2.554626718338517,-0.19718249508034646,-0.7693177038035366,-0.4424116035629445,0.4114932347284073
-1.1415966147302186,-0.08020954456279278,0.2831171458314802,-0.872807565044406,0.6608586581836151,1.299853097174238,-0.4424116035629445,0.4114932347284073
1.2719268836423367,0.5713708336889765,0.2831171458314802,-0.5871880414291624,0.3361944380296837,-0.7693177038035366,-0.4424116035629445,0.31541470108113895
-1.1415966147302186,-0.731789922814562,0.2831171458314802,-0.7585597555983086,-0.17399219364077992,1.299853097174238,-0.4424116035629445,0.2092226375762634
0.06516513445605905,-1.3833703010663312,0.2831171458314802,2.211883290000225,-0.12761159076164688,-0.7693177038035366,-0.4424116035629445,0.07268998449856622
0.06516513445605905,-0.08020954456279278,0.2831171458314802,-0.3586924225369675,0.6608586581836151,-0.7693177038035366,-0.4424116035629445,0.4114932347284073
-1.1415966147302186,-0.08020954456279278,0.2831171458314802,-0.5300641367061136,0.0115302178757523,1.299853097174238,-0.4424116035629445,0.4114932347284073
0.06516513445605905,-0.731789922814562,0.2831171458314802,0.4410422435857146,0.173862327952718,-0.7693177038035366,-0.4424116035629445,0.2092226375762634
1.2719268836423367,-0.08020954456279278,0.2831171458314802,-0.6443119461522111,-0.12761159076164688,-0.7693177038035366,1.5777327049436507,0.4114932347284073
1.2719268836423367,-0.08020954456279278,0.2831171458314802,0.6695378624779095,0.45214594522751633,-0.7693177038035366,-0.4424116035629445,0.4114932347284073
1.2719268836423367,-0.08020954456279278,0.2831171458314802,-0.5300641367061136,0.6608586581836151,-0.7693177038035366,-0.4424116035629445,0.4114932347284073
-1.1415966147302186,-0.731789922814562,0.2831171458314802,-0.872807565044406,-0.19718249508034646,1.299853097174238,-0.4424116035629445,0.2092226375762634
0.06516513445605905,-1.3833703010663312,0.2831171458314802,0.3839183388626659,-0.12761159076164688,-0.7693177038035366,-0.4424116035629445,0.07268998449856622
0.06516513445605905,-0.731789922814562,0.2831171458314802,0.09829881524742227,0.45214594522751633,-0.7693177038035366,1.5777327049436507,0.2092226375762634
-1.1415966147302186,-0.731789922814562,0.2831171458314802,-0.3586924225369675,-0.17399219364077992,1.299853097174238,-0.4424116035629445,0.2092226375762634
1.2719268836423367,-1.3833703010663312,0.2831171458314802,-0.47294023198306495,0.3361944380296837,-0.7693177038035366,-0.4424116035629445,0.07268998449856622
1.2719268836423367,0.5713708336889765,0.2831171458314802,-0.5300641367061136,0.173862327952718,-0.7693177038035366,-0.4424116035629445,0.31541470108113895
0.06516513445605905,1.5487414010666303,0.2831171458314802,0.09829881524742227,0.3593847394692502,-0.7693177038035366,-0.4424116035629445,0.113144103928995
1.2719268836423367,-0.08020954456279278,0.2831171458314802,0.4410422435857146,0.0115302178757523,-0.7693177038035366,-0.4424116035629445,0.4114932347284073
0.06516513445605905,-1.3833703010663312,0.2831171458314802,-0.872807565044406,0.173862327952718,-0.7693177038035366,1.5777327049436507,0.07268998449856622
1.2719268836423367,1.5487414010666303,0.2831171458314802,-0.3015685178139188,0.3593847394692502,-0.7693177038035366,-0.4424116035629445,0.113144103928995
1.2719268836423367,-1.3833703010663312,0.2831171458314802,-0.9299314697674548,0.0115302178757523,-0.7693177038035366,1.5777327049436507,0.07268998449856622
1.2719268836423367,0.5713708336889765,0.2831171458314802,3.0687418608459556,0.6608586581836151,-0.7693177038035366,-0.4424116035629445,0.31541470108113895
1.2719268836423367,0.5713708336889765,0.2831171458314802,-0.4158163272600162,-0.19718249508034646,-0.7693177038035366,-0.4424116035629445,0.31541470108113895
0.06516513445605905,-1.3833703010663312,0.2831171458314802,-0.7014358508752598,0.3825750409088168,-0.7693177038035366,-0.4424116035629445,0.07268998449856622
0.06516513445605905,-0.08020954456279278,0.2831171458314802,-0.3586924225369675,-0.12761159076164688,-0.7693177038035366,-0.4424116035629445,0.4114932347284073
0.06516513445605905,0.5713708336889765,0.2831171458314802,2.0976354805541275,0.173862327952718,-0.7693177038035366,-0.4424116035629445,0.31541470108113895
1.2719268836423367,-0.731789922814562,0.2831171458314802,0.7266617672009582,0.3593847394692502,-0.7693177038035366,-0.4424116035629445,0.2092226375762634
-1.1415966147302186,-0.08020954456279278,0.2831171458314802,0.3267944341396172,0.3361944380296837,1.299853097174238,-0.4424116035629445,0.4114932347284073
-1.1415966147302186,-0.08020954456279278,0.2831171458314802,-0.5871880414291624,-0.7305594281903766,1.299853097174238,-0.4424116035629445,0.4114932347284073
1.2719268836423367,0.5713708336889765,0.2831171458314802,0.6124139577548607,0.3593847394692502,-0.7693177038035366,1.5777327049436507,0.31541470108113895
-1.1415966147302186,-0.731789922814562,0.2831171458314802,0.7837856719240069,0.3593847394692502,1.299853097174238,-0.4424116035629445,0.2092226375762634
0.06516513445605905,1.5487414010666303,0.2831171458314802,0.26967052941656844,-0.7305594281903766,-0.7693177038035366,-0.4424116035629445,0.113144103928995
0.06516513445605905,1.5487414010666303,0.2831171458314802,-0.24444461309087007,0.3361944380296837,-0.7693177038035366,-0.4424116035629445,0.113144103928995
1.2719268836423367,-1.3833703010663312,0.2831171458314802,-0.6443119461522111,0.45214594522751633,-0.7693177038035366,-0.4424116035629445,0.07268998449856622
1.2719268836423367,-0.731789922814562,0.2831171458314802,2.3832550041693707,0.24343323227141758,-0.7693177038035366,-0.4424116035629445,0.2092226375762634
1.2719268836423367,1.5487414010666303,0.2831171458314802,0.2125466246935197,0.0115302178757523,-0.7693177038035366,-0.4424116035629445,0.113144103928995
0.06516513445605905,1.5487414010666303,0.2831171458314802,0.3839183388626659,-0.12761159076164688,-0.7693177038035366,-0.4424116035629445,0.113144103928995
1.2719268836423367,-1.3833703010663312,0.2831171458314802,-0.872807565044406,0.3361944380296837,-0.7693177038035366,-0.4424116035629445,0.07268998449856622
0.06516513445605905,-0.08020954456279278,0.2831171458314802,-0.9870553744905034,-0.7305594281903766,-0.7693177038035366,-0.4424116035629445,0.4114932347284073
1.2719268836423367,-0.08020954456279278,0.2831171458314802,-0.7585597555983086,0.3825750409088168,-0.7693177038035366,-0.4424116035629445,0.4114932347284073
1.2719268836423367,-1.3833703010663312,0.2831171458314802,0.4981661483087633,0.24343323227141758,-0.7693177038035366,-0.4424116035629445,0.07268998449856622
0.06516513445605905,-1.3833703010663312,0.2831171458314802,-0.5871880414291624,0.3361944380296837,-0.7693177038035366,1.5777327049436507,0.07268998449856622
-1.1415966147302186,1.5487414010666303,0.2831171458314802,-0.24444461309087007,0.26662353371098413,1.299853097174238,-0.4424116035629445,0.113144103928995
-1.1415966147302186,-0.731789922814562,0.2831171458314802,-0.24444461309087007,0.0115302178757523,1.299853097174238,-0.4424116035629445,0.2092226375762634
-1.1415966147302186,0.5713708336889765,0.2831171458314802,-0.5871880414291624,0.6608586581836151,1.299853097174238,-0.4424116035629445,0.31541470108113895
0.06516513445605905,-1.3833703010663312,0.2831171458314802,-0.7585597555983086,0.6608586581836151,-0.7693177038035366,1.5777327049436507,0.07268998449856622
-1.1415966147302186,0.5713708336889765,0.2831171458314802,0.3267944341396172,0.7072392610627481,1.299853097174238,-0.4424116035629445,0.31541470108113895
0.06516513445605905,-1.3833703010663312,0.2831171458314802,-0.3586924225369675,0.3593847394692502,-0.7693177038035366,-0.4424116035629445,0.07268998449856622
0.06516513445605905,-1.3833703010663312,0.2831171458314802,1.0122812908162018,0.05791082075488536,-0.7693177038035366,-0.4424116035629445,0.07268998449856622
0.06516513445605905,-0.731789922814562,0.2831171458314802,-0.9870553744905034,-0.12761159076164688,-0.7693177038035366,-0.4424116035629445,0.2092226375762634
-1.1415966147302186,-0.08020954456279278,0.2831171458314802,0.8980334813701044,0.0115302178757523,1.299853097174238,-0.4424116035629445,0.4114932347284073
0.06516513445605905,-0.731789922814562,0.2831171458314802,-0.7014358508752598,-0.19718249508034646,-0.7693177038035366,-0.4424116035629445,0.2092226375762634
-1.1415966147302186,-0.731789922814562,0.2831171458314802,-0.07307289892172389,-0.19718249508034646,1.299853097174238,1.5777327049436507,0.2092226375762634
0.06516513445605905,-0.731789922814562,0.2831171458314802,0.09829881524742227,0.7072392610627481,-0.7693177038035366,-0.4424116035629445,0.2092226375762634
1.2719268836423367,-0.731789922814562,0.2831171458314802,-0.5871880414291624,0.173862327952718,-0.7693177038035366,-0.4424116035629445,0.2092226375762634
0.06516513445605905,0.5713708336889765,0.2831171458314802,-0.07307289892172389,-0.12761159076164688,-0.7693177038035366,-0.4424116035629445,0.31541470108113895
0.06516513445605905,-0.08020954456279278,0.2831171458314802,1.0122812908162018,0.173862327952718,-0.7693177038035366,1.5777327049436507,0.4114932347284073
0.06516513445605905,-0.08020954456279278,0.2831171458314802,-0.3586924225369675,0.3825750409088168,-0.7693177038035366,-0.4424116035629445,0.4114932347284073
-1.1415966147302186,-0.08020954456279278,0.2831171458314802,-0.7585597555983086,-0.19718249508034646,1.299853097174238,-0.4424116035629445,0.4114932347284073
-1.1415966147302186,0.5713708336889765,0.2831171458314802,-0.9870553744905034,0.6608586581836151,1.299853097174238,-0.4424116035629445,0.31541470108113895
-1.1415966147302186,0.5713708336889765,0.2831171458314802,-0.7014358508752598,-0.7305594281903766,1.299853097174238,-0.4424116035629445,0.31541470108113895
1.2719268836423367,-1.3833703010663312,0.2831171458314802,-0.4158163272600162,0.3593847394692502,-0.7693177038035366,-0.4424116035629445,0.07268998449856622
1.2719268836423367,-1.3833703010663312,0.2831171458314802,1.1265291002622992,0.0115302178757523,-0.7693177038035366,-0.4424116035629445,0.07268998449856622
0.06516513445605905,-0.08020954456279278,0.2831171458314802,1.9833876711080298,0.26662353371098413,-0.7693177038035366,-0.4424116035629445,0.4114932347284073
1.2719268836423367,1.5487414010666303,0.2831171458314802,-0.07307289892172389,0.3593847394692502,-0.7693177038035366,-0.4424116035629445,0.113144103928995
0.06516513445605905,-0.08020954456279278,0.2831171458314802,0.4410422435857146,-0.19718249508034646,-0.7693177038035366,-0.4424116035629445,0.4114932347284073
1.2719268836423367,0.5713708336889765,0.2831171458314802,1.5835203380466891,0.24343323227141758,-0.7693177038035366,-0.4424116035629445,0.31541470108113895
1.2719268836423367,1.5487414010666303,0.2831171458314802,-0.18732070836782133,0.3593847394692502,-0.7693177038035366,-0.4424116035629445,0.113144103928995
-1.1415966147302186,1.5487414010666303,0.2831171458314802,-0.8156836603213573,-0.12761159076164688,1.299853097174238,-0.4424116035629445,0.113144103928995
-1.1415966147302186,0.5713708336889765,0.2831171458314802,-0.5871880414291624,0.3825750409088168,1.299853097174238,-0.4424116035629445,0.31541470108113895
0.06516513445605905,-0.731789922814562,0.2831171458314802,-0.6443119461522111,0.3361944380296837,-0.7693177038035366,-0.4424116035629445,0.2092226375762634
0.06516513445605905,-0.731789922814562,0.2831171458314802,-0.872807565044406,0.0115302178757523,-0.7693177038035366,-0.4424116035629445,0.2092226375762634
1.2719268836423367,-0.08020954456279278,0.2831171458314802,-0.18732070836782133,0.0115302178757523,-0.7693177038035366,1.5777327049436507,0.4114932347284073
0.06516513445605905,-1.3833703010663312,0.2831171458314802,0.2125466246935197,0.24343323227141758,-0.7693177038035366,-0.4424116035629445,0.07268998449856622
0.06516513445605905,0.5713708336889765,0.2831171458314802,0.6124139577548607,0.3593847394692502,-0.7693177038035366,-0.4424116035629445,0.31541470108113895
1.2719268836423367,0.5713708336889765,0.2831171458314802,-0.18732070836782133,0.15067202651315148,-0.7693177038035366,-0.4424116035629445,0.31541470108113895
-1.1415966147302186,1.5487414010666303,0.2831171458314802,-0.872807565044406,-0.17399219364077992,1.299853097174238,-0.4424116035629445,0.113144103928995
0.06516513445605905,0.5713708336889765,0.2831171458314802,-0.24444461309087007,-0.19718249508034646,-0.7693177038035366,-0.4424116035629445,0.31541470108113895
0.06516513445605905,-0.08020954456279278,0.2831171458314802,0.041174910524373554,0.6608586581836151,-0.7693177038035366,-0.4424116035629445,0.4114932347284073
1.2719268836423367,-1.3833703010663312,0.2831171458314802,2.1547593852771763,0.0115302178757523,-0.7693177038035366,-0.4424116035629445,0.07268998449856622
1.2719268836423367,1.5487414010666303,0.2831171458314802,0.7266617672009582,0.6608586581836151,-0.7693177038035366,-0.4424116035629445,0.113144103928995
1.2719268836423367,-0.731789922814562,0.2831171458314802,0.3267944341396172,0.173862327952718,-0.7693177038035366,-0.4424116035629445,0.2092226375762634
-1.1415966147302186,0.5713708336889765,0.2831171458314802,-0.5871880414291624,0.15067202651315148,1.299853097174238,-0.4424116035629445,0.31541470108113895
-1.1415966147302186,-0.731789922814562,0.2831171458314802,2.040511575831079,0.15067202651315148,1.299853097174238,1.5777327049436507,0.2092226375762634
1.2719268836423367,1.5487414010666303,0.2831171458314802,-0.47294023198306495,0.15067202651315148,-0.7693177038035366,-0.4424116035629445,0.113144103928995
-1.1415966147302186,0.5713708336889765,0.2831171458314802,-0.872807565044406,0.7072392610627481,1.299853097174238,-0.4424116035629445,0.31541470108113895
1.2719268836423367,-0.08020954456279278,0.2831171458314802,0.3267944341396172,0.6608586581836151,-0.7693177038035366,-0.4424116035629445,0.4114932347284073
0.06516513445605905,0.5713708336889765,0.2831171458314802,-0.3586924225369675,0.3361944380296837,-0.7693177038035366,-0.4424116035629445,0.31541470108113895
1.2719268836423367,-0.731789922814562,0.2831171458314802,1.8120159569388838,0.0115302178757523,-0.7693177038035366,-0.4424116035629445,0.2092226375762634
0.06516513445605905,0.5713708336889765,0.2831171458314802,-0.8156836603213573,-0.7305594281903766,-0.7693177038035366,-0.4424116035629445,0.31541470108113895
-1.1415966147302186,-0.08020954456279278,0.2831171458314802,0.9551573860931531,-0.17399219364077992,1.299853097174238,-0.4424116035629445,0.4114932347284073
-1.1415966147302186,-0.731789922814562,0.2831171458314802,-0.9299314697674548,0.3361944380296837,1.299853097174238,-0.4424116035629445,0.2092226375762634
1.2719268836423367,-0.731789922814562,0.2831171458314802,-0.4158163272600162,0.6608586581836151,-0.7693177038035366,-0.4424116035629445,0.2092226375762634
0.06516513445605905,1.5487414010666303,0.2831171458314802,-0.6443119461522111,0.15067202651315148,-0.7693177038035366,-0.4424116035629445,0.113144103928995
-1.1415966147302186,-0.08020954456279278,0.2831171458314802,-0.7585597555983086,0.6608586581836151,1.299853097174238,-0.4424116035629445,0.4114932347284073
1.2719268836423367,0.5713708336889765,0.2831171458314802,-0.872807565044406,0.15067202651315148,-0.7693177038035366,-0.4424116035629445,0.31541470108113895
1.2719268836423367,1.5487414010666303,0.2831171458314802,-0.872807565044406,0.3825750409088168,-0.7693177038035366,-0.4424116035629445,0.113144103928995
0.06516513445605905,-1.3833703010663312,0.2831171458314802,-0.9870553744905034,0.173862327952718,-0.7693177038035366,-0.4424116035629445,0.07268998449856622
0.06516513445605905,-0.731789922814562,0.2831171458314802,-0.7014358508752598,0.173862327952718,-0.7693177038035366,1.5777327049436507,0.2092226375762634
0.06516513445605905,0.5713708336889765,0.2831171458314802,-0.3015685178139188,0.05791082075488536,-0.7693177038035366,-0.4424116035629445,0.31541470108113895
0.06516513445605905,-0.08020954456279278,0.2831171458314802,-0.07307289892172389,0.3593847394692502,-0.7693177038035366,-0.4424116035629445,0.4114932347284073
-1.1415966147302186,-0.731789922814562,0.2831171458314802,-0.9299314697674548,0.26662353371098413,1.299853097174238,-0.4424116035629445,0.2092226375762634
1.2719268836423367,0.5713708336889765,0.2831171458314802,-0.3586924225369675,0.24343323227141758,-0.7693177038035366,-0.4424116035629445,0.31541470108113895
1.2719268836423367,0.5713708336889765,0.2831171458314802,1.183653004985348,0.05791082075488536,-0.7693177038035366,-0.4424116035629445,0.31541470108113895
-1.1415966147302186,-0.08020954456279278,0.2831171458314802,2.040511575831079,0.173862327952718,1.299853097174238,-0.4424116035629445,0.4114932347284073
0.06516513445605905,-0.08020954456279278,0.2831171458314802,-0.9299314697674548,0.6608586581836151,-0.7693177038035366,-0.4424116035629445,0.4114932347284073
-1.1415966147302186,1.5487414010666303,0.2831171458314802,-0.872807565044406,0.45214594522751633,1.299853097174238,-0.4424116035629445,0.113144103928995
-1.1415966147302186,-0.731789922814562,0.2831171458314802,0.4981661483087633,0.15067202651315148,1.299853097174238,-0.4424116035629445,0.2092226375762634
1.2719268836423367,-0.08020954456279278,0.2831171458314802,-0.07307289892172389,-0.19718249508034646,-0.7693177038035366,-0.4424116035629445,0.4114932347284073
1.2719268836423367,0.5713708336889765,0.2831171458314802,-0.9299314697674548,0.45214594522751633,-0.7693177038035366,1.5777327049436507,0.31541470108113895
0.06516513445605905,0.5713708336889765,0.2831171458314802,-0.47294023198306495,0.7072392610627481,-0.7693177038035366,-0.4424116035629445,0.31541470108113895
-1.1415966147302186,-0.731789922814562,0.2831171458314802,-0.9870553744905034,0.3361944380296837,1.299853097174238,-0.4424116035629445,0.2092226375762634
1.2719268836423367,-0.731789922814562,0.2831171458314802,-0.4158163272600162,0.05791082075488536,-0.7693177038035366,-0.4424116035629445,0.2092226375762634
1.2719268836423367,0.5713708336889765,0.2831171458314802,-0.872807565044406,0.3593847394692502,-0.7693177038035366,-0.4424116035629445,0.31541470108113895
-1.1415966147302186,-0.08020954456279278,0.2831171458314802,-0.47294023198306495,0.05791082075488536,1.299853097174238,1.5777327049436507,0.4114932347284073
1.2719268836423367,-0.08020954456279278,0.2831171458314802,-0.07307289892172389,0.05791082075488536,-0.7693177038035366,3.597877013450246,0.4114932347284073
1.2719268836423367,1.5487414010666303,0.2831171458314802,1.5835203380466891,0.26662353371098413,-0.7693177038035366,-0.4424116035629445,0.113144103928995
0.06516513445605905,-0.08020954456279278,0.2831171458314802,0.9551573860931531,0.0115302178757523,-0.7693177038035366,-0.4424116035629445,0.4114932347284073
1.2719268836423367,-0.08020954456279278,0.2831171458314802,-0.18732070836782133,0.3825750409088168,-0.7693177038035366,-0.4424116035629445,0.4114932347284073
-1.1415966147302186,-0.08020954456279278,0.2831171458314802,-0.872807565044406,0.3593847394692502,1.299853097174238,-0.4424116035629445,0.4114932347284073
1.2719268836423367,1.5487414010666303,0.2831171458314802,-0.3015685178139188,0.24343323227141758,-0.7693177038035366,-0.4424116035629445,0.113144103928995
-1.1415966147302186,-0.731789922814562,0.2831171458314802,-0.6443119461522111,0.3361944380296837,1.299853097174238,-0.4424116035629445,0.2092226375762634
0.06516513445605905,-0.08020954456279278,0.2831171458314802,-0.5300641367061136,-0.7305594281903766,-0.7693177038035366,-0.4424116035629445,0.4114932347284073
1.2719268836423367,1.5487414010666303,0.2831171458314802,-0.18732070836782133,0.3361944380296837,-0.7693177038035366,1.5777327049436507,0.113144103928995
0.06516513445605905,1.5487414010666303,0.2831171458314802,-0.5871880414291624,0.26662353371098413,-0.7693177038035366,-0.4424116035629445,0.113144103928995
-1.1415966147302186,-0.731789922814562,0.2831171458314802,0.3839183388626659,0.6608586581836151,1.299853097174238,-0.4424116035629445,0.2092226375762634
-1.1415966147302186,-0.08020954456279278,0.2831171458314802,1.3550247191544942,0.3593847394692502,1.299853097174238,-0.4424116035629445,0.4114932347284073
0.06516513445605905,0.5713708336889765,0.2831171458314802,0.6695378624779095,0.24343323227141758,-0.7693177038035366,-0.4424116035629445,0.31541470108113895
-1.1415966147302186,1.5487414010666303,0.2831171458314802,1.0694051955392505,0.6608586581836151,1.299853097174238,-0.4424116035629445,0.113144103928995
1.2719268836423367,-1.3833703010663312,0.2831171458314802,-0.4158163272600162,0.3593847394692502,-0.7693177038035366,-0.4424116035629445,0.07268998449856622
1.2719268836423367,-0.731789922814562,0.2831171458314802,-0.5871880414291624,0.3825750409088168,-0.7693177038035366,-0.4424116035629445,0.2092226375762634
0.06516513445605905,1.5487414010666303,0.2831171458314802,-0.872807565044406,0.7072392610627481,-0.7693177038035366,1.5777327049436507,0.113144103928995
-1.1415966147302186,1.5487414010666303,0.2831171458314802,-0.9870553744905034,0.24343323227141758,1.299853097174238,-0.4424116035629445,0.113144103928995
1.2719268836423367,-1.3833703010663312,0.2831171458314802,-0.6443119461522111,0.173862327952718,-0.7693177038035366,-0.4424116035629445,0.07268998449856622
0.06516513445605905,-0.731789922814562,0.2831171458314802,-0.872807565044406,0.7072392610627481,-0.7693177038035366,1.5777327049436507,0.2092226375762634
1.2719268836423367,-0.731789922814562,0.2831171458314802,-0.872807565044406,0.0115302178757523,-0.7693177038035366,-0.4424116035629445,0.2092226375762634
-1.1415966147302186,-1.3833703010663312,0.2831171458314802,-0.8156836603213573,-0.12761159076164688,1.299853097174238,-0.4424116035629445,0.07268998449856622
-1.1415966147302186,-0.731789922814562,0.2831171458314802,-0.5300641367061136,0.3593847394692502,1.299853097174238,1.5777327049436507,0.2092226375762634
-1.1415966147302186,-0.08020954456279278,0.2831171458314802,-0.9870553744905034,0.3825750409088168,1.299853097174238,1.5777327049436507,0.4114932347284073
-1.1415966147302186,-0.731789922814562,0.2831171458314802,0.041174910524373554,0.3593847394692502,1.299853097174238,3.597877013450246,0.2092226375762634
0.06516513445605905,-0.08020954456279278,0.42190006045475487,1.5263964333236404,0.26662353371098413,-0.7693177038035366,-0.4424116035629445,0.4114932347284073
-1.1415966147302186,-1.3833703010663312,0.42190006045475487,-0.7014358508752598,0.0115302178757523,1.299853097174238,-0.4424116035629445,0.07268998449856622
1.2719268836423367,-0.731789922814562,0.42190006045475487,-0.5871880414291624,-0.17399219364077992,-0.7693177038035366,-0.4424116035629445,0.2092226375762634
-1.1415966147302186,-0.08020954456279278,0.42190006045475487,-0.7585597555983086,0.7072392610627481,1.299853097174238,-0.4424116035629445,0.4114932347284073
-1.1415966147302186,-0.731789922814562,0.42190006045475487,-0.4158163272600162,0.0115302178757523,1.299853097174238,1.5777327049436507,0.2092226375762634
0.06516513445605905,-1.3833703010663312,0.42190006045475487,-0.4158163272600162,0.3593847394692502,-0.7693177038035366,-0.4424116035629445,0.07268998449856622
0.06516513445605905,1.5487414010666303,0.42190006045475487,0.2125466246935197,0.15067202651315148,-0.7693177038035366,-0.4424116035629445,0.113144103928995
-1.1415966147302186,0.5713708336889765,0.42190006045475487,0.041174910524373554,0.6608586581836151,1.299853097174238,-0.4424116035629445,0.31541470108113895
0.06516513445605905,-1.3833703010663312,0.42190006045475487,0.041174910524373554,0.6608586581836151,-0.7693177038035366,1.5777327049436507,0.07268998449856622
-1.1415966147302186,-0.08020954456279278,0.42190006045475487,1.8691398616619324,0.15067202651315148,1.299853097174238,-0.4424116035629445,0.4114932347284073
1.2719268836423367,-0.731789922814562,0.42190006045475487,0.6695378624779095,0.3593847394692502,-0.7693177038035366,-0.4424116035629445,0.2092226375762634
-1.1415966147302186,-0.08020954456279278,0.42190006045475487,0.09829881524742227,0.6608586581836151,1.299853097174238,-0.4424116035629445,0.4114932347284073
0.06516513445605905,1.5487414010666303,0.42190006045475487,1.6406442427697379,0.15067202651315148,-0.7693177038035366,-0.4424116035629445,0.113144103928995
1.2719268836423367,-1.3833703010663312,0.42190006045475487,-0.01594899419867517,-0.7305594281903766,-0.7693177038035366,-0.4424116035629445,0.07268998449856622
-1.1415966147302186,0.5713708336889765,0.42190006045475487,1.0694051955392505,0.3593847394692502,1.299853097174238,-0.4424116035629445,0.31541470108113895
0.06516513445605905,-0.731789922814562,0.42190006045475487,3.639980908076443,0.6608586581836151,-0.7693177038035366,-0.4424116035629445,0.2092226375762634
0.06516513445605905,-0.08020954456279278,0.42190006045475487,-0.7014358508752598,-0.12761159076164688,-0.7693177038035366,-0.4424116035629445,0.4114932347284073
0.06516513445605905,-1.3833703010663312,0.42190006045475487,0.041174910524373554,0.6608586581836151,-0.7693177038035366,1.5777327049436507,0.07268998449856622
0.06516513445605905,0.5713708336889765,0.42190006045475487,0.8980334813701044,0.05791082075488536,-0.7693177038035366,-0.4424116035629445,0.31541470108113895
1.2719268836423367,-0.08020954456279278,0.42190006045475487,0.155422719970471,0.3825750409088168,-0.7693177038035366,-0.4424116035629445,0.4114932347284073
-1.1415966147302186,-1.3833703010663312,0.42190006045475487,-0.5300641367061136,0.3825750409088168,1.299853097174238,1.5777327049436507,0.07268998449856622
-1.1415966147302186,0.5713708336889765,0.42190006045475487,3.1258657655690043,-0.7305594281903766,1.299853097174238,-0.4424116035629445,0.31541470108113895
-1.1415966147302186,0.5713708336889765,0.42190006045475487,2.6117506230615657,0.173862327952718,1.299853097174238,-0.4424116035629445,0.31541470108113895
0.06516513445605905,-0.731789922814562,0.42190006045475487,-0.5300641367061136,0.24343323227141758,-0.7693177038035366,-0.4424116035629445,0.2092226375762634
-1.1415966147302186,-0.08020954456279278,0.42190006045475487,3.411485289184248,0.3593847394692502,1.299853097174238,-0.4424116035629445,0.4114932347284073
0.06516513445605905,-0.08020954456279278,0.42190006045475487,0.09829881524742227,0.3593847394692502,-0.7693177038035366,-0.4424116035629445,0.4114932347284073
0.06516513445605905,-0.731789922814562,0.42190006045475487,-0.8156836603213573,0.3361944380296837,-0.7693177038035366,-0.4424116035629445,0.2092226375762634
-1.1415966147302186,-1.3833703010663312,0.42190006045475487,-0.5871880414291624,0.6608586581836151,1.299853097174238,-0.4424116035629445,0.07268998449856622
-1.1415966147302186,1.5487414010666303,0.42190006045475487,2.211883290000225,0.3593847394692502,1.299853097174238,-0.4424116035629445,0.113144103928995
1.2719268836423367,-0.08020954456279278,0.42190006045475487,0.3267944341396172,0.0115302178757523,-0.7693177038035366,-0.4424116035629445,0.4114932347284073
0.06516513445605905,1.5487414010666303,0.42190006045475487,-0.3586924225369675,0.173862327952718,-0.7693177038035366,-0.4424116035629445,0.113144103928995
0.06516513445605905,1.5487414010666303,0.42190006045475487,-0.7585597555983086,0.3593847394692502,-0.7693177038035366,1.5777327049436507,0.113144103928995
0.06516513445605905,1.5487414010666303,0.42190006045475487,-0.3586924225369675,0.3593847394692502,-0.7693177038035366,3.597877013450246,0.113144103928995
-1.1415966147302186,-0.731789922814562,0.42190006045475487,0.4981661483087633,0.173862327952718,1.299853097174238,1.5777327049436507,0.2092226375762634
0.06516513445605905,0.5713708336889765,0.42190006045475487,-0.01594899419867517,0.173862327952718,-0.7693177038035366,3.597877013450246,0.31541470108113895
1.2719268836423367,-1.3833703010663312,0.42190006045475487,0.7837856719240069,0.45214594522751633,-0.7693177038035366,-0.4424116035629445,0.07268998449856622
1.2719268836423367,-0.08020954456279278,0.42190006045475487,-0.872807565044406,0.3593847394692502,-0.7693177038035366,-0.4424116035629445,0.4114932347284073
-1.1415966147302186,-0.731789922814562,0.42190006045475487,0.6695378624779095,0.15067202651315148,1.299853097174238,-0.4424116035629445,0.2092226375762634
0.06516513445605905,1.5487414010666303,0.42190006045475487,0.041174910524373554,0.3361944380296837,-0.7693177038035366,-0.4424116035629445,0.113144103928995
-1.1415966147302186,-1.3833703010663312,0.42190006045475487,1.0694051955392505,-0.7305594281903766,1.299853097174238,-0.4424116035629445,0.07268998449856622
0.06516513445605905,0.5713708336889765,0.42190006045475487,2.6688745277846144,0.26662353371098413,-0.7693177038035366,-0.4424116035629445,0.31541470108113895
-1.1415966147302186,0.5713708336889765,0.42190006045475487,-0.6443119461522111,0.7072392610627481,1.299853097174238,-0.4424116035629445,0.31541470108113895
0.06516513445605905,1.5487414010666303,0.42190006045475487,-0.3015685178139188,0.15067202651315148,-0.7693177038035366,-0.4424116035629445,0.113144103928995
0.06516513445605905,1.5487414010666303,0.42190006045475487,-0.8156836603213573,0.3825750409088168,-0.7693177038035366,-0.4424116035629445,0.113144103928995
1.2719268836423367,-1.3833703010663312,0.42190006045475487,-0.6443119461522111,0.6608586581836151,-0.7693177038035366,-0.4424116035629445,0.07268998449856622
0.06516513445605905,0.5713708336889765,0.42190006045475487,0.3839183388626659,-0.17399219364077992,-0.7693177038035366,-0.4424116035629445,0.31541470108113895
-1.1415966147302186,-1.3833703010663312,0.42190006045475487,-0.47294023198306495,0.173862327952718,1.299853097174238,-0.4424116035629445,0.07268998449856622
1.2719268836423367,0.5713708336889765,0.42190006045475487,1.3550247191544942,0.24343323227141758,-0.7693177038035366,-0.4424116035629445,0.31541470108113895
0.06516513445605905,-1.3833703010663312,0.42190006045475487,-0.9870553744905034,0.6608586581836151,-0.7693177038035366,-0.4424116035629445,0.07268998449856622
1.2719268836423367,1.5487414010666303,0.42190006045475487,1.8120159569388838,0.05791082075488536,-0.7693177038035366,-0.4424116035629445,0.113144103928995
0.06516513445605905,0.5713708336889765,0.42190006045475487,-0.01594899419867517,0.6608586581836151,-0.7693177038035366,-0.4424116035629445,0.31541470108113895
0.06516513445605905,1.5487414010666303,0.42190006045475487,-0.7585597555983086,0.0115302178757523,-0.7693177038035366,-0.4424116035629445,0.113144103928995
-1.1415966147302186,0.5713708336889765,0.42190006045475487,-0.6443119461522111,0.45214594522751633,1.299853097174238,-0.4424116035629445,0.31541470108113895
-1.1415966147302186,1.5487414010666303,0.42190006045475487,0.3267944341396172,0.26662353371098413,1.299853097174238,-0.4424116035629445,0.113144103928995
-1.1415966147302186,1.5487414010666303,0.42190006045475487,-0.5300641367061136,0.05791082075488536,1.299853097174238,1.5777327049436507,0.113144103928995
-1.1415966147302186,-1.3833703010663312,0.42190006045475487,-0.47294023198306495,0.26662353371098413,1.299853097174238,1.5777327049436507,0.07268998449856622
-1.1415966147302186,0.5713708336889765,0.42190006045475487,-0.7585597555983086,0.6608586581836151,1.299853097174238,-0.4424116035629445,0.31541470108113895
1.2719268836423367,1.5487414010666303,0.42190006045475487,1.6977681474927866,0.3361944380296837,-0.7693177038035366,-0.4424116035629445,0.113144103928995
0.06516513445605905,-1.3833703010663312,0.42190006045475487,-0.7585597555983086,-0.7305594281903766,-0.7693177038035366,-0.4424116035629445,0.07268998449856622
-1.1415966147302186,-0.731789922814562,0.42190006045475487,-0.07307289892172389,0.3593847394692502,1.299853097174238,-0.4424116035629445,0.2092226375762634
0.06516513445605905,0.5713708336889765,0.42190006045475487,-0.8156836603213573,0.6608586581836151,-0.7693177038035366,-0.4424116035629445,0.31541470108113895
-1.1415966147302186,-1.3833703010663312,0.42190006045475487,-0.3586924225369675,0.15067202651315148,1.299853097174238,-0.4424116035629445,0.07268998449856622
0.06516513445605905,-1.3833703010663312,0.42190006045475487,-0.18732070836782133,0.45214594522751633,-0.7693177038035366,-0.4424116035629445,0.07268998449856622
-1.1415966147302186,-0.731789922814562,0.42190006045475487,-0.5871880414291624,0.3825750409088168,1.299853097174238,-0.4424116035629445,0.2092226375762634
1.2719268836423367,-0.731789922814562,0.42190006045475487,0.3839183388626659,0.26662353371098413,-0.7693177038035366,-0.4424116035629445,0.2092226375762634
-1.1415966147302186,-0.731789922814562,0.42190006045475487,0.2125466246935197,0.7072392610627481,1.299853097174238,-0.4424116035629445,0.2092226375762634
0.06516513445605905,-0.08020954456279278,0.42190006045475487,-0.9299314697674548,0.05791082075488536,-0.7693177038035366,-0.4424116035629445,0.4114932347284073
-1.1415966147302186,-0.731789922814562,0.42190006045475487,-0.9299314697674548,0.26662353371098413,1.299853097174238,1.5777327049436507,0.2092226375762634
-1.1415966147302186,0.5713708336889765,0.42190006045475487,1.0694051955392505,0.7072392610627481,1.299853097174238,1.5777327049436507,0.31541470108113895
0.06516513445605905,1.5487414010666303,0.42190006045475487,0.155422719970471,0.6608586581836151,-0.7693177038035366,-0.4424116035629445,0.113144103928995
1.2719268836423367,-0.731789922814562,0.42190006045475487,-0.872807565044406,0.3361944380296837,-0.7693177038035366,-0.4424116035629445,0.2092226375762634
1.2719268836423367,1.5487414010666303,0.42190006045475487,-0.7585597555983086,-0.17399219364077992,-0.7693177038035366,-0.4424116035629445,0.113144103928995
1.2719268836423367,-0.731789922814562,0.42190006045475487,0.155422719970471,-0.19718249508034646,-0.7693177038035366,-0.4424116035629445,0.2092226375762634
0.06516513445605905,1.5487414010666303,0.42190006045475487,1.0122812908162018,0.0115302178757523,-0.7693177038035366,-0.4424116035629445,0.113144103928995
-1.1415966147302186,0.5713708336889765,0.42190006045475487,-0.7585597555983086,0.15067202651315148,1.299853097174238,-0.4424116035629445,0.31541470108113895
0.06516513445605905,0.5713708336889765,0.42190006045475487,-0.9870553744905034,0.24343323227141758,-0.7693177038035366,-0.4424116035629445,0.31541470108113895
1.2719268836423367,-1.3833703010663312,0.42190006045475487,-0.5300641367061136,0.15067202651315148,-0.7693177038035366,1.5777327049436507,0.07268998449856622
-1.1415966147302186,-0.731789922814562,0.42190006045475487,-0.7014358508752598,0.173862327952718,1.299853097174238,-0.4424116035629445,0.2092226375762634
-1.1415966147302186,-0.08020954456279278,0.42190006045475487,-0.9870553744905034,0.6608586581836151,1.299853097174238,-0.4424116035629445,0.4114932347284073
0.06516513445605905,1.5487414010666303,0.42190006045475487,-0.872807565044406,0.6608586581836151,-0.7693177038035366,-0.4424116035629445,0.113144103928995
1.2719268836423367,-1.3833703010663312,0.42190006045475487,1.183653004985348,0.173862327952718,-0.7693177038035366,1.5777327049436507,0.07268998449856622
0.06516513445605905,0.5713708336889765,0.42190006045475487,-0.8156836603213573,-0.19718249508034646,-0.7693177038035366,-0.4424116035629445,0.31541470108113895
-1.1415966147302186,-0.08020954456279278,0.42190006045475487,1.9833876711080298,0.15067202651315148,1.299853097174238,-0.4424116035629445,0.4114932347284073
0.06516513445605905,0.5713708336889765,0.42190006045475487,1.1265291002622992,0.24343323227141758,-0.7693177038035366,-0.4424116035629445,0.31541470108113895
-1.1415966147302186,1.5487414010666303,0.42190006045475487,-0.5300641367061136,0.3593847394692502,1.299853097174238,-0.4424116035629445,0.113144103928995
-1.1415966147302186,0.5713708336889765,0.42190006045475487,-0.47294023198306495,0.45214594522751633,1.299853097174238,-0.4424116035629445,0.31541470108113895
1.2719268836423367,-1.3833703010663312,0.42190006045475487,-0.872807565044406,0.05791082075488536,-0.7693177038035366,-0.4424116035629445,0.07268998449856622
0.06516513445605905,-0.731789922814562,0.42190006045475487,-0.9299314697674548,-0.17399219364077992,-0.7693177038035366,-0.4424116035629445,0.2092226375762634
-1.1415966147302186,1.5487414010666303,0.42190006045475487,0.2125466246935197,0.26662353371098413,1.299853097174238,-0.4424116035629445,0.113144103928995
1.2719268836423367,-0.08020954456279278,0.42190006045475487,0.555290053031812,0.173862327952718,-0.7693177038035366,-0.4424116035629445,0.4114932347284073
-1.1415966147302186,0.5713708336889765,0.42190006045475487,1.6977681474927866,0.15067202651315148,1.299853097174238,-0.4424116035629445,0.31541470108113895
1.2719268836423367,-0.08020954456279278,0.42190006045475487,-0.872807565044406,0.173862327952718,-0.7693177038035366,1.5777327049436507,0.4114932347284073
1.2719268836423367,-0.08020954456279278,0.42190006045475487,-0.9870553744905034,0.0115302178757523,-0.7693177038035366,-0.4424116035629445,0.4114932347284073
0.06516513445605905,-0.731789922814562,0.42190006045475487,-0.5300641367061136,0.7072392610627481,-0.7693177038035366,-0.4424116035629445,0.2092226375762634
-1.1415966147302186,0.5713708336889765,0.42190006045475487,-0.3015685178139188,0.15067202651315148,1.299853097174238,-0.4424116035629445,0.31541470108113895
0.06516513445605905,0.5713708336889765,0.42190006045475487,1.0694051955392505,0.173862327952718,-0.7693177038035366,1.5777327049436507,0.31541470108113895
1.2719268836423367,-0.731789922814562,0.42190006045475487,0.4410422435857146,0.0115302178757523,-0.7693177038035366,-0.4424116035629445,0.2092226375762634
0.06516513445605905,-0.731789922814562,0.42190006045475487,-0.5871880414291624,-0.19718249508034646,-0.7693177038035366,-0.4424116035629445,0.2092226375762634
0.06516513445605905,0.5713708336889765,0.42190006045475487,0.4981661483087633,-0.7305594281903766,-0.7693177038035366,-0.4424116035629445,0.31541470108113895
1.2719268836423367,-0.08020954456279278,0.42190006045475487,-0.4158163272600162,0.45214594522751633,-0.7693177038035366,-0.4424116035629445,0.4114932347284073
1.2719268836423367,0.5713708336889765,0.42190006045475487,-0.5871880414291624,0.24343323227141758,-0.7693177038035366,-0.4424116035629445,0.31541470108113895
0.06516513445605905,1.5487414010666303,0.42190006045475487,0.2125466246935197,0.173862327952718,-0.7693177038035366,-0.4424116035629445,0.113144103928995
-1.1415966147302186,-0.08020954456279278,0.42190006045475487,-0.7585597555983086,-0.12761159076164688,1.299853097174238,-0.4424116035629445,0.4114932347284073
-1.1415966147302186,-0.08020954456279278,0.42190006045475487,0.3839183388626659,0.26662353371098413,1.299853097174238,-0.4424116035629445,0.4114932347284073
1.2719268836423367,-1.3833703010663312,0.42190006045475487,-0.5300641367061136,-0.12761159076164688,-0.7693177038035366,1.5777327049436507,0.07268998449856622
-1.1415966147302186,-0.731789922814562,0.42190006045475487,0.4981661483087633,0.3825750409088168,1.299853097174238,-0.4424116035629445,0.2092226375762634
1.2719268836423367,-1.3833703010663312,0.42190006045475487,0.3267944341396172,-0.19718249508034646,-0.7693177038035366,-0.4424116035629445,0.07268998449856622
0.06516513445605905,0.5713708336889765,0.42190006045475487,0.155422719970471,0.45214594522751633,-0.7693177038035366,-0.4424116035629445,0.31541470108113895
0.06516513445605905,0.5713708336889765,0.42190006045475487,-0.18732070836782133,-0.19718249508034646,-0.7693177038035366,1.5777327049436507,0.31541470108113895
-1.1415966147302186,-0.08020954456279278,0.42190006045475487,0.09829881524742227,0.15067202651315148,1.299853097174238,-0.4424116035629445,0.4114932347284073
1.2719268836423367,-1.3833703010663312,0.42190006045475487,-0.18732070836782133,0.05791082075488536,-0.7693177038035366,-0.4424116035629445,0.07268998449856622
1.2719268836423367,-0.731789922814562,0.42190006045475487,-0.7585597555983086,0.24343323227141758,-0.7693177038035366,-0.4424116035629445,0.2092226375762634
0.06516513445605905,0.5713708336889765,0.42190006045475487,0.09829881524742227,0.0115302178757523,-0.7693177038035366,-0.4424116035629445,0.31541470108113895
-1.1415966147302186,-0.731789922814562,0.42190006045475487,-0.872807565044406,-0.19718249508034646,1.299853097174238,1.5777327049436507,0.2092226375762634
1.2719268836423367,0.5713708336889765,0.42190006045475487,-0.8156836603213573,0.24343323227141758,-0.7693177038035366,1.5777327049436507,0.31541470108113895
0.06516513445605905,0.5713708336889765,0.42190006045475487,0.155422719970471,0.24343323227141758,-0.7693177038035366,3.597877013450246,0.31541470108113895
1.2719268836423367,-0.08020954456279278,0.42190006045475487,-0.9299314697674548,0.6608586581836151,-0.7693177038035366,-0.4424116035629445,0.4114932347284073
-1.1415966147302186,0.5713708336889765,0.42190006045475487,0.3839183388626659,0.3593847394692502,1.299853097174238,-0.4424116035629445,0.31541470108113895
1.2719268836423367,-0.08020954456279278,0.42190006045475487,0.4981661483087633,0.0115302178757523,-0.7693177038035366,-0.4424116035629445,0.4114932347284073
0.06516513445605905,0.5713708336889765,0.42190006045475487,-0.18732070836782133,-0.17399219364077992,-0.7693177038035366,-0.4424116035629445,0.31541470108113895
-1.1415966147302186,1.5487414010666303,0.42190006045475487,-0.7014358508752598,0.173862327952718,1.299853097174238,-0.4424116035629445,0.113144103928995
0.06516513445605905,1.5487414010666303,0.42190006045475487,0.4410422435857146,0.3593847394692502,-0.7693177038035366,-0.4424116035629445,0.113144103928995
-1.1415966147302186,1.5487414010666303,0.42190006045475487,0.155422719970471,0.6608586581836151,1.299853097174238,-0.4424116035629445,0.113144103928995
0.06516513445605905,-0.731789922814562,0.42190006045475487,2.211883290000225,0.3593847394692502,-0.7693177038035366,-0.4424116035629445,0.2092226375762634
-1.1415966147302186,-1.3833703010663312,0.42190006045475487,0.26967052941656844,0.173862327952718,1.299853097174238,-0.4424116035629445,0.07268998449856622
1.2719268836423367,-1.3833703010663312,0.42190006045475487,-0.18732070836782133,-0.12761159076164688,-0.7693177038035366,-0.4424116035629445,0.07268998449856622
-1.1415966147302186,-1.3833703010663312,0.42190006045475487,4.154096050583881,0.15067202651315148,1.299853097174238,-0.4424116035629445,0.07268998449856622
1.2719268836423367,-0.08020954456279278,0.42190006045475487,-0.6443119461522111,0.24343323227141758,-0.7693177038035366,-0.4424116035629445,0.4114932347284073
1.2719268836423367,-0.08020954456279278,0.42190006045475487,0.155422719970471,0.15067202651315148,-0.7693177038035366,1.5777327049436507,0.4114932347284073
0.06516513445605905,-0.731789922814562,0.42190006045475487,-0.9870553744905034,-0.17399219364077992,-0.7693177038035366,-0.4424116035629445,0.2092226375762634
0.06516513445605905,1.5487414010666303,0.42190006045475487,1.8691398616619324,0.15067202651315148,-0.7693177038035366,-0.4424116035629445,0.113144103928995
0.06516513445605905,-0.731789922814562,0.42190006045475487,-0.9870553744905034,0.26662353371098413,-0.7693177038035366,-0.4424116035629445,0.2092226375762634
1.2719268836423367,1.5487414010666303,0.42190006045475487,-0.7014358508752598,0.26662353371098413,-0.7693177038035366,1.5777327049436507,0.113144103928995
1.2719268836423367,-0.731789922814562,0.42190006045475487,-0.8156836603213573,0.7072392610627481,-0.7693177038035366,-0.4424116035629445,0.2092226375762634
0.06516513445605905,0.5713708336889765,0.42190006045475487,0.26967052941656844,0.6608586581836151,-0.7693177038035366,-0.4424116035629445,0.31541470108113895
-1.1415966147302186,-1.3833703010663312,0.42190006045475487,2.8973701466768094,0.3593847394692502,1.299853097174238,-0.4424116035629445,0.07268998449856622
1.2719268836423367,0.5713708336889765,0.42190006045475487,-0.7585597555983086,0.3825750409088168,-0.7693177038035366,-0.4424116035629445,0.31541470108113895
0.06516513445605905,0.5713708336889765,0.42190006045475487,0.2125466246935197,0.26662353371098413,-0.7693177038035366,-0.4424116035629445,0.31541470108113895
0.06516513445605905,-0.731789922814562,0.42190006045475487,1.412148623877543,0.3361944380296837,-0.7693177038035366,-0.4424116035629445,0.2092226375762634
1.2719268836423367,-1.3833703010663312,0.42190006045475487,0.8409095766470557,0.3825750409088168,-0.7693177038035366,-0.4424116035629445,0.07268998449856622
-1.1415966147302186,-0.08020954456279278,0.42190006045475487,-0.5871880414291624,-0.19718249508034646,1.299853097174238,-0.4424116035629445,0.4114932347284073
-1.1415966147302186,1.5487414010666303,0.42190006045475487,-0.07307289892172389,0.26662353371098413,1.299853097174238,-0.4424116035629445,0.113144103928995
0.06516513445605905,-1.3833703010663312,0.42190006045475487,-0.5871880414291624,0.6608586581836151,-0.7693177038035366,-0.4424116035629445,0.07268998449856622
1.2719268836423367,-0.08020954456279278,0.42190006045475487,1.183653004985348,0.3593847394692502,-0.7693177038035366,-0.4424116035629445,0.4114932347284073
1.2719268836423367,-0.08020954456279278,0.42190006045475487,-0.6443119461522111,0.3593847394692502,-0.7693177038035366,-0.4424116035629445,0.4114932347284073
-1.1415966147302186,0.5713708336889765,0.42190006045475487,0.7837856719240069,-0.19718249508034646,1.299853097174238,-0.4424116035629445,0.31541470108113895
1.2719268836423367,1.5487414010666303,0.42190006045475487,2.2690071947232737,0.45214594522751633,-0.7693177038035366,-0.4424116035629445,0.113144103928995
0.06516513445605905,0.5713708336889765,0.42190006045475487,1.6977681474927866,-0.19718249508034646,-0.7693177038035366,-0.4424116035629445,0.31541470108113895
-1.1415966147302186,-0.08020954456279278,0.42190006045475487,-0.7014358508752598,0.15067202651315148,1.299853097174238,-0.4424116035629445,0.4114932347284073
0.06516513445605905,1.5487414010666303,0.42190006045475487,0.155422719970471,0.7072392610627481,-0.7693177038035366,-0.4424116035629445,0.113144103928995
-1.1415966147302186,-1.3833703010663312,0.42190006045475487,-0.47294023198306495,0.7072392610627481,1.299853097174238,1.5777327049436507,0.07268998449856622
-1.1415966147302186,1.5487414010666303,0.42190006045475487,0.155422719970471,-0.12761159076164688,1.299853097174238,-0.4424116035629445,0.113144103928995
-1.1415966147302186,-0.731789922814562,0.42190006045475487,1.5263964333236404,0.26662353371098413,1.299853097174238,-0.4424116035629445,0.2092226375762634
0.06516513445605905,1.5487414010666303,0.42190006045475487,1.8120159569388838,-0.17399219364077992,-0.7693177038035366,-0.4424116035629445,0.113144103928995
-1.1415966147302186,1.5487414010666303,0.42190006045475487,-0.7585597555983086,0.05791082075488536,1.299853097174238,-0.4424116035629445,0.113144103928995
1.2719268836423367,0.5713708336889765,0.42190006045475487,-0.3015685178139188,0.15067202651315148,-0.7693177038035366,-0.4424116035629445,0.31541470108113895
-1.1415966147302186,-0.08020954456279278,0.42190006045475487,-0.8156836603213573,0.3593847394692502,1.299853097174238,-0.4424116035629445,0.4114932347284073
1.2719268836423367,1.5487414010666303,0.42190006045475487,0.7837856719240069,0.26662353371098413,-0.7693177038035366,-0.4424116035629445,0.113144103928995
-1.1415966147302186,-0.08020954456279278,0.42190006045475487,0.2125466246935197,0.24343323227141758,1.299853097174238,-0.4424116035629445,0.4114932347284073
0.06516513445605905,1.5487414010666303,0.42190006045475487,-0.4158163272600162,0.26662353371098413,-0.7693177038035366,1.5777327049436507,0.113144103928995
1.2719268836423367,-0.08020954456279278,0.42190006045475487,0.3267944341396172,0.6608586581836151,-0.7693177038035366,-0.4424116035629445,0.4114932347284073
1.2719268836423367,-0.731789922814562,0.42190006045475487,-0.5300641367061136,0.7072392610627481,-0.7693177038035366,-0.4424116035629445,0.2092226375762634
0.06516513445605905,-1.3833703010663312,0.42190006045475487,1.183653004985348,-0.7305594281903766,-0.7693177038035366,-0.4424116035629445,0.07268998449856622
0.06516513445605905,-1.3833703010663312,0.42190006045475487,-0.4158163272600162,-0.7305594281903766,-0.7693177038035366,1.5777327049436507,0.07268998449856622
0.06516513445605905,0.5713708336889765,0.42190006045475487,-0.7014358508752598,-0.19718249508034646,-0.7693177038035366,-0.4424116035629445,0.31541470108113895
1.2719268836423367,-1.3833703010663312,0.42190006045475487,0.6124139577548607,0.0115302178757523,-0.7693177038035366,-0.4424116035629445,0.07268998449856622
1.2719268836423367,0.5713708336889765,0.42190006045475487,1.0122812908162018,0.24343323227141758,-0.7693177038035366,-0.4424116035629445,0.31541470108113895
-1.1415966147302186,1.5487414010666303,0.42190006045475487,-0.47294023198306495,0.3361944380296837,1.299853097174238,-0.4424116035629445,0.113144103928995
1.2719268836423367,0.5713708336889765,0.42190006045475487,-0.9299314697674548,-0.12761159076164688,-0.7693177038035366,-0.4424116035629445,0.31541470108113895
0.06516513445605905,-1.3833703010663312,0.42190006045475487,-0.47294023198306495,0.05791082075488536,-0.7693177038035366,-0.4424116035629445,0.07268998449856622
-1.1415966147302186,1.5487414010666303,0.42190006045475487,-0.24444461309087007,0.6608586581836151,1.299853097174238,-0.4424116035629445,0.113144103928995
1.2719268836423367,0.5713708336889765,0.42190006045475487,-0.07307289892172389,0.0115302178757523,-0.7693177038035366,-0.4424116035629445,0.31541470108113895
1.2719268836423367,-0.731789922814562,0.42190006045475487,0.2125466246935197,0.45214594522751633,-0.7693177038035366,-0.4424116035629445,0.2092226375762634
1.2719268836423367,-1.3833703010663312,0.42190006045475487,-0.9870553744905034,-0.19718249508034646,-0.7693177038035366,-0.4424116035629445,0.07268998449856622
0.06516513445605905,-1.3833703010663312,0.42190006045475487,-0.7014358508752598,-0.19718249508034646,-0.7693177038035366,1.5777327049436507,0.07268998449856622
1.2719268836423367,-0.08020954456279278,0.42190006045475487,-0.872807565044406,0.24343323227141758,-0.7693177038035366,-0.4424116035629445,0.4114932347284073
0.06516513445605905,0.5713708336889765,0.42190006045475487,-0.9299314697674548,0.6608586581836151,-0.7693177038035366,1.5777327049436507,0.31541470108113895
0.06516513445605905,-0.08020954456279278,0.42190006045475487,-0.5871880414291624,0.6608586581836151,-0.7693177038035366,-0.4424116035629445,0.4114932347284073
-1.1415966147302186,1.5487414010666303,0.42190006045475487,-0.9870553744905034,0.15067202651315148,1.299853097174238,3.597877013450246,0.113144103928995
-1.1415966147302186,0.5713708336889765,0.42190006045475487,2.4403789088924195,0.15067202651315148,1.299853097174238,-0.4424116035629445,0.31541470108113895
1.2719268836423367,-0.08020954456279278,0.42190006045475487,-0.7585597555983086,-0.17399219364077992,-0.7693177038035366,-0.4424116035629445,0.4114932347284073
1.2719268836423367,1.5487414010666303,0.42190006045475487,0.7837856719240069,0.15067202651315148,-0.7693177038035366,1.5777327049436507,0.113144103928995
1.2719268836423367,1.5487414010666303,0.42190006045475487,-0.9870553744905034,0.15067202651315148,-0.7693177038035366,-0.4424116035629445,0.113144103928995
0.06516513445605905,-1.3833703010663312,0.42190006045475487,0.3839183388626659,0.15067202651315148,-0.7693177038035366,-0.4424116035629445,0.07268998449856622
-1.1415966147302186,0.5713708336889765,0.42190006045475487,-0.9870553744905034,0.7072392610627481,1.299853097174238,3.597877013450246,0.31541470108113895
0.06516513445605905,-1.3833703010663312,0.42190006045475487,-0.5871880414291624,-0.19718249508034646,-0.7693177038035366,-0.4424116035629445,0.07268998449856622
-1.1415966147302186,0.5713708336889765,0.42190006045475487,1.8691398616619324,-0.17399219364077992,1.299853097174238,-0.4424116035629445,0.31541470108113895
1.2719268836423367,1.5487414010666303,0.5606829750780296,1.0694051955392505,0.0115302178757523,-0.7693177038035366,-0.4424116035629445,0.113144103928995
0.06516513445605905,0.5713708336889765,0.5606829750780296,-0.7014358508752598,-0.12761159076164688,-0.7693177038035366,-0.4424116035629445,0.31541470108113895
0.06516513445605905,0.5713708336889765,0.5606829750780296,-0.13019680364477262,0.24343323227141758,-0.7693177038035366,-0.4424116035629445,0.31541470108113895
1.2719268836423367,0.5713708336889765,0.5606829750780296,-0.5300641367061136,0.6608586581836151,-0.7693177038035366,-0.4424116035629445,0.31541470108113895
0.06516513445605905,0.5713708336889765,0.5606829750780296,-0.3015685178139188,0.0115302178757523,-0.7693177038035366,1.5777327049436507,0.31541470108113895
0.06516513445605905,-1.3833703010663312,0.5606829750780296,-0.7585597555983086,-0.12761159076164688,-0.7693177038035366,1.5777327049436507,0.07268998449856622
0.06516513445605905,1.5487414010666303,0.5606829750780296,-0.47294023198306495,-0.17399219364077992,-0.7693177038035366,-0.4424116035629445,0.113144103928995
0.06516513445605905,-1.3833703010663312,0.5606829750780296,-0.7585597555983086,-0.19718249508034646,-0.7693177038035366,-0.4424116035629445,0.07268998449856622
1.2719268836423367,-0.731789922814562,0.5606829750780296,-0.872807565044406,0.173862327952718,-0.7693177038035366,-0.4424116035629445,0.2092226375762634
-1.1415966147302186,-0.731789922814562,0.5606829750780296,0.6124139577548607,-0.12761159076164688,1.299853097174238,1.5777327049436507,0.2092226375762634
1.2719268836423367,-0.08020954456279278,0.5606829750780296,0.26967052941656844,-0.7305594281903766,-0.7693177038035366,-0.4424116035629445,0.4114932347284073
0.06516513445605905,-0.731789922814562,0.5606829750780296,-0.3586924225369675,0.45214594522751633,-0.7693177038035366,-0.4424116035629445,0.2092226375762634
1.2719268836423367,-0.08020954456279278,0.5606829750780296,-0.7014358508752598,-0.17399219364077992,-0.7693177038035366,-0.4424116035629445,0.4114932347284073
0.06516513445605905,-0.731789922814562,0.5606829750780296,-0.24444461309087007,0.6608586581836151,-0.7693177038035366,-0.4424116035629445,0.2092226375762634
-1.1415966147302186,-0.08020954456279278,0.5606829750780296,-0.07307289892172389,0.15067202651315148,1.299853097174238,-0.4424116035629445,0.4114932347284073
1.2719268836423367,1.5487414010666303,0.5606829750780296,0.041174910524373554,0.15067202651315148,-0.7693177038035366,1.5777327049436507,0.113144103928995
0.06516513445605905,-0.731789922814562,0.5606829750780296,-0.3015685178139188,0.05791082075488536,-0.7693177038035366,-0.4424116035629445,0.2092226375762634
0.06516513445605905,-1.3833703010663312,0.5606829750780296,-0.6443119461522111,-0.17399219364077992,-0.7693177038035366,-0.4424116035629445,0.07268998449856622
1.2719268836423367,1.5487414010666303,0.5606829750780296,-0.07307289892172389,-0.7305594281903766,-0.7693177038035366,-0.4424116035629445,0.113144103928995
0.06516513445605905,-0.731789922814562,0.5606829750780296,1.754892052215835,0.26662353371098413,-0.7693177038035366,-0.4424116035629445,0.2092226375762634
-1.1415966147302186,-0.731789922814562,0.5606829750780296,-0.872807565044406,0.3361944380296837,1.299853097174238,-0.4424116035629445,0.2092226375762634
0.06516513445605905,0.5713708336889765,0.5606829750780296,-0.7014358508752598,0.6608586581836151,-0.7693177038035366,-0.4424116035629445,0.31541470108113895
-1.1415966147302186,-1.3833703010663312,0.5606829750780296,-0.9299314697674548,-0.17399219364077992,1.299853097174238,-0.4424116035629445,0.07268998449856622
1.2719268836423367,0.5713708336889765,0.5606829750780296,-0.7585597555983086,0.3825750409088168,-0.7693177038035366,-0.4424116035629445,0.31541470108113895
-1.1415966147302186,0.5713708336889765,0.5606829750780296,1.2979008144314454,0.6608586581836151,1.299853097174238,-0.4424116035629445,0.31541470108113895
-1.1415966147302186,-0.731789922814562,0.5606829750780296,-0.13019680364477262,0.26662353371098413,1.299853097174238,-0.4424116035629445,0.2092226375762634
1.2719268836423367,-0.08020954456279278,0.5606829750780296,-0.5871880414291624,0.0115302178757523,-0.7693177038035366,-0.4424116035629445,0.4114932347284073
0.06516513445605905,-0.08020954456279278,0.5606829750780296,-0.8156836603213573,0.05791082075488536,-0.7693177038035366,-0.4424116035629445,0.4114932347284073
0.06516513445605905,1.5487414010666303,0.5606829750780296,-0.7014358508752598,-0.19718249508034646,-0.7693177038035366,-0.4424116035629445,0.113144103928995
1.2719268836423367,-0.08020954456279278,0.5606829750780296,-0.5300641367061136,0.7072392610627481,-0.7693177038035366,-0.4424116035629445,0.4114932347284073
1.2719268836423367,0.5713708336889765,0.5606829750780296,-0.872807565044406,0.15067202651315148,-0.7693177038035366,-0.4424116035629445,0.31541470108113895
-1.1415966147302186,1.5487414010666303,0.5606829750780296,-0.3586924225369675,-0.17399219364077992,1.299853097174238,-0.4424116035629445,0.113144103928995
-1.1415966147302186,1.5487414010666303,0.5606829750780296,0.6695378624779095,0.45214594522751633,1.299853097174238,-0.4424116035629445,0.113144103928995
0.06516513445605905,-1.3833703010663312,0.5606829750780296,2.326131099446322,-0.19718249508034646,-0.7693177038035366,-0.4424116035629445,0.07268998449856622
0.06516513445605905,-1.3833703010663312,0.5606829750780296,-0.872807565044406,0.173862327952718,-0.7693177038035366,-0.4424116035629445,0.07268998449856622
1.2719268836423367,1.5487414010666303,0.5606829750780296,-0.7585597555983086,0.26662353371098413,-0.7693177038035366,-0.4424116035629445,0.113144103928995
0.06516513445605905,-0.731789922814562,0.5606829750780296,-0.4158163272600162,0.6608586581836151,-0.7693177038035366,-0.4424116035629445,0.2092226375762634
0.06516513445605905,-0.731789922814562,0.5606829750780296,-0.4158163272600162,0.3593847394692502,-0.7693177038035366,-0.4424116035629445,0.2092226375762634
0.06516513445605905,-0.08020954456279278,0.5606829750780296,0.3267944341396172,-0.17399219364077992,-0.7693177038035366,-0.4424116035629445,0.4114932347284073
0.06516513445605905,0.5713708336889765,0.5606829750780296,-0.6443119461522111,0.15067202651315148,-0.7693177038035366,-0.4424116035629445,0.31541470108113895
-1.1415966147302186,-0.731789922814562,0.5606829750780296,2.211883290000225,0.15067202651315148,1.299853097174238,1.5777327049436507,0.2092226375762634
1.2719268836423367,0.5713708336889765,0.5606829750780296,-0.07307289892172389,-0.19718249508034646,-0.7693177038035366,-0.4424116035629445,0.31541470108113895
-1.1415966147302186,1.5487414010666303,0.5606829750780296,-0.7585597555983086,0.15067202651315148,1.299853097174238,-0.4424116035629445,0.113144103928995
0.06516513445605905,-0.08020954456279278,0.5606829750780296,-0.13019680364477262,0.0115302178757523,-0.7693177038035366,-0.4424116035629445,0.4114932347284073
-1.1415966147302186,-0.731789922814562,0.5606829750780296,-0.6443119461522111,0.05791082075488536,1.299853097174238,-0.4424116035629445,0.2092226375762634
0.06516513445605905,1.5487414010666303,0.5606829750780296,3.411485289184248,0.3825750409088168,-0.7693177038035366,-0.4424116035629445,0.113144103928995
1.2719268836423367,-0.731789922814562,0.5606829750780296,-0.07307289892172389,0.26662353371098413,-0.7693177038035366,-0.4424116035629445,0.2092226375762634
0.06516513445605905,-0.08020954456279278,0.5606829750780296,2.326131099446322,0.24343323227141758,-0.7693177038035366,-0.4424116035629445,0.4114932347284073
1.2719268836423367,-0.08020954456279278,0.5606829750780296,6.039184906444489,0.05791082075488536,-0.7693177038035366,-0.4424116035629445,0.4114932347284073
-1.1415966147302186,0.5713708336889765,0.5606829750780296,-0.7014358508752598,-0.17399219364077992,1.299853097174238,-0.4424116035629445,0.31541470108113895
0.06516513445605905,-0.731789922814562,0.5606829750780296,-0.13019680364477262,0.3593847394692502,-0.7693177038035366,-0.4424116035629445,0.2092226375762634
0.06516513445605905,-0.731789922814562,0.5606829750780296,-0.9299314697674548,0.05791082075488536,-0.7693177038035366,1.5777327049436507,0.2092226375762634
0.06516513445605905,-1.3833703010663312,0.5606829750780296,0.4410422435857146,-0.12761159076164688,-0.7693177038035366,-0.4424116035629445,0.07268998449856622
-1.1415966147302186,-1.3833703010663312,0.5606829750780296,-0.7014358508752598,0.05791082075488536,1.299853097174238,3.597877013450246,0.07268998449856622
-1.1415966147302186,0.5713708336889765,0.5606829750780296,-0.4158163272600162,0.3593847394692502,1.299853097174238,-0.4424116035629445,0.31541470108113895
1.2719268836423367,-1.3833703010663312,0.5606829750780296,-0.9299314697674548,0.15067202651315148,-0.7693177038035366,-0.4424116035629445,0.07268998449856622
-1.1415966147302186,-0.731789922814562,0.5606829750780296,0.041174910524373554,-0.19718249508034646,1.299853097174238,-0.4424116035629445,0.2092226375762634
0.06516513445605905,-1.3833703010663312,0.5606829750780296,-0.9870553744905034,0.0115302178757523,-0.7693177038035366,-0.4424116035629445,0.07268998449856622
1.2719268836423367,0.5713708336889765,0.5606829750780296,-0.47294023198306495,0.05791082075488536,-0.7693177038035366,1.5777327049436507,0.31541470108113895
0.06516513445605905,-0.731789922814562,0.5606829750780296,1.183653004985348,0.3593847394692502,-0.7693177038035366,-0.4424116035629445,0.2092226375762634
-1.1415966147302186,0.5713708336889765,0.5606829750780296,-0.6443119461522111,-0.7305594281903766,1.299853097174238,-0.4424116035629445,0.31541470108113895
0.06516513445605905,-0.731789922814562,0.5606829750780296,0.155422719970471,0.7072392610627481,-0.7693177038035366,-0.4424116035629445,0.2092226375762634
1.2719268836423367,-0.731789922814562,0.5606829750780296,-0.8156836603213573,0.15067202651315148,-0.7693177038035366,-0.4424116035629445,0.2092226375762634
0.06516513445605905,-0.08020954456279278,0.5606829750780296,-0.5300641367061136,0.7072392610627481,-0.7693177038035366,1.5777327049436507,0.4114932347284073
1.2719268836423367,-0.08020954456279278,0.5606829750780296,-0.7585597555983086,0.3361944380296837,-0.7693177038035366,-0.4424116035629445,0.4114932347284073
1.2719268836423367,-0.08020954456279278,0.5606829750780296,0.09829881524742227,0.7072392610627481,-0.7693177038035366,3.597877013450246,0.4114932347284073
0.06516513445605905,0.5713708336889765,0.5606829750780296,-0.13019680364477262,0.3361944380296837,-0.7693177038035366,1.5777327049436507,0.31541470108113895
-1.1415966147302186,-0.731789922814562,0.5606829750780296,-0.9299314697674548,0.05791082075488536,1.299853097174238,-0.4424116035629445,0.2092226375762634
-1.1415966147302186,1.5487414010666303,0.5606829750780296,4.896706811983515,0.7072392610627481,1.299853097174238,-0.4424116035629445,0.113144103928995
1.2719268836423367,-1.3833703010663312,0.5606829750780296,-0.8156836603213573,-0.7305594281903766,-0.7693177038035366,-0.4424116035629445,0.07268998449856622
1.2719268836423367,0.5713708336889765,0.5606829750780296,-0.7585597555983086,0.173862327952718,-0.7693177038035366,-0.4424116035629445,0.31541470108113895
-1.1415966147302186,-1.3833703010663312,0.5606829750780296,-0.9299314697674548,0.6608586581836151,1.299853097174238,-0.4424116035629445,0.07268998449856622
1.2719268836423367,-0.08020954456279278,0.5606829750780296,0.09829881524742227,-0.19718249508034646,-0.7693177038035366,-0.4424116035629445,0.4114932347284073
0.06516513445605905,-0.08020954456279278,0.5606829750780296,-0.47294023198306495,0.7072392610627481,-0.7693177038035366,1.5777327049436507,0.4114932347284073
1.2719268836423367,-0.08020954456279278,0.5606829750780296,1.4692725286005917,0.45214594522751633,-0.7693177038035366,-0.4424116035629445,0.4114932347284073
-1.1415966147302186,-0.08020954456279278,0.5606829750780296,0.8980334813701044,0.26662353371098413,1.299853097174238,-0.4424116035629445,0.4114932347284073
0.06516513445605905,-0.731789922814562,0.5606829750780296,-0.5300641367061136,0.7072392610627481,-0.7693177038035366,-0.4424116035629445,0.2092226375762634
1.2719268836423367,1.5487414010666303,0.5606829750780296,-0.7014358508752598,0.3825750409088168,-0.7693177038035366,-0.4424116035629445,0.113144103928995
1.2719268836423367,-0.731789922814562,0.5606829750780296,0.09829881524742227,0.6608586581836151,-0.7693177038035366,-0.4424116035629445,0.2092226375762634
-1.1415966147302186,-1.3833703010663312,0.5606829750780296,1.183653004985348,0.3361944380296837,1.299853097174238,-0.4424116035629445,0.07268998449856622
1.2719268836423367,-0.08020954456279278,0.5606829750780296,-0.9299314697674548,0.6608586581836151,-0.7693177038035366,-0.4424116035629445,0.4114932347284073
0.06516513445605905,0.5713708336889765,0.5606829750780296,-0.9299314697674548,0.0115302178757523,-0.7693177038035366,-0.4424116035629445,0.31541470108113895
1.2719268836423367,-0.08020954456279278,0.5606829750780296,0.26967052941656844,0.0115302178757523,-0.7693177038035366,1.5777327049436507,0.4114932347284073
0.06516513445605905,1.5487414010666303,0.5606829750780296,1.5263964333236404,0.6608586581836151,-0.7693177038035366,-0.4424116035629445,0.113144103928995
-1.1415966147302186,0.5713708336889765,0.5606829750780296,-0.07307289892172389,-0.19718249508034646,1.299853097174238,-0.4424116035629445,0.31541470108113895
0.06516513445605905,-1.3833703010663312,0.5606829750780296,-0.24444461309087007,0.173862327952718,-0.7693177038035366,-0.4424116035629445,0.07268998449856622
1.2719268836423367,1.5487414010666303,0.5606829750780296,-0.3586924225369675,0.05791082075488536,-0.7693177038035366,-0.4424116035629445,0.113144103928995
0.06516513445605905,-1.3833703010663312,0.5606829750780296,-0.3015685178139188,0.15067202651315148,-0.7693177038035366,-0.4424116035629445,0.07268998449856622
-1.1415966147302186,1.5487414010666303,0.5606829750780296,1.2979008144314454,0.3825750409088168,1.299853097174238,-0.4424116035629445,0.113144103928995
-1.1415966147302186,-0.731789922814562,0.5606829750780296,2.0976354805541275,-0.12761159076164688,1.299853097174238,-0.4424116035629445,0.2092226375762634
0.06516513445605905,0.5713708336889765,0.5606829750780296,-0.7585597555983086,-0.17399219364077992,-0.7693177038035366,-0.4424116035629445,0.31541470108113895
1.2719268836423367,-0.731789922814562,0.5606829750780296,2.725998432507663,0.3361944380296837,-0.7693177038035366,-0.4424116035629445,0.2092226375762634
-1.1415966147302186,0.5713708336889765,0.5606829750780296,0.4410422435857146,0.15067202651315148,1.299853097174238,-0.4424116035629445,0.31541470108113895
-1.1415966147302186,-1.3833703010663312,0.5606829750780296,-0.47294023198306495,-0.19718249508034646,1.299853097174238,-0.4424116035629445,0.07268998449856622
0.06516513445605905,-1.3833703010663312,0.5606829750780296,1.8120159569388838,0.0115302178757523,-0.7693177038035366,-0.4424116035629445,0.07268998449856622
-1.1415966147302186,0.5713708336889765,0.5606829750780296,-0.9299314697674548,-0.19718249508034646,1.299853097174238,1.5777327049436507,0.31541470108113895
0.06516513445605905,-0.08020954456279278,0.5606829750780296,1.5263964333236404,-0.7305594281903766,-0.7693177038035366,-0.4424116035629445,0.4114932347284073
1.2719268836423367,1.5487414010666303,0.5606829750780296,0.555290053031812,0.45214594522751633,-0.7693177038035366,-0.4424116035629445,0.113144103928995
-1.1415966147302186,-0.08020954456279278,0.5606829750780296,-0.9299314697674548,0.3825750409088168,1.299853097174238,-0.4424116035629445,0.4114932347284073
1.2719268836423367,1.5487414010666303,0.5606829750780296,-0.9870553744905034,0.173862327952718,-0.7693177038035366,1.5777327049436507,0.113144103928995
-1.1415966147302186,-0.08020954456279278,0.5606829750780296,-0.9870553744905034,0.45214594522751633,1.299853097174238,-0.4424116035629445,0.4114932347284073
-1.1415966147302186,0.5713708336889765,0.5606829750780296,1.8120159569388838,0.26662353371098413,1.299853097174238,-0.4424116035629445,0.31541470108113895
-1.1415966147302186,0.5713708336889765,0.5606829750780296,0.26967052941656844,0.24343323227141758,1.299853097174238,-0.4424116035629445,0.31541470108113895
0.06516513445605905,-0.08020954456279278,0.5606829750780296,0.155422719970471,0.24343323227141758,-0.7693177038035366,1.5777327049436507,0.4114932347284073
-1.1415966147302186,-1.3833703010663312,0.5606829750780296,-0.18732070836782133,0.24343323227141758,1.299853097174238,3.597877013450246,0.07268998449856622
1.2719268836423367,-1.3833703010663312,0.5606829750780296,1.754892052215835,0.173862327952718,-0.7693177038035366,-0.4424116035629445,0.07268998449856622
-1.1415966147302186,0.5713708336889765,0.5606829750780296,-0.6443119461522111,0.26662353371098413,1.299853097174238,-0.4424116035629445,0.31541470108113895
0.06516513445605905,1.5487414010666303,0.5606829750780296,0.4410422435857146,0.3593847394692502,-0.7693177038035366,-0.4424116035629445,0.113144103928995
-1.1415966147302186,1.5487414010666303,0.5606829750780296,-0.9299314697674548,0.0115302178757523,1.299853097174238,-0.4424116035629445,0.113144103928995
-1.1415966147302186,1.5487414010666303,0.5606829750780296,1.9833876711080298,0.3825750409088168,1.299853097174238,-0.4424116035629445,0.113144103928995
0.06516513445605905,-0.731789922814562,0.5606829750780296,1.8120159569388838,-0.17399219364077992,-0.7693177038035366,-0.4424116035629445,0.2092226375762634
0.06516513445605905,-0.08020954456279278,0.5606829750780296,-0.4158163272600162,0.45214594522751633,-0.7693177038035366,-0.4424116035629445,0.4114932347284073
1.2719268836423367,-0.08020954456279278,0.5606829750780296,0.4410422435857146,0.3593847394692502,-0.7693177038035366,-0.4424116035629445,0.4114932347284073
-1.1415966147302186,0.5713708336889765,0.5606829750780296,1.1265291002622992,0.3825750409088168,1.299853097174238,-0.4424116035629445,0.31541470108113895
0.06516513445605905,-0.731789922814562,0.5606829750780296,0.155422719970471,0.7072392610627481,-0.7693177038035366,-0.4424116035629445,0.2092226375762634
-1.1415966147302186,-1.3833703010663312,0.5606829750780296,-0.6443119461522111,0.3361944380296837,1.299853097174238,-0.4424116035629445,0.07268998449856622
1.2719268836423367,-0.08020954456279278,0.5606829750780296,0.4410422435857146,0.3593847394692502,-0.7693177038035366,-0.4424116035629445,0.4114932347284073
-1.1415966147302186,1.5487414010666303,0.5606829750780296,1.183653004985348,0.05791082075488536,1.299853097174238,-0.4424116035629445,0.113144103928995
-1.1415966147302186,1.5487414010666303,0.5606829750780296,-0.07307289892172389,0.45214594522751633,1.299853097174238,-0.4424116035629445,0.113144103928995
0.06516513445605905,-0.731789922814562,0.5606829750780296,-0.9299314697674548,0.3593847394692502,-0.7693177038035366,-0.4424116035629445,0.2092226375762634
1.2719268836423367,-0.731789922814562,0.5606829750780296,0.09829881524742227,0.6608586581836151,-0.7693177038035366,-0.4424116035629445,0.2092226375762634
1.2719268836423367,0.5713708336889765,0.5606829750780296,-0.47294023198306495,0.3593847394692502,-0.7693177038035366,1.5777327049436507,0.31541470108113895
0.06516513445605905,-0.731789922814562,0.5606829750780296,1.0122812908162018,0.3825750409088168,-0.7693177038035366,-0.4424116035629445,0.2092226375762634
0.06516513445605905,-0.731789922814562,0.5606829750780296,-0.3586924225369675,-0.17399219364077992,-0.7693177038035366,-0.4424116035629445,0.2092226375762634
0.06516513445605905,-1.3833703010663312,0.5606829750780296,-0.18732070836782133,0.173862327952718,-0.7693177038035366,-0.4424116035629445,0.07268998449856622
0.06516513445605905,-0.08020954456279278,0.5606829750780296,-0.18732070836782133,0.05791082075488536,-0.7693177038035366,-0.4424116035629445,0.4114932347284073
0.06516513445605905,-0.731789922814562,0.5606829750780296,-0.6443119461522111,0.26662353371098413,-0.7693177038035366,-0.4424116035629445,0.2092226375762634
1.2719268836423367,-0.08020954456279278,0.5606829750780296,-0.9299314697674548,-0.17399219364077992,-0.7693177038035366,1.5777327049436507,0.4114932347284073
0.06516513445605905,-0.731789922814562,0.5606829750780296,-0.7585597555983086,0.173862327952718,-0.7693177038035366,1.5777327049436507,0.2092226375762634
0.06516513445605905,-0.08020954456279278,0.5606829750780296,1.2979008144314454,0.3825750409088168,-0.7693177038035366,-0.4424116035629445,0.4114932347284073
0.06516513445605905,1.5487414010666303,0.5606829750780296,-0.6443119461522111,-0.19718249508034646,-0.7693177038035366,-0.4424116035629445,0.113144103928995
0.06516513445605905,1.5487414010666303,0.5606829750780296,0.26967052941656844,-0.17399219364077992,-0.7693177038035366,-0.4424116035629445,0.113144103928995
0.06516513445605905,-0.08020954456279278,0.5606829750780296,-0.5300641367061136,0.173862327952718,-0.7693177038035366,-0.4424116035629445,0.4114932347284073
1.2719268836423367,1.5487414010666303,0.5606829750780296,-0.7014358508752598,0.6608586581836151,-0.7693177038035366,-0.4424116035629445,0.113144103928995
1.2719268836423367,-0.08020954456279278,0.5606829750780296,0.7266617672009582,0.24343323227141758,-0.7693177038035366,-0.4424116035629445,0.4114932347284073
-1.1415966147302186,0.5713708336889765,0.5606829750780296,0.041174910524373554,0.15067202651315148,1.299853097174238,-0.4424116035629445,0.31541470108113895
0.06516513445605905,-1.3833703010663312,0.5606829750780296,0.6124139577548607,0.3361944380296837,-0.7693177038035366,-0.4424116035629445,0.07268998449856622
1.2719268836423367,-0.731789922814562,0.5606829750780296,-0.872807565044406,0.3593847394692502,-0.7693177038035366,-0.4424116035629445,0.2092226375762634
-1.1415966147302186,-1.3833703010663312,0.5606829750780296,-0.9299314697674548,0.0115302178757523,1.299853097174238,-0.4424116035629445,0.07268998449856622
-1.1415966147302186,-0.08020954456279278,0.5606829750780296,1.926263766384981,0.26662353371098413,1.299853097174238,-0.4424116035629445,0.4114932347284073
1.2719268836423367,1.5487414010666303,0.5606829750780296,-0.8156836603213573,0.6608586581836151,-0.7693177038035366,-0.4424116035629445,0.113144103928995
0.06516513445605905,-0.731789922814562,0.5606829750780296,0.041174910524373554,0.3593847394692502,-0.7693177038035366,-0.4424116035629445,0.2092226375762634
0.06516513445605905,-0.08020954456279278,0.5606829750780296,1.2407769097083967,0.3593847394692502,-0.7693177038035366,-0.4424116035629445,0.4114932347284073
-1.1415966147302186,-0.731789922814562,0.5606829750780296,-0.7585597555983086,0.15067202651315148,1.299853097174238,-0.4424116035629445,0.2092226375762634
1.2719268836423367,1.5487414010666303,0.5606829750780296,1.5835203380466891,-0.7305594281903766,-0.7693177038035366,-0.4424116035629445,0.113144103928995
-1.1415966147302186,1.5487414010666303,0.5606829750780296,-0.4158163272600162,0.15067202651315148,1.299853097174238,-0.4424116035629445,0.113144103928995
-1.1415966147302186,-1.3833703010663312,0.5606829750780296,0.4410422435857146,0.15067202651315148,1.299853097174238,-0.4424116035629445,0.07268998449856622
-1.1415966147302186,0.5713708336889765,0.5606829750780296,-0.24444461309087007,0.05791082075488536,1.299853097174238,-0.4424116035629445,0.31541470108113895
0.06516513445605905,0.5713708336889765,0.5606829750780296,0.555290053031812,0.3825750409088168,-0.7693177038035366,-0.4424116035629445,0.31541470108113895
-1.1415966147302186,-0.08020954456279278,0.5606829750780296,-0.7014358508752598,0.3825750409088168,1.299853097174238,1.5777327049436507,0.4114932347284073
1.2719268836423367,1.5487414010666303,0.5606829750780296,0.041174910524373554,0.0115302178757523,-0.7693177038035366,-0.4424116035629445,0.113144103928995
0.06516513445605905,0.5713708336889765,0.5606829750780296,-0.3586924225369675,-0.12761159076164688,-0.7693177038035366,-0.4424116035629445,0.31541470108113895
0.06516513445605905,1.5487414010666303,0.5606829750780296,-0.5871880414291624,0.15067202651315148,-0.7693177038035366,-0.4424116035629445,0.113144103928995
1.2719268836423367,-1.3833703010663312,0.5606829750780296,0.4981661483087633,-0.19718249508034646,-0.7693177038035366,-0.4424116035629445,0.07268998449856622
-1.1415966147302186,0.5713708336889765,0.5606829750780296,-0.7014358508752598,0.6608586581836151,1.299853097174238,-0.4424116035629445,0.31541470108113895
-1.1415966147302186,-1.3833703010663312,0.5606829750780296,-0.5300641367061136,0.15067202651315148,1.299853097174238,-0.4424116035629445,0.07268998449856622
1.2719268836423367,1.5487414010666303,0.5606829750780296,1.6406442427697379,0.15067202651315148,-0.7693177038035366,1.5777327049436507,0.113144103928995
-1.1415966147302186,-0.731789922814562,0.5606829750780296,-0.47294023198306495,0.173862327952718,1.299853097174238,-0.4424116035629445,0.2092226375762634
0.06516513445605905,1.5487414010666303,0.5606829750780296,-0.5871880414291624,0.15067202651315148,-0.7693177038035366,1.5777327049436507,0.113144103928995
-1.1415966147302186,-0.08020954456279278,0.5606829750780296,4.782459002537418,0.3825750409088168,1.299853097174238,-0.4424116035629445,0.4114932347284073
-1.1415966147302186,0.5713708336889765,0.5606829750780296,-0.9299314697674548,0.05791082075488536,1.299853097174238,-0.4424116035629445,0.31541470108113895
0.06516513445605905,1.5487414010666303,0.5606829750780296,-0.01594899419867517,0.15067202651315148,-0.7693177038035366,-0.4424116035629445,0.113144103928995
1.2719268836423367,-0.08020954456279278,0.5606829750780296,-0.7585597555983086,0.45214594522751633,-0.7693177038035366,-0.4424116035629445,0.4114932347284073
-1.1415966147302186,-0.08020954456279278,0.5606829750780296,-0.5871880414291624,0.3825750409088168,1.299853097174238,1.5777327049436507,0.4114932347284073
-1.1415966147302186,-1.3833703010663312,0.5606829750780296,0.2125466246935197,0.3361944380296837,1.299853097174238,-0.4424116035629445,0.07268998449856622
0.06516513445605905,0.5713708336889765,0.5606829750780296,-0.8156836603213573,0.45214594522751633,-0.7693177038035366,1.5777327049436507,0.31541470108113895
0.06516513445605905,-0.08020954456279278,0.5606829750780296,-0.8156836603213573,0.3361944380296837,-0.7693177038035366,1.5777327049436507,0.4114932347284073
1.2719268836423367,-1.3833703010663312,0.5606829750780296,-0.3586924225369675,-0.7305594281903766,-0.7693177038035366,-0.4424116035629445,0.07268998449856622
0.06516513445605905,0.5713708336889765,0.5606829750780296,-0.9299314697674548,-0.12761159076164688,-0.7693177038035366,-0.4424116035629445,0.31541470108113895
-1.1415966147302186,0.5713708336889765,0.5606829750780296,-0.3586924225369675,0.26662353371098413,1.299853097174238,-0.4424116035629445,0.31541470108113895
1.2719268836423367,-0.731789922814562,0.5606829750780296,-0.13019680364477262,0.15067202651315148,-0.7693177038035366,-0.4424116035629445,0.2092226375762634
0.06516513445605905,-0.08020954456279278,0.5606829750780296,-0.3586924225369675,0.3361944380296837,-0.7693177038035366,3.597877013450246,0.4114932347284073
-1.1415966147302186,-1.3833703010663312,0.5606829750780296,-0.6443119461522111,0.3361944380296837,1.299853097174238,3.597877013450246,0.07268998449856622
1.2719268836423367,-0.08020954456279278,0.5606829750780296,-0.872807565044406,-0.19718249508034646,-0.7693177038035366,-0.4424116035629445,0.4114932347284073
0.06516513445605905,-1.3833703010663312,0.5606829750780296,-0.7585597555983086,0.6608586581836151,-0.7693177038035366,-0.4424116035629445,0.07268998449856622
1.2719268836423367,-0.08020954456279278,0.5606829750780296,-0.872807565044406,0.173862327952718,-0.7693177038035366,-0.4424116035629445,0.4114932347284073
1.2719268836423367,-0.731789922814562,0.5606829750780296,-0.872807565044406,0.0115302178757523,-0.7693177038035366,-0.4424116035629445,0.2092226375762634
-1.1415966147302186,-0.08020954456279278,0.5606829750780296,-0.5871880414291624,0.3593847394692502,1.299853097174238,-0.4424116035629445,0.4114932347284073
0.06516513445605905,1.5487414010666303,0.5606829750780296,-0.6443119461522111,0.15067202651315148,-0.7693177038035366,1.5777327049436507,0.113144103928995
-1.1415966147302186,-1.3833703010663312,0.5606829750780296,0.26967052941656844,0.45214594522751633,1.299853097174238,-0.4424116035629445,0.07268998449856622
0.06516513445605905,0.5713708336889765,0.5606829750780296,-0.47294023198306495,0.0115302178757523,-0.7693177038035366,1.5777327049436507,0.31541470108113895
-1.1415966147302186,-0.08020954456279278,0.5606829750780296,-0.5300641367061136,0.24343323227141758,1.299853097174238,-0.4424116035629445,0.4114932347284073
1.2719268836423367,-1.3833703010663312,0.5606829750780296,-0.9299314697674548,0.3593847394692502,-0.7693177038035366,1.5777327049436507,0.07268998449856622
0.06516513445605905,-0.08020954456279278,0.5606829750780296,2.0976354805541275,-0.17399219364077992,-0.7693177038035366,-0.4424116035629445,0.4114932347284073
-1.1415966147302186,0.5713708336889765,0.5606829750780296,0.2125466246935197,0.15067202651315148,1.299853097174238,-0.4424116035629445,0.31541470108113895
1.2719268836423367,-0.731789922814562,0.5606829750780296,0.7837856719240069,-0.17399219364077992,-0.7693177038035366,1.5777327049436507,0.2092226375762634
0.06516513445605905,1.5487414010666303,0.5606829750780296,1.5835203380466891,-0.7305594281903766,-0.7693177038035366,-0.4424116035629445,0.113144103928995
-1.1415966147302186,1.5487414010666303,0.5606829750780296,-0.7014358508752598,-0.17399219364077992,1.299853097174238,1.5777327049436507,0.113144103928995
-1.1415966147302186,-1.3833703010663312,0.5606829750780296,-0.872807565044406,0.173862327952718,1.299853097174238,-0.4424116035629445,0.07268998449856622
-1.1415966147302186,-0.731789922814562,0.5606829750780296,-0.9299314697674548,0.173862327952718,1.299853097174238,1.5777327049436507,0.2092226375762634
1.2719268836423367,0.5713708336889765,0.5606829750780296,6.553300048951928,0.15067202651315148,-0.7693177038035366,-0.4424116035629445,0.31541470108113895
1.2719268836423367,-1.3833703010663312,0.5606829750780296,2.326131099446322,0.24343323227141758,-0.7693177038035366,-0.4424116035629445,0.07268998449856622
0.06516513445605905,-1.3833703010663312,0.5606829750780296,-0.9299314697674548,0.6608586581836151,-0.7693177038035366,-0.4424116035629445,0.07268998449856622
0.06516513445605905,0.5713708336889765,0.5606829750780296,0.3839183388626659,0.24343323227141758,-0.7693177038035366,1.5777327049436507,0.31541470108113895
1.2719268836423367,0.5713708336889765,0.6994658897013042,2.040511575831079,0.173862327952718,-0.7693177038035366,-0.4424116035629445,0.31541470108113895
1.2719268836423367,-0.08020954456279278,0.6994658897013042,-0.6443119461522111,0.15067202651315148,-0.7693177038035366,-0.4424116035629445,0.4114932347284073
1.2719268836423367,-0.08020954456279278,0.6994658897013042,-0.9870553744905034,0.45214594522751633,-0.7693177038035366,-0.4424116035629445,0.4114932347284073
-1.1415966147302186,-0.731789922814562,0.6994658897013042,-0.5300641367061136,0.7072392610627481,1.299853097174238,-0.4424116035629445,0.2092226375762634
1.2719268836423367,-0.731789922814562,0.6994658897013042,-0.4158163272600162,0.3361944380296837,-0.7693177038035366,-0.4424116035629445,0.2092226375762634
0.06516513445605905,-0.731789922814562,0.6994658897013042,-0.01594899419867517,0.173862327952718,-0.7693177038035366,1.5777327049436507,0.2092226375762634
0.06516513445605905,1.5487414010666303,0.6994658897013042,-0.7014358508752598,0.24343323227141758,-0.7693177038035366,-0.4424116035629445,0.113144103928995
1.2719268836423367,-1.3833703010663312,0.6994658897013042,1.3550247191544942,0.3593847394692502,-0.7693177038035366,-0.4424116035629445,0.07268998449856622
0.06516513445605905,0.5713708336889765,0.6994658897013042,0.4410422435857146,0.26662353371098413,-0.7693177038035366,-0.4424116035629445,0.31541470108113895
0.06516513445605905,-1.3833703010663312,0.6994658897013042,-0.07307289892172389,-0.17399219364077992,-0.7693177038035366,-0.4424116035629445,0.07268998449856622
-1.1415966147302186,-0.731789922814562,0.6994658897013042,0.4981661483087633,0.7072392610627481,1.299853097174238,-0.4424116035629445,0.2092226375762634
0.06516513445605905,0.5713708336889765,0.6994658897013042,-0.3015685178139188,0.26662353371098413,-0.7693177038035366,1.5777327049436507,0.31541470108113895
1.2719268836423367,-0.731789922814562,0.6994658897013042,0.4981661483087633,-0.7305594281903766,-0.7693177038035366,-0.4424116035629445,0.2092226375762634
1.2719268836423367,-1.3833703010663312,0.6994658897013042,1.6977681474927866,-0.12761159076164688,-0.7693177038035366,-0.4424116035629445,0.07268998449856622
-1.1415966147302186,1.5487414010666303,0.6994658897013042,0.041174910524373554,0.15067202651315148,1.299853097174238,-0.4424116035629445,0.113144103928995
1.2719268836423367,-1.3833703010663312,0.6994658897013042,1.0122812908162018,0.6608586581836151,-0.7693177038035366,-0.4424116035629445,0.07268998449856622
0.06516513445605905,-1.3833703010663312,0.6994658897013042,-0.5871880414291624,0.6608586581836151,-0.7693177038035366,1.5777327049436507,0.07268998449856622
-1.1415966147302186,-1.3833703010663312,0.6994658897013042,-0.9870553744905034,0.3593847394692502,1.299853097174238,-0.4424116035629445,0.07268998449856622
-1.1415966147302186,0.5713708336889765,0.6994658897013042,-0.6443119461522111,0.15067202651315148,1.299853097174238,1.5777327049436507,0.31541470108113895
1.2719268836423367,-0.731789922814562,0.6994658897013042,0.4981661483087633,-0.12761159076164688,-0.7693177038035366,-0.4424116035629445,0.2092226375762634
1.2719268836423367,-0.08020954456279278,0.6994658897013042,-0.8156836603213573,0.7072392610627481,-0.7693177038035366,-0.4424116035629445,0.4114932347284073
0.06516513445605905,0.5713708336889765,0.6994658897013042,-0.3586924225369675,0.3361944380296837,-0.7693177038035366,-0.4424116035629445,0.31541470108113895
-1.1415966147302186,0.5713708336889765,0.6994658897013042,-0.8156836603213573,0.173862327952718,1.299853097174238,-0.4424116035629445,0.31541470108113895
-1.1415966147302186,1.5487414010666303,0.6994658897013042,0.155422719970471,-0.19718249508034646,1.299853097174238,-0.4424116035629445,0.113144103928995
0.06516513445605905,-1.3833703010663312,0.6994658897013042,0.3267944341396172,-0.17399219364077992,-0.7693177038035366,-0.4424116035629445,0.07268998449856622
0.06516513445605905,-1.3833703010663312,0.6994658897013042,-0.7014358508752598,-0.19718249508034646,-0.7693177038035366,1.5777327049436507,0.07268998449856622
0.06516513445605905,-0.08020954456279278,0.6994658897013042,2.040511575831079,0.6608586581836151,-0.7693177038035366,-0.4424116035629445,0.4114932347284073
-1.1415966147302186,1.5487414010666303,0.6994658897013042,0.155422719970471,0.7072392610627481,1.299853097174238,-0.4424116035629445,0.113144103928995
-1.1415966147302186,-0.731789922814562,0.6994658897013042,-0.8156836603213573,0.6608586581836151,1.299853097174238,-0.4424116035629445,0.2092226375762634
-1.1415966147302186,0.5713708336889765,0.6994658897013042,0.6695378624779095,0.15067202651315148,1.299853097174238,-0.4424116035629445,0.31541470108113895
0.06516513445605905,1.5487414010666303,0.6994658897013042,1.2407769097083967,0.173862327952718,-0.7693177038035366,-0.4424116035629445,0.113144103928995
1.2719268836423367,1.5487414010666303,0.6994658897013042,0.7266617672009582,0.24343323227141758,-0.7693177038035366,-0.4424116035629445,0.113144103928995
-1.1415966147302186,-0.08020954456279278,0.6994658897013042,1.3550247191544942,0.3593847394692502,1.299853097174238,-0.4424116035629445,0.4114932347284073
0.06516513445605905,-1.3833703010663312,0.6994658897013042,-0.872807565044406,0.05791082075488536,-0.7693177038035366,-0.4424116035629445,0.07268998449856622
0.06516513445605905,-0.08020954456279278,0.6994658897013042,-0.4158163272600162,0.15067202651315148,-0.7693177038035366,-0.4424116035629445,0.4114932347284073
1.2719268836423367,-1.3833703010663312,0.6994658897013042,-0.9299314697674548,0.7072392610627481,-0.7693177038035366,-0.4424116035629445,0.07268998449856622
0.06516513445605905,-0.731789922814562,0.6994658897013042,-0.13019680364477262,-0.12761159076164688,-0.7693177038035366,-0.4424116035629445,0.2092226375762634
1.2719268836423367,-1.3833703010663312,0.6994658897013042,2.497502813615468,0.26662353371098413,-0.7693177038035366,-0.4424116035629445,0.07268998449856622
-1.1415966147302186,0.5713708336889765,0.6994658897013042,-0.13019680364477262,0.3593847394692502,1.299853097174238,-0.4424116035629445,0.31541470108113895
0.06516513445605905,0.5713708336889765,0.6994658897013042,-0.5871880414291624,-0.19718249508034646,-0.7693177038035366,-0.4424116035629445,0.31541470108113895
0.06516513445605905,-0.08020954456279278,0.6994658897013042,0.155422719970471,0.173862327952718,-0.7693177038035366,-0.4424116035629445,0.4114932347284073
1.2719268836423367,-1.3833703010663312,0.6994658897013042,-0.7014358508752598,0.173862327952718,-0.7693177038035366,1.5777327049436507,0.07268998449856622
1.2719268836423367,0.5713708336889765,0.6994658897013042,0.4410422435857146,0.15067202651315148,-0.7693177038035366,-0.4424116035629445,0.31541470108113895
1.2719268836423367,0.5713708336889765,0.6994658897013042,-0.13019680364477262,0.15067202651315148,-0.7693177038035366,-0.4424116035629445,0.31541470108113895
-1.1415966147302186,-0.731789922814562,0.6994658897013042,-0.872807565044406,0.45214594522751633,1.299853097174238,-0.4424116035629445,0.2092226375762634
0.06516513445605905,-1.3833703010663312,0.6994658897013042,0.4410422435857146,0.45214594522751633,-0.7693177038035366,1.5777327049436507,0.07268998449856622
0.06516513445605905,-0.08020954456279278,0.6994658897013042,-0.9299314697674548,-0.7305594281903766,-0.7693177038035366,-0.4424116035629445,0.4114932347284073
1.2719268836423367,-0.08020954456279278,0.6994658897013042,-0.9299314697674548,0.3825750409088168,-0.7693177038035366,-0.4424116035629445,0.4114932347284073
-1.1415966147302186,-0.731789922814562,0.6994658897013042,0.041174910524373554,0.3593847394692502,1.299853097174238,-0.4424116035629445,0.2092226375762634
0.06516513445605905,0.5713708336889765,0.6994658897013042,0.041174910524373554,0.3593847394692502,-0.7693177038035366,1.5777327049436507,0.31541470108113895
1.2719268836423367,0.5713708336889765,0.6994658897013042,-0.24444461309087007,-0.7305594281903766,-0.7693177038035366,1.5777327049436507,0.31541470108113895
-1.1415966147302186,-1.3833703010663312,0.6994658897013042,-0.7585597555983086,0.6608586581836151,1.299853097174238,-0.4424116035629445,0.07268998449856622
1.2719268836423367,1.5487414010666303,0.6994658897013042,-0.47294023198306495,0.0115302178757523,-0.7693177038035366,-0.4424116035629445,0.113144103928995
-1.1415966147302186,0.5713708336889765,0.6994658897013042,1.183653004985348,0.15067202651315148,1.299853097174238,-0.4424116035629445,0.31541470108113895
0.06516513445605905,-0.731789922814562,0.6994658897013042,-0.3586924225369675,-0.7305594281903766,-0.7693177038035366,-0.4424116035629445,0.2092226375762634
1.2719268836423367,-0.731789922814562,0.6994658897013042,2.3832550041693707,0.3593847394692502,-0.7693177038035366,-0.4424116035629445,0.2092226375762634
0.06516513445605905,0.5713708336889765,0.6994658897013042,2.040511575831079,0.3361944380296837,-0.7693177038035366,-0.4424116035629445,0.31541470108113895
1.2719268836423367,-1.3833703010663312,0.6994658897013042,0.155422719970471,-0.17399219364077992,-0.7693177038035366,-0.4424116035629445,0.07268998449856622
0.06516513445605905,1.5487414010666303,0.6994658897013042,1.2407769097083967,0.05791082075488536,-0.7693177038035366,-0.4424116035629445,0.113144103928995
0.06516513445605905,-0.08020954456279278,0.6994658897013042,0.26967052941656844,0.15067202651315148,-0.7693177038035366,-0.4424116035629445,0.4114932347284073
0.06516513445605905,0.5713708336889765,0.6994658897013042,-0.4158163272600162,0.45214594522751633,-0.7693177038035366,-0.4424116035629445,0.31541470108113895
1.2719268836423367,-1.3833703010663312,0.6994658897013042,0.3839183388626659,0.3361944380296837,-0.7693177038035366,-0.4424116035629445,0.07268998449856622
-1.1415966147302186,-0.08020954456279278,0.6994658897013042,-0.07307289892172389,0.7072392610627481,1.299853097174238,-0.4424116035629445,0.4114932347284073
0.06516513445605905,-0.731789922814562,0.6994658897013042,-0.01594899419867517,0.3593847394692502,-0.7693177038035366,-0.4424116035629445,0.2092226375762634
0.06516513445605905,-0.731789922814562,0.6994658897013042,-0.7014358508752598,-0.12761159076164688,-0.7693177038035366,-0.4424116035629445,0.2092226375762634
0.06516513445605905,1.5487414010666303,0.6994658897013042,2.6117506230615657,-0.17399219364077992,-0.7693177038035366,-0.4424116035629445,0.113144103928995
-1.1415966147302186,-0.08020954456279278,0.6994658897013042,0.4410422435857146,0.6608586581836151,1.299853097174238,-0.4424116035629445,0.4114932347284073
0.06516513445605905,1.5487414010666303,0.6994658897013042,0.09829881524742227,0.6608586581836151,-0.7693177038035366,1.5777327049436507,0.113144103928995
-1.1415966147302186,-0.731789922814562,0.6994658897013042,1.6977681474927866,-0.17399219364077992,1.299853097174238,-0.4424116035629445,0.2092226375762634
0.06516513445605905,0.5713708336889765,0.6994658897013042,-0.872807565044406,0.45214594522751633,-0.7693177038035366,-0.4424116035629445,0.31541470108113895
-1.1415966147302186,0.5713708336889765,0.6994658897013042,-0.872807565044406,0.3361944380296837,1.299853097174238,-0.4424116035629445,0.31541470108113895
1.2719268836423367,0.5713708336889765,0.6994658897013042,0.555290053031812,-0.19718249508034646,-0.7693177038035366,-0.4424116035629445,0.31541470108113895
1.2719268836423367,0.5713708336889765,0.6994658897013042,-0.9299314697674548,-0.17399219364077992,-0.7693177038035366,1.5777327049436507,0.31541470108113895
1.2719268836423367,-1.3833703010663312,0.6994658897013042,-0.8156836603213573,0.15067202651315148,-0.7693177038035366,-0.4424116035629445,0.07268998449856622
1.2719268836423367,-0.731789922814562,0.6994658897013042,0.4981661483087633,0.0115302178757523,-0.7693177038035366,-0.4424116035629445,0.2092226375762634
-1.1415966147302186,-1.3833703010663312,0.6994658897013042,-0.3586924225369675,-0.7305594281903766,1.299853097174238,-0.4424116035629445,0.07268998449856622
1.2719268836423367,-0.731789922814562,0.6994658897013042,-0.6443119461522111,-0.17399219364077992,-0.7693177038035366,1.5777327049436507,0.2092226375762634
-1.1415966147302186,0.5713708336889765,0.6994658897013042,-0.3586924225369675,0.15067202651315148,1.299853097174238,-0.4424116035629445,0.31541470108113895
0.06516513445605905,-1.3833703010663312,0.6994658897013042,1.2407769097083967,0.24343323227141758,-0.7693177038035366,-0.4424116035629445,0.07268998449856622
0.06516513445605905,-1.3833703010663312,0.6994658897013042,0.3267944341396172,0.3593847394692502,-0.7693177038035366,-0.4424116035629445,0.07268998449856622
1.2719268836423367,-0.08020954456279278,0.6994658897013042,0.3267944341396172,0.3593847394692502,-0.7693177038035366,-0.4424116035629445,0.4114932347284073
0.06516513445605905,0.5713708336889765,0.6994658897013042,0.041174910524373554,0.15067202651315148,-0.7693177038035366,-0.4424116035629445,0.31541470108113895
0.06516513445605905,-0.731789922814562,0.6994658897013042,0.4981661483087633,-0.17399219364077992,-0.7693177038035366,-0.4424116035629445,0.2092226375762634
-1.1415966147302186,1.5487414010666303,0.6994658897013042,-0.9299314697674548,0.24343323227141758,1.299853097174238,-0.4424116035629445,0.113144103928995
0.06516513445605905,0.5713708336889765,0.6994658897013042,0.7266617672009582,-0.12761159076164688,-0.7693177038035366,-0.4424116035629445,0.31541470108113895
0.06516513445605905,-0.08020954456279278,0.6994658897013042,1.0122812908162018,0.45214594522751633,-0.7693177038035366,-0.4424116035629445,0.4114932347284073
0.06516513445605905,-1.3833703010663312,0.6994658897013042,-0.13019680364477262,0.24343323227141758,-0.7693177038035366,-0.4424116035629445,0.07268998449856622
-1.1415966147302186,-0.731789922814562,0.6994658897013042,-0.3015685178139188,0.05791082075488536,1.299853097174238,-0.4424116035629445,0.2092226375762634
0.06516513445605905,1.5487414010666303,0.6994658897013042,-0.47294023198306495,0.26662353371098413,-0.7693177038035366,-0.4424116035629445,0.113144103928995
1.2719268836423367,-0.08020954456279278,0.6994658897013042,-0.6443119461522111,0.3825750409088168,-0.7693177038035366,-0.4424116035629445,0.4114932347284073
1.2719268836423367,-0.08020954456279278,0.6994658897013042,-0.5300641367061136,0.3825750409088168,-0.7693177038035366,1.5777327049436507,0.4114932347284073
1.2719268836423367,1.5487414010666303,0.6994658897013042,-0.7585597555983086,0.3825750409088168,-0.7693177038035366,3.597877013450246,0.113144103928995
1.2719268836423367,-1.3833703010663312,0.6994658897013042,-0.9299314697674548,-0.12761159076164688,-0.7693177038035366,-0.4424116035629445,0.07268998449856622
-1.1415966147302186,-0.731789922814562,0.6994658897013042,-0.8156836603213573,-0.12761159076164688,1.299853097174238,1.5777327049436507,0.2092226375762634
1.2719268836423367,0.5713708336889765,0.6994658897013042,-0.872807565044406,0.45214594522751633,-0.7693177038035366,-0.4424116035629445,0.31541470108113895
0.06516513445605905,-0.731789922814562,0.6994658897013042,-0.3586924225369675,0.7072392610627481,-0.7693177038035366,-0.4424116035629445,0.2092226375762634
1.2719268836423367,1.5487414010666303,0.6994658897013042,0.6695378624779095,-0.17399219364077992,-0.7693177038035366,-0.4424116035629445,0.113144103928995
-1.1415966147302186,-0.08020954456279278,0.6994658897013042,0.6695378624779095,0.173862327952718,1.299853097174238,-0.4424116035629445,0.4114932347284073
0.06516513445605905,-0.731789922814562,0.6994658897013042,-0.07307289892172389,0.173862327952718,-0.7693177038035366,1.5777327049436507,0.2092226375762634
-1.1415966147302186,1.5487414010666303,0.6994658897013042,0.2125466246935197,-0.19718249508034646,1.299853097174238,-0.4424116035629445,0.113144103928995
-1.1415966147302186,0.5713708336889765,0.6994658897013042,-0.13019680364477262,0.15067202651315148,1.299853097174238,-0.4424116035629445,0.31541470108113895
0.06516513445605905,-0.731789922814562,0.6994658897013042,0.26967052941656844,0.15067202651315148,-0.7693177038035366,1.5777327049436507,0.2092226375762634
1.2719268836423367,-0.08020954456279278,0.6994658897013042,-0.24444461309087007,0.05791082075488536,-0.7693177038035366,-0.4424116035629445,0.4114932347284073
1.2719268836423367,0.5713708336889765,0.6994658897013042,-0.9299314697674548,0.0115302178757523,-0.7693177038035366,-0.4424116035629445,0.31541470108113895
-1.1415966147302186,-0.08020954456279278,0.6994658897013042,-0.7585597555983086,0.6608586581836151,1.299853097174238,-0.4424116035629445,0.4114932347284073
-1.1415966147302186,-0.731789922814562,0.6994658897013042,-0.7585597555983086,0.3593847394692502,1.299853097174238,-0.4424116035629445,0.2092226375762634
-1.1415966147302186,1.5487414010666303,0.6994658897013042,-0.9299314697674548,0.3593847394692502,1.299853097174238,-0.4424116035629445,0.113144103928995
0.06516513445605905,0.5713708336889765,0.6994658897013042,1.3550247191544942,-0.17399219364077992,-0.7693177038035366,-0.4424116035629445,0.31541470108113895
-1.1415966147302186,1.5487414010666303,0.6994658897013042,-0.872807565044406,0.3593847394692502,1.299853097174238,1.5777327049436507,0.113144103928995
0.06516513445605905,1.5487414010666303,0.6994658897013042,-0.8156836603213573,0.0115302178757523,-0.7693177038035366,1.5777327049436507,0.113144103928995
-1.1415966147302186,-1.3833703010663312,0.6994658897013042,-0.9299314697674548,0.3361944380296837,1.299853097174238,-0.4424116035629445,0.07268998449856622
0.06516513445605905,-0.08020954456279278,0.6994658897013042,-0.9299314697674548,-0.12761159076164688,-0.7693177038035366,-0.4424116035629445,0.4114932347284073
-1.1415966147302186,-0.731789922814562,0.6994658897013042,0.041174910524373554,0.3593847394692502,1.299853097174238,-0.4424116035629445,0.2092226375762634
1.2719268836423367,0.5713708336889765,0.6994658897013042,1.6977681474927866,0.7072392610627481,-0.7693177038035366,-0.4424116035629445,0.31541470108113895
1.2719268836423367,-1.3833703010663312,0.6994658897013042,-0.13019680364477262,0.3361944380296837,-0.7693177038035366,-0.4424116035629445,0.07268998449856622
1.2719268836423367,-0.08020954456279278,0.6994658897013042,0.09829881524742227,0.6608586581836151,-0.7693177038035366,-0.4424116035629445,0.4114932347284073
0.06516513445605905,0.5713708336889765,0.6994658897013042,0.155422719970471,0.3825750409088168,-0.7693177038035366,-0.4424116035629445,0.31541470108113895
0.06516513445605905,-0.08020954456279278,0.6994658897013042,1.5835203380466891,-0.12761159076164688,-0.7693177038035366,-0.4424116035629445,0.4114932347284073
1.2719268836423367,-0.731789922814562,0.6994658897013042,-0.9299314697674548,0.6608586581836151,-0.7693177038035366,-0.4424116035629445,0.2092226375762634
-1.1415966147302186,0.5713708336889765,0.6994658897013042,-0.24444461309087007,-0.12761159076164688,1.299853097174238,1.5777327049436507,0.31541470108113895
1.2719268836423367,-0.08020954456279278,0.6994658897013042,0.09829881524742227,0.24343323227141758,-0.7693177038035366,-0.4424116035629445,0.4114932347284073
0.06516513445605905,-1.3833703010663312,0.6994658897013042,1.5835203380466891,0.0115302178757523,-0.7693177038035366,-0.4424116035629445,0.07268998449856622
1.2719268836423367,-1.3833703010663312,0.6994658897013042,-0.3586924225369675,0.15067202651315148,-0.7693177038035366,-0.4424116035629445,0.07268998449856622
0.06516513445605905,-0.08020954456279278,0.6994658897013042,0.8409095766470557,-0.7305594281903766,-0.7693177038035366,-0.4424116035629445,0.4114932347284073
0.06516513445605905,-0.731789922814562,0.6994658897013042,0.9551573860931531,0.3593847394692502,-0.7693177038035366,-0.4424116035629445,0.2092226375762634
0.06516513445605905,-0.731789922814562,0.6994658897013042,0.7266617672009582,0.3593847394692502,-0.7693177038035366,-0.4424116035629445,0.2092226375762634
1.2719268836423367,-0.08020954456279278,0.6994658897013042,-0.3015685178139188,0.6608586581836151,-0.7693177038035366,-0.4424116035629445,0.4114932347284073
0.06516513445605905,1.5487414010666303,0.6994658897013042,-0.3015685178139188,0.7072392610627481,-0.7693177038035366,-0.4424116035629445,0.113144103928995
0.06516513445605905,-0.08020954456279278,0.6994658897013042,0.3839183388626659,0.7072392610627481,-0.7693177038035366,1.5777327049436507,0.4114932347284073
0.06516513445605905,-1.3833703010663312,0.6994658897013042,-0.8156836603213573,0.7072392610627481,-0.7693177038035366,3.597877013450246,0.07268998449856622
0.06516513445605905,-0.08020954456279278,0.6994658897013042,-0.5300641367061136,-0.12761159076164688,-0.7693177038035366,-0.4424116035629445,0.4114932347284073
0.06516513445605905,-1.3833703010663312,0.6994658897013042,-0.7014358508752598,0.6608586581836151,-0.7693177038035366,1.5777327049436507,0.07268998449856622
-1.1415966147302186,-1.3833703010663312,0.6994658897013042,-0.3015685178139188,0.15067202651315148,1.299853097174238,-0.4424116035629445,0.07268998449856622
0.06516513445605905,-1.3833703010663312,0.6994658897013042,1.926263766384981,-0.12761159076164688,-0.7693177038035366,-0.4424116035629445,0.07268998449856622
1.2719268836423367,-0.731789922814562,0.6994658897013042,-0.6443119461522111,0.7072392610627481,-0.7693177038035366,-0.4424116035629445,0.2092226375762634
-1.1415966147302186,-0.731789922814562,0.6994658897013042,3.582857003353394,0.05791082075488536,1.299853097174238,-0.4424116035629445,0.2092226375762634
1.2719268836423367,0.5713708336889765,0.6994658897013042,0.555290053031812,0.0115302178757523,-0.7693177038035366,-0.4424116035629445,0.31541470108113895
1.2719268836423367,1.5487414010666303,0.6994658897013042,-0.872807565044406,0.7072392610627481,-0.7693177038035366,-0.4424116035629445,0.113144103928995
1.2719268836423367,-0.08020954456279278,0.6994658897013042,-0.07307289892172389,0.0115302178757523,-0.7693177038035366,1.5777327049436507,0.4114932347284073
-1.1415966147302186,1.5487414010666303,0.6994658897013042,-0.9299314697674548,0.3593847394692502,1.299853097174238,-0.4424116035629445,0.113144103928995
1.2719268836423367,-0.731789922814562,0.6994658897013042,-0.24444461309087007,0.3593847394692502,-0.7693177038035366,-0.4424116035629445,0.2092226375762634
-1.1415966147302186,-1.3833703010663312,0.6994658897013042,-0.7585597555983086,0.24343323227141758,1.299853097174238,-0.4424116035629445,0.07268998449856622
-1.1415966147302186,1.5487414010666303,0.6994658897013042,2.2690071947232737,0.26662353371098413,1.299853097174238,-0.4424116035629445,0.113144103928995
-1.1415966147302186,-0.08020954456279278,0.6994658897013042,0.041174910524373554,0.7072392610627481,1.299853097174238,-0.4424116035629445,0.4114932347284073
-1.1415966147302186,0.5713708336889765,0.6994658897013042,-0.5300641367061136,0.6608586581836151,1.299853097174238,-0.4424116035629445,0.31541470108113895
1.2719268836423367,-0.731789922814562,0.6994658897013042,2.3832550041693707,0.05791082075488536,-0.7693177038035366,-0.4424116035629445,0.2092226375762634
-1.1415966147302186,-1.3833703010663312,0.6994658897013042,0.7266617672009582,0.3825750409088168,1.299853097174238,-0.4424116035629445,0.07268998449856622
1.2719268836423367,0.5713708336889765,0.6994658897013042,-0.01594899419867517,0.3361944380296837,-0.7693177038035366,-0.4424116035629445,0.31541470108113895
1.2719268836423367,-0.731789922814562,0.6994658897013042,-0.9299314697674548,0.173862327952718,-0.7693177038035366,-0.4424116035629445,0.2092226375762634
0.06516513445605905,-0.731789922814562,0.6994658897013042,0.4410422435857146,0.7072392610627481,-0.7693177038035366,-0.4424116035629445,0.2092226375762634
1.2719268836423367,0.5713708336889765,0.6994658897013042,0.041174910524373554,0.6608586581836151,-0.7693177038035366,-0.4424116035629445,0.31541470108113895
-1.1415966147302186,-1.3833703010663312,0.6994658897013042,-0.872807565044406,0.3593847394692502,1.299853097174238,-0.4424116035629445,0.07268998449856622
-1.1415966147302186,-0.08020954456279278,0.6994658897013042,-0.01594899419867517,0.15067202651315148,1.299853097174238,-0.4424116035629445,0.4114932347284073
0.06516513445605905,-1.3833703010663312,0.6994658897013042,0.6695378624779095,0.0115302178757523,-0.7693177038035366,-0.4424116035629445,0.07268998449856622
0.06516513445605905,0.5713708336889765,0.6994658897013042,1.6406442427697379,0.3593847394692502,-0.7693177038035366,-0.4424116035629445,0.31541470108113895
-1.1415966147302186,-1.3833703010663312,0.6994658897013042,-0.8156836603213573,0.15067202651315148,1.299853097174238,-0.4424116035629445,0.07268998449856622
0.06516513445605905,-0.08020954456279278,0.6994658897013042,-0.4158163272600162,0.6608586581836151,-0.7693177038035366,-0.4424116035629445,0.4114932347284073
-1.1415966147302186,-0.08020954456279278,0.6994658897013042,0.3267944341396172,0.6608586581836151,1.299853097174238,-0.4424116035629445,0.4114932347284073
1.2719268836423367,-1.3833703010663312,0.6994658897013042,-0.5300641367061136,0.3825750409088168,-0.7693177038035366,-0.4424116035629445,0.07268998449856622
0.06516513445605905,0.5713708336889765,0.6994658897013042,-0.872807565044406,0.15067202651315148,-0.7693177038035366,-0.4424116035629445,0.31541470108113895
1.2719268836423367,-0.08020954456279278,0.6994658897013042,-0.4158163272600162,0.6608586581836151,-0.7693177038035366,1.5777327049436507,0.4114932347284073
-1.1415966147302186,-0.731789922814562,0.6994658897013042,0.3267944341396172,0.15067202651315148,1.299853097174238,-0.4424116035629445,0.2092226375762634
0.06516513445605905,-0.731789922814562,0.6994658897013042,-0.18732070836782133,0.3825750409088168,-0.7693177038035366,1.5777327049436507,0.2092226375762634
-1.1415966147302186,1.5487414010666303,0.6994658897013042,0.2125466246935197,0.45214594522751633,1.299853097174238,-0.4424116035629445,0.113144103928995
-1.1415966147302186,-0.731789922814562,0.6994658897013042,-0.07307289892172389,-0.7305594281903766,1.299853097174238,-0.4424116035629445,0.2092226375762634
0.06516513445605905,-0.731789922814562,0.6994658897013042,-0.47294023198306495,0.24343323227141758,-0.7693177038035366,-0.4424116035629445,0.2092226375762634
0.06516513445605905,-0.731789922814562,0.6994658897013042,-0.872807565044406,-0.7305594281903766,-0.7693177038035366,1.5777327049436507,0.2092226375762634
-1.1415966147302186,1.5487414010666303,0.6994658897013042,1.0694051955392505,0.15067202651315148,1.299853097174238,-0.4424116035629445,0.113144103928995
1.2719268836423367,-0.08020954456279278,0.6994658897013042,-0.9870553744905034,0.6608586581836151,-0.7693177038035366,-0.4424116035629445,0.4114932347284073
-1.1415966147302186,1.5487414010666303,0.6994658897013042,-0.13019680364477262,0.24343323227141758,1.299853097174238,1.5777327049436507,0.113144103928995
0.06516513445605905,-0.731789922814562,0.6994658897013042,-0.47294023198306495,0.3361944380296837,-0.7693177038035366,-0.4424116035629445,0.2092226375762634
1.2719268836423367,1.5487414010666303,0.6994658897013042,-0.7585597555983086,0.05791082075488536,-0.7693177038035366,-0.4424116035629445,0.113144103928995
-1.1415966147302186,-0.08020954456279278,0.6994658897013042,-0.3015685178139188,0.05791082075488536,1.299853097174238,1.5777327049436507,0.4114932347284073
-1.1415966147302186,1.5487414010666303,0.6994658897013042,-0.5871880414291624,0.15067202651315148,1.299853097174238,-0.4424116035629445,0.113144103928995
1.2719268836423367,-0.08020954456279278,0.6994658897013042,-0.07307289892172389,0.26662353371098413,-0.7693177038035366,-0.4424116035629445,0.4114932347284073
1.2719268836423367,-1.3833703010663312,0.6994658897013042,1.4692725286005917,0.26662353371098413,-0.7693177038035366,1.5777327049436507,0.07268998449856622
-1.1415966147302186,1.5487414010666303,0.6994658897013042,-0.4158163272600162,0.24343323227141758,1.299853097174238,-0.4424116035629445,0.113144103928995
-1.1415966147302186,0.5713708336889765,0.6994658897013042,-0.3015685178139188,0.3825750409088168,1.299853097174238,-0.4424116035629445,0.31541470108113895
1.2719268836423367,-0.731789922814562,0.6994658897013042,1.183653004985348,0.3593847394692502,-0.7693177038035366,-0.4424116035629445,0.2092226375762634
1.2719268836423367,1.5487414010666303,0.6994658897013042,1.1265291002622992,0.24343323227141758,-0.7693177038035366,-0.4424116035629445,0.113144103928995
1.2719268836423367,-0.08020954456279278,0.6994658897013042,0.4410422435857146,0.05791082075488536,-0.7693177038035366,-0.4424116035629445,0.4114932347284073
0.06516513445605905,-0.731789922814562,0.6994658897013042,-0.13019680364477262,0.05791082075488536,-0.7693177038035366,1.5777327049436507,0.2092226375762634
-1.1415966147302186,0.5713708336889765,0.6994658897013042,-0.18732070836782133,0.26662353371098413,1.299853097174238,-0.4424116035629445,0.31541470108113895
0.06516513445605905,1.5487414010666303,0.6994658897013042,1.0122812908162018,0.3593847394692502,-0.7693177038035366,-0.4424116035629445,0.113144103928995
-1.1415966147302186,1.5487414010666303,0.6994658897013042,-0.7014358508752598,-0.19718249508034646,1.299853097174238,-0.4424116035629445,0.113144103928995
1.2719268836423367,0.5713708336889765,0.6994658897013042,-0.24444461309087007,-0.17399219364077992,-0.7693177038035366,-0.4424116035629445,0.31541470108113895
1.2719268836423367,1.5487414010666303,0.6994658897013042,-0.7585597555983086,0.3593847394692502,-0.7693177038035366,-0.4424116035629445,0.113144103928995
1.2719268836423367,1.5487414010666303,0.6994658897013042,6.210556620613636,0.3593847394692502,-0.7693177038035366,-0.4424116035629445,0.113144103928995
-1.1415966147302186,1.5487414010666303,0.6994658897013042,1.0694051955392505,0.6608586581836151,1.299853097174238,-0.4424116035629445,0.113144103928995
-1.1415966147302186,0.5713708336889765,0.6994658897013042,1.183653004985348,-0.12761159076164688,1.299853097174238,-0.4424116035629445,0.31541470108113895
1.2719268836423367,-0.08020954456279278,0.6994658897013042,0.4981661483087633,0.173862327952718,-0.7693177038035366,-0.4424116035629445,0.4114932347284073
-1.1415966147302186,-0.08020954456279278,0.8382488043245788,0.7266617672009582,0.15067202651315148,1.299853097174238,-0.4424116035629445,0.4114932347284073
-1.1415966147302186,-0.731789922814562,0.8382488043245788,1.183653004985348,-0.17399219364077992,1.299853097174238,-0.4424116035629445,0.2092226375762634
0.06516513445605905,1.5487414010666303,0.8382488043245788,-0.5871880414291624,0.05791082075488536,-0.7693177038035366,-0.4424116035629445,0.113144103928995
-1.1415966147302186,-1.3833703010663312,0.8382488043245788,-0.872807565044406,0.6608586581836151,1.299853097174238,-0.4424116035629445,0.07268998449856622
1.2719268836423367,0.5713708336889765,0.8382488043245788,3.5257330986303455,0.6608586581836151,-0.7693177038035366,-0.4424116035629445,0.31541470108113895
-1.1415966147302186,-1.3833703010663312,0.8382488043245788,-0.6443119461522111,-0.7305594281903766,1.299853097174238,-0.4424116035629445,0.07268998449856622
0.06516513445605905,-0.731789922814562,0.8382488043245788,1.1265291002622992,0.6608586581836151,-0.7693177038035366,1.5777327049436507,0.2092226375762634
0.06516513445605905,-0.08020954456279278,0.8382488043245788,0.8409095766470557,0.6608586581836151,-0.7693177038035366,1.5777327049436507,0.4114932347284073
0.06516513445605905,-0.08020954456279278,0.8382488043245788,1.2979008144314454,0.3361944380296837,-0.7693177038035366,-0.4424116035629445,0.4114932347284073
0.06516513445605905,-0.731789922814562,0.8382488043245788,0.3839183388626659,0.6608586581836151,-0.7693177038035366,-0.4424116035629445,0.2092226375762634
1.2719268836423367,-0.08020954456279278,0.8382488043245788,0.9551573860931531,0.45214594522751633,-0.7693177038035366,-0.4424116035629445,0.4114932347284073
1.2719268836423367,0.5713708336889765,0.8382488043245788,-0.47294023198306495,0.24343323227141758,-0.7693177038035366,-0.4424116035629445,0.31541470108113895
1.2719268836423367,-1.3833703010663312,0.8382488043245788,-0.24444461309087007,0.3361944380296837,-0.7693177038035366,-0.4424116035629445,0.07268998449856622
0.06516513445605905,-0.731789922814562,0.8382488043245788,0.6695378624779095,0.26662353371098413,-0.7693177038035366,-0.4424116035629445,0.2092226375762634
1.2719268836423367,-0.731789922814562,0.8382488043245788,-0.18732070836782133,0.05791082075488536,-0.7693177038035366,-0.4424116035629445,0.2092226375762634
0.06516513445605905,-0.08020954456279278,0.8382488043245788,-0.5871880414291624,0.3825750409088168,-0.7693177038035366,-0.4424116035629445,0.4114932347284073
0.06516513445605905,0.5713708336889765,0.8382488043245788,-0.872807565044406,0.3593847394692502,-0.7693177038035366,-0.4424116035629445,0.31541470108113895
-1.1415966147302186,-0.08020954456279278,0.8382488043245788,-0.8156836603213573,0.15067202651315148,1.299853097174238,-0.4424116035629445,0.4114932347284073
0.06516513445605905,-0.731789922814562,0.8382488043245788,0.4981661483087633,0.15067202651315148,-0.7693177038035366,1.5777327049436507,0.2092226375762634
1.2719268836423367,-0.08020954456279278,0.8382488043245788,-0.4158163272600162,0.3361944380296837,-0.7693177038035366,-0.4424116035629445,0.4114932347284073
1.2719268836423367,-0.08020954456279278,0.8382488043245788,-0.8156836603213573,0.45214594522751633,-0.7693177038035366,-0.4424116035629445,0.4114932347284073
0.06516513445605905,0.5713708336889765,0.8382488043245788,1.1265291002622992,-0.19718249508034646,-0.7693177038035366,-0.4424116035629445,0.31541470108113895
-1.1415966147302186,1.5487414010666303,0.8382488043245788,0.2125466246935197,-0.12761159076164688,1.299853097174238,-0.4424116035629445,0.113144103928995
-1.1415966147302186,-0.08020954456279278,0.8382488043245788,0.155422719970471,0.24343323227141758,1.299853097174238,-0.4424116035629445,0.4114932347284073
-1.1415966147302186,-0.731789922814562,0.8382488043245788,-0.8156836603213573,0.6608586581836151,1.299853097174238,-0.4424116035629445,0.2092226375762634
1.2719268836423367,1.5487414010666303,0.8382488043245788,0.155422719970471,-0.19718249508034646,-0.7693177038035366,-0.4424116035629445,0.113144103928995
-1.1415966147302186,1.5487414010666303,0.8382488043245788,-0.9299314697674548,0.15067202651315148,1.299853097174238,-0.4424116035629445,0.113144103928995
-1.1415966147302186,0.5713708336889765,0.8382488043245788,-0.24444461309087007,0.3593847394692502,1.299853097174238,-0.4424116035629445,0.31541470108113895
0.06516513445605905,0.5713708336889765,0.8382488043245788,-0.8156836603213573,0.24343323227141758,-0.7693177038035366,1.5777327049436507,0.31541470108113895
-1.1415966147302186,0.5713708336889765,0.8382488043245788,0.7837856719240069,0.3361944380296837,1.299853097174238,-0.4424116035629445,0.31541470108113895
0.06516513445605905,0.5713708336889765,0.8382488043245788,-0.7014358508752598,0.05791082075488536,-0.7693177038035366,-0.4424116035629445,0.31541470108113895
0.06516513445605905,-1.3833703010663312,0.8382488043245788,-0.18732070836782133,0.24343323227141758,-0.7693177038035366,1.5777327049436507,0.07268998449856622
-1.1415966147302186,-1.3833703010663312,0.8382488043245788,0.4410422435857146,0.3593847394692502,1.299853097174238,-0.4424116035629445,0.07268998449856622
1.2719268836423367,-1.3833703010663312,0.8382488043245788,-0.9299314697674548,0.173862327952718,-0.7693177038035366,-0.4424116035629445,0.07268998449856622
1.2719268836423367,-0.731789922814562,0.8382488043245788,-0.4158163272600162,0.3825750409088168,-0.7693177038035366,-0.4424116035629445,0.2092226375762634
-1.1415966147302186,-0.731789922814562,0.8382488043245788,0.7837856719240069,-0.12761159076164688,1.299853097174238,-0.4424116035629445,0.2092226375762634
-1.1415966147302186,0.5713708336889765,0.8382488043245788,0.26967052941656844,0.6608586581836151,1.299853097174238,-0.4424116035629445,0.31541470108113895
-1.1415966147302186,-0.08020954456279278,0.8382488043245788,0.041174910524373554,0.3825750409088168,1.299853097174238,-0.4424116035629445,0.4114932347284073
-1.1415966147302186,-1.3833703010663312,0.8382488043245788,-0.8156836603213573,-0.12761159076164688,1.299853097174238,1.5777327049436507,0.07268998449856622
-1.1415966147302186,-1.3833703010663312,0.8382488043245788,-0.07307289892172389,0.45214594522751633,1.299853097174238,-0.4424116035629445,0.07268998449856622
1.2719268836423367,-1.3833703010663312,0.8382488043245788,0.555290053031812,0.3593847394692502,-0.7693177038035366,-0.4424116035629445,0.07268998449856622
1.2719268836423367,-0.731789922814562,0.8382488043245788,0.155422719970471,0.15067202651315148,-0.7693177038035366,-0.4424116035629445,0.2092226375762634
-1.1415966147302186,1.5487414010666303,0.8382488043245788,1.8120159569388838,0.0115302178757523,1.299853097174238,-0.4424116035629445,0.113144103928995
0.06516513445605905,-1.3833703010663312,0.8382488043245788,0.26967052941656844,0.0115302178757523,-0.7693177038035366,1.5777327049436507,0.07268998449856622
0.06516513445605905,-0.731789922814562,0.8382488043245788,-0.5871880414291624,0.15067202651315148,-0.7693177038035366,-0.4424116035629445,0.2092226375762634
0.06516513445605905,1.5487414010666303,0.8382488043245788,-0.9870553744905034,0.0115302178757523,-0.7693177038035366,3.597877013450246,0.113144103928995
-1.1415966147302186,-1.3833703010663312,0.8382488043245788,0.155422719970471,0.7072392610627481,1.299853097174238,-0.4424116035629445,0.07268998449856622
-1.1415966147302186,-1.3833703010663312,0.8382488043245788,1.5263964333236404,0.7072392610627481,1.299853097174238,1.5777327049436507,0.07268998449856622
1.2719268836423367,-0.08020954456279278,0.8382488043245788,-0.9299314697674548,0.3593847394692502,-0.7693177038035366,-0.4424116035629445,0.4114932347284073
1.2719268836423367,-0.731789922814562,0.8382488043245788,2.8402462419537606,0.0115302178757523,-0.7693177038035366,-0.4424116035629445,0.2092226375762634
0.06516513445605905,-1.3833703010663312,0.8382488043245788,-0.8156836603213573,-0.12761159076164688,-0.7693177038035366,-0.4424116035629445,0.07268998449856622
-1.1415966147302186,0.5713708336889765,0.8382488043245788,0.09829881524742227,0.05791082075488536,1.299853097174238,-0.4424116035629445,0.31541470108113895
1.2719268836423367,1.5487414010666303,0.8382488043245788,1.183653004985348,0.05791082075488536,-0.7693177038035366,1.5777327049436507,0.113144103928995
0.06516513445605905,0.5713708336889765,0.8382488043245788,-0.8156836603213573,0.3593847394692502,-0.7693177038035366,-0.4424116035629445,0.31541470108113895
1.2719268836423367,0.5713708336889765,0.8382488043245788,0.4410422435857146,0.0115302178757523,-0.7693177038035366,-0.4424116035629445,0.31541470108113895
0.06516513445605905,-1.3833703010663312,0.8382488043245788,-0.07307289892172389,0.24343323227141758,-0.7693177038035366,-0.4424116035629445,0.07268998449856622
1.2719268836423367,1.5487414010666303,0.8382488043245788,-0.9299314697674548,0.3593847394692502,-0.7693177038035366,1.5777327049436507,0.113144103928995
-1.1415966147302186,0.5713708336889765,0.8382488043245788,-0.9299314697674548,0.3593847394692502,1.299853097174238,3.597877013450246,0.31541470108113895
1.2719268836423367,-0.08020954456279278,0.8382488043245788,2.6688745277846144,0.3593847394692502,-0.7693177038035366,-0.4424116035629445,0.4114932347284073
-1.1415966147302186,1.5487414010666303,0.8382488043245788,-0.8156836603213573,0.3361944380296837,1.299853097174238,-0.4424116035629445,0.113144103928995
-1.1415966147302186,1.5487414010666303,0.8382488043245788,-0.24444461309087007,-0.19718249508034646,1.299853097174238,-0.4424116035629445,0.113144103928995
-1.1415966147302186,-1.3833703010663312,0.8382488043245788,-0.8156836603213573,0.15067202651315148,1.299853097174238,-0.4424116035629445,0.07268998449856622
-1.1415966147302186,-1.3833703010663312,0.8382488043245788,-0.872807565044406,0.15067202651315148,1.299853097174238,1.5777327049436507,0.07268998449856622
0.06516513445605905,-0.731789922814562,0.8382488043245788,-0.01594899419867517,-0.19718249508034646,-0.7693177038035366,1.5777327049436507,0.2092226375762634
0.06516513445605905,-1.3833703010663312,0.8382488043245788,-0.6443119461522111,0.15067202651315148,-0.7693177038035366,-0.4424116035629445,0.07268998449856622
-1.1415966147302186,-0.08020954456279278,0.8382488043245788,-0.4158163272600162,0.7072392610627481,1.299853097174238,-0.4424116035629445,0.4114932347284073
1.2719268836423367,0.5713708336889765,0.8382488043245788,-0.7014358508752598,0.173862327952718,-0.7693177038035366,-0.4424116035629445,0.31541470108113895
1.2719268836423367,-1.3833703010663312,0.8382488043245788,-0.47294023198306495,0.15067202651315148,-0.7693177038035366,1.5777327049436507,0.07268998449856622
1.2719268836423367,-0.731789922814562,0.8382488043245788,-0.872807565044406,-0.7305594281903766,-0.7693177038035366,-0.4424116035629445,0.2092226375762634
1.2719268836423367,-1.3833703010663312,0.8382488043245788,-0.9870553744905034,0.3593847394692502,-0.7693177038035366,-0.4424116035629445,0.07268998449856622
0.06516513445605905,1.5487414010666303,0.8382488043245788,0.9551573860931531,-0.19718249508034646,-0.7693177038035366,-0.4424116035629445,0.113144103928995
0.06516513445605905,-0.731789922814562,0.8382488043245788,-0.8156836603213573,-0.19718249508034646,-0.7693177038035366,1.5777327049436507,0.2092226375762634
-1.1415966147302186,-0.731789922814562,0.8382488043245788,0.3267944341396172,0.173862327952718,1.299853097174238,-0.4424116035629445,0.2092226375762634
-1.1415966147302186,-0.731789922814562,0.8382488043245788,-0.3586924225369675,-0.12761159076164688,1.299853097174238,-0.4424116035629445,0.2092226375762634
-1.1415966147302186,0.5713708336889765,0.8382488043245788,-0.872807565044406,0.7072392610627481,1.299853097174238,-0.4424116035629445,0.31541470108113895
1.2719268836423367,0.5713708336889765,0.8382488043245788,1.2407769097083967,0.6608586581836151,-0.7693177038035366,-0.4424116035629445,0.31541470108113895
1.2719268836423367,1.5487414010666303,0.8382488043245788,2.725998432507663,-0.17399219364077992,-0.7693177038035366,-0.4424116035629445,0.113144103928995
1.2719268836423367,-0.731789922814562,0.8382488043245788,-0.872807565044406,0.6608586581836151,-0.7693177038035366,-0.4424116035629445,0.2092226375762634
1.2719268836423367,1.5487414010666303,0.8382488043245788,2.954494051399858,0.3825750409088168,-0.7693177038035366,-0.4424116035629445,0.113144103928995
-1.1415966147302186,-0.08020954456279278,0.8382488043245788,-0.13019680364477262,0.45214594522751633,1.299853097174238,-0.4424116035629445,0.4114932347284073
1.2719268836423367,1.5487414010666303,0.8382488043245788,-0.8156836603213573,0.6608586581836151,-0.7693177038035366,-0.4424116035629445,0.113144103928995
0.06516513445605905,-0.731789922814562,0.8382488043245788,0.8980334813701044,0.0115302178757523,-0.7693177038035366,-0.4424116035629445,0.2092226375762634
-1.1415966147302186,-0.731789922814562,0.8382488043245788,-0.9299314697674548,0.0115302178757523,1.299853097174238,1.5777327049436507,0.2092226375762634
-1.1415966147302186,-0.08020954456279278,0.8382488043245788,-0.01594899419867517,0.3593847394692502,1.299853097174238,-0.4424116035629445,0.4114932347284073
-1.1415966147302186,1.5487414010666303,0.8382488043245788,-0.8156836603213573,0.3593847394692502,1.299853097174238,-0.4424116035629445,0.113144103928995
0.06516513445605905,1.5487414010666303,0.8382488043245788,-0.3586924225369675,-0.7305594281903766,-0.7693177038035366,-0.4424116035629445,0.113144103928995
1.2719268836423367,-1.3833703010663312,0.8382488043245788,-0.6443119461522111,0.6608586581836151,-0.7693177038035366,-0.4424116035629445,0.07268998449856622
0.06516513445605905,-0.08020954456279278,0.8382488043245788,-0.18732070836782133,0.6608586581836151,-0.7693177038035366,1.5777327049436507,0.4114932347284073
1.2719268836423367,1.5487414010666303,0.8382488043245788,-0.5300641367061136,0.3593847394692502,-0.7693177038035366,1.5777327049436507,0.113144103928995
0.06516513445605905,-1.3833703010663312,0.8382488043245788,-0.3015685178139188,0.6608586581836151,-0.7693177038035366,3.597877013450246,0.07268998449856622
-1.1415966147302186,-1.3833703010663312,0.8382488043245788,0.2125466246935197,0.3825750409088168,1.299853097174238,-0.4424116035629445,0.07268998449856622
-1.1415966147302186,-0.08020954456279278,0.8382488043245788,-0.01594899419867517,-0.12761159076164688,1.299853097174238,-0.4424116035629445,0.4114932347284073
0.06516513445605905,0.5713708336889765,0.8382488043245788,-0.7585597555983086,0.3361944380296837,-0.7693177038035366,-0.4424116035629445,0.31541470108113895
1.2719268836423367,-1.3833703010663312,0.8382488043245788,-0.24444461309087007,0.7072392610627481,-0.7693177038035366,-0.4424116035629445,0.07268998449856622
1.2719268836423367,-1.3833703010663312,0.8382488043245788,0.2125466246935197,-0.12761159076164688,-0.7693177038035366,1.5777327049436507,0.07268998449856622
-1.1415966147302186,-0.731789922814562,0.8382488043245788,-0.01594899419867517,0.173862327952718,1.299853097174238,-0.4424116035629445,0.2092226375762634
1.2719268836423367,-1.3833703010663312,0.8382488043245788,-0.47294023198306495,-0.7305594281903766,-0.7693177038035366,-0.4424116035629445,0.07268998449856622
1.2719268836423367,0.5713708336889765,0.8382488043245788,-0.24444461309087007,0.24343323227141758,-0.7693177038035366,-0.4424116035629445,0.31541470108113895
1.2719268836423367,-1.3833703010663312,0.8382488043245788,-0.872807565044406,-0.19718249508034646,-0.7693177038035366,-0.4424116035629445,0.07268998449856622
1.2719268836423367,-0.08020954456279278,0.8382488043245788,0.6695378624779095,0.173862327952718,-0.7693177038035366,1.5777327049436507,0.4114932347284073
0.06516513445605905,-0.08020954456279278,0.8382488043245788,0.4981661483087633,0.6608586581836151,-0.7693177038035366,-0.4424116035629445,0.4114932347284073
-1.1415966147302186,0.5713708336889765,0.8382488043245788,-0.24444461309087007,0.3593847394692502,1.299853097174238,-0.4424116035629445,0.31541470108113895
-1.1415966147302186,-0.08020954456279278,0.8382488043245788,2.2690071947232737,0.6608586581836151,1.299853097174238,-0.4424116035629445,0.4114932347284073
1.2719268836423367,-0.731789922814562,0.8382488043245788,-0.7014358508752598,0.7072392610627481,-0.7693177038035366,-0.4424116035629445,0.2092226375762634
-1.1415966147302186,-1.3833703010663312,0.8382488043245788,0.6124139577548607,0.173862327952718,1.299853097174238,-0.4424116035629445,0.07268998449856622
0.06516513445605905,1.5487414010666303,0.8382488043245788,0.3839183388626659,0.3825750409088168,-0.7693177038035366,-0.4424116035629445,0.113144103928995
0.06516513445605905,-0.08020954456279278,0.8382488043245788,4.21121995530693,0.15067202651315148,-0.7693177038035366,-0.4424116035629445,0.4114932347284073
0.06516513445605905,-1.3833703010663312,0.8382488043245788,-0.872807565044406,0.26662353371098413,-0.7693177038035366,-0.4424116035629445,0.07268998449856622
-1.1415966147302186,-1.3833703010663312,0.8382488043245788,-0.6443119461522111,-0.19718249508034646,1.299853097174238,-0.4424116035629445,0.07268998449856622
0.06516513445605905,1.5487414010666303,0.8382488043245788,-0.872807565044406,0.3361944380296837,-0.7693177038035366,-0.4424116035629445,0.113144103928995
0.06516513445605905,-0.08020954456279278,0.8382488043245788,-0.6443119461522111,0.3825750409088168,-0.7693177038035366,-0.4424116035629445,0.4114932347284073
0.06516513445605905,-1.3833703010663312,0.8382488043245788,1.2407769097083967,0.3593847394692502,-0.7693177038035366,-0.4424116035629445,0.07268998449856622
1.2719268836423367,-0.08020954456279278,0.8382488043245788,-0.7585597555983086,-0.17399219364077992,-0.7693177038035366,-0.4424116035629445,0.4114932347284073
0.06516513445605905,-1.3833703010663312,0.8382488043245788,-0.7585597555983086,0.15067202651315148,-0.7693177038035366,-0.4424116035629445,0.07268998449856622
0.06516513445605905,0.5713708336889765,0.8382488043245788,2.0976354805541275,0.3825750409088168,-0.7693177038035366,-0.4424116035629445,0.31541470108113895
0.06516513445605905,-0.08020954456279278,0.8382488043245788,1.0122812908162018,-0.17399219364077992,-0.7693177038035366,-0.4424116035629445,0.4114932347284073
-1.1415966147302186,1.5487414010666303,0.8382488043245788,-0.5871880414291624,0.3593847394692502,1.299853097174238,-0.4424116035629445,0.113144103928995
-1.1415966147302186,-0.08020954456279278,0.8382488043245788,-0.7585597555983086,0.15067202651315148,1.299853097174238,-0.4424116035629445,0.4114932347284073
1.2719268836423367,-1.3833703010663312,0.8382488043245788,-0.5871880414291624,0.05791082075488536,-0.7693177038035366,-0.4424116035629445,0.07268998449856622
-1.1415966147302186,-0.08020954456279278,0.8382488043245788,1.3550247191544942,0.173862327952718,1.299853097174238,-0.4424116035629445,0.4114932347284073
1.2719268836423367,-0.731789922814562,0.8382488043245788,-0.4158163272600162,0.3593847394692502,-0.7693177038035366,-0.4424116035629445,0.2092226375762634
-1.1415966147302186,1.5487414010666303,0.8382488043245788,0.3267944341396172,0.05791082075488536,1.299853097174238,-0.4424116035629445,0.113144103928995
0.06516513445605905,0.5713708336889765,0.8382488043245788,1.0122812908162018,-0.17399219364077992,-0.7693177038035366,-0.4424116035629445,0.31541470108113895
0.06516513445605905,-0.08020954456279278,0.8382488043245788,2.211883290000225,0.6608586581836151,-0.7693177038035366,-0.4424116035629445,0.4114932347284073
-1.1415966147302186,1.5487414010666303,0.8382488043245788,3.411485289184248,0.7072392610627481,1.299853097174238,-0.4424116035629445,0.113144103928995
-1.1415966147302186,-0.08020954456279278,0.8382488043245788,0.4410422435857146,0.3593847394692502,1.299853097174238,-0.4424116035629445,0.4114932347284073
1.2719268836423367,-1.3833703010663312,0.8382488043245788,3.0687418608459556,0.3361944380296837,-0.7693177038035366,-0.4424116035629445,0.07268998449856622
-1.1415966147302186,-0.08020954456279278,0.8382488043245788,0.6124139577548607,0.3825750409088168,1.299853097174238,-0.4424116035629445,0.4114932347284073
0.06516513445605905,1.5487414010666303,0.8382488043245788,0.155422719970471,0.15067202651315148,-0.7693177038035366,-0.4424116035629445,0.113144103928995
-1.1415966147302186,-0.08020954456279278,0.8382488043245788,0.8409095766470557,0.15067202651315148,1.299853097174238,1.5777327049436507,0.4114932347284073
0.06516513445605905,-1.3833703010663312,0.8382488043245788,-0.3015685178139188,0.26662353371098413,-0.7693177038035366,-0.4424116035629445,0.07268998449856622
-1.1415966147302186,1.5487414010666303,0.8382488043245788,-0.9870553744905034,0.173862327952718,1.299853097174238,-0.4424116035629445,0.113144103928995
1.2719268836423367,-0.731789922814562,0.8382488043245788,-0.9299314697674548,-0.17399219364077992,-0.7693177038035366,-0.4424116035629445,0.2092226375762634
-1.1415966147302186,-0.731789922814562,0.8382488043245788,-0.5300641367061136,0.3593847394692502,1.299853097174238,-0.4424116035629445,0.2092226375762634
1.2719268836423367,-0.08020954456279278,0.8382488043245788,-0.8156836603213573,0.3593847394692502,-0.7693177038035366,-0.4424116035629445,0.4114932347284073
1.2719268836423367,0.5713708336889765,0.8382488043245788,-0.18732070836782133,0.45214594522751633,-0.7693177038035366,-0.4424116035629445,0.31541470108113895
1.2719268836423367,1.5487414010666303,0.8382488043245788,2.040511575831079,0.26662353371098413,-0.7693177038035366,-0.4424116035629445,0.113144103928995
-1.1415966147302186,1.5487414010666303,0.8382488043245788,-0.07307289892172389,0.24343323227141758,1.299853097174238,-0.4424116035629445,0.113144103928995
0.06516513445605905,0.5713708336889765,0.8382488043245788,-0.5300641367061136,0.6608586581836151,-0.7693177038035366,-0.4424116035629445,0.31541470108113895
0.06516513445605905,-0.08020954456279278,0.8382488043245788,-0.7014358508752598,0.26662353371098413,-0.7693177038035366,1.5777327049436507,0.4114932347284073
-1.1415966147302186,1.5487414010666303,0.8382488043245788,-0.7014358508752598,0.24343323227141758,1.299853097174238,1.5777327049436507,0.113144103928995
0.06516513445605905,0.5713708336889765,0.8382488043245788,-0.5300641367061136,0.3593847394692502,-0.7693177038035366,-0.4424116035629445,0.31541470108113895
-1.1415966147302186,-0.08020954456279278,0.8382488043245788,1.3550247191544942,0.26662353371098413,1.299853097174238,1.5777327049436507,0.4114932347284073
0.06516513445605905,-0.08020954456279278,0.8382488043245788,0.9551573860931531,0.3593847394692502,-0.7693177038035366,-0.4424116035629445,0.4114932347284073
0.06516513445605905,0.5713708336889765,0.8382488043245788,0.041174910524373554,0.3593847394692502,-0.7693177038035366,-0.4424116035629445,0.31541470108113895
-1.1415966147302186,1.5487414010666303,0.8382488043245788,-0.6443119461522111,0.26662353371098413,1.299853097174238,-0.4424116035629445,0.113144103928995
0.06516513445605905,1.5487414010666303,0.8382488043245788,-0.9870553744905034,0.15067202651315148,-0.7693177038035366,1.5777327049436507,0.113144103928995
1.2719268836423367,-0.08020954456279278,0.8382488043245788,-0.5300641367061136,-0.19718249508034646,-0.7693177038035366,-0.4424116035629445,0.4114932347284073
0.06516513445605905,-1.3833703010663312,0.8382488043245788,0.26967052941656844,0.0115302178757523,-0.7693177038035366,-0.4424116035629445,0.07268998449856622
-1.1415966147302186,1.5487414010666303,0.8382488043245788,-0.5871880414291624,0.15067202651315148,1.299853097174238,1.5777327049436507,0.113144103928995
-1.1415966147302186,-0.08020954456279278,0.8382488043245788,-0.7585597555983086,0.15067202651315148,1.299853097174238,3.597877013450246,0.4114932347284073
-1.1415966147302186,1.5487414010666303,0.8382488043245788,-0.9870553744905034,0.3593847394692502,1.299853097174238,1.5777327049436507,0.113144103928995
0.06516513445605905,-1.3833703010663312,0.8382488043245788,0.3267944341396172,0.7072392610627481,-0.7693177038035366,-0.4424116035629445,0.07268998449856622
0.06516513445605905,-0.08020954456279278,0.8382488043245788,-0.7585597555983086,-0.12761159076164688,-0.7693177038035366,-0.4424116035629445,0.4114932347284073
-1.1415966147302186,1.5487414010666303,0.8382488043245788,1.0122812908162018,-0.7305594281903766,1.299853097174238,-0.4424116035629445,0.113144103928995
-1.1415966147302186,-0.731789922814562,0.8382488043245788,2.3832550041693707,0.3593847394692502,1.299853097174238,-0.4424116035629445,0.2092226375762634
0.06516513445605905,0.5713708336889765,0.8382488043245788,-0.4158163272600162,-0.12761159076164688,-0.7693177038035366,-0.4424116035629445,0.31541470108113895
-1.1415966147302186,0.5713708336889765,0.8382488043245788,0.7266617672009582,0.26662353371098413,1.299853097174238,-0.4424116035629445,0.31541470108113895
1.2719268836423367,1.5487414010666303,0.8382488043245788,-0.3586924225369675,0.0115302178757523,-0.7693177038035366,-0.4424116035629445,0.113144103928995
-1.1415966147302186,-0.08020954456279278,0.8382488043245788,-0.9299314697674548,0.3361944380296837,1.299853097174238,-0.4424116035629445,0.4114932347284073
0.06516513445605905,-0.731789922814562,0.8382488043245788,0.155422719970471,0.26662353371098413,-0.7693177038035366,1.5777327049436507,0.2092226375762634
1.2719268836423367,-0.08020954456279278,0.8382488043245788,-0.9299314697674548,0.3361944380296837,-0.7693177038035366,1.5777327049436507,0.4114932347284073
1.2719268836423367,-0.731789922814562,0.8382488043245788,-0.4158163272600162,0.6608586581836151,-0.7693177038035366,-0.4424116035629445,0.2092226375762634
-1.1415966147302186,1.5487414010666303,0.8382488043245788,-0.3015685178139188,0.24343323227141758,1.299853097174238,-0.4424116035629445,0.113144103928995
-1.1415966147302186,1.5487414010666303,0.8382488043245788,-0.3015685178139188,0.3593847394692502,1.299853097174238,-0.4424116035629445,0.113144103928995
0.06516513445605905,-1.3833703010663312,0.8382488043245788,-0.9870553744905034,-0.7305594281903766,-0.7693177038035366,-0.4424116035629445,0.07268998449856622
0.06516513445605905,1.5487414010666303,0.8382488043245788,-0.4158163272600162,0.45214594522751633,-0.7693177038035366,-0.4424116035629445,0.113144103928995
1.2719268836423367,1.5487414010666303,0.8382488043245788,-0.7585597555983086,-0.12761159076164688,-0.7693177038035366,-0.4424116035629445,0.113144103928995
-1.1415966147302186,0.5713708336889765,0.8382488043245788,-0.3015685178139188,-0.7305594281903766,1.299853097174238,1.5777327049436507,0.31541470108113895
0.06516513445605905,-1.3833703010663312,0.8382488043245788,-0.6443119461522111,0.3593847394692502,-0.7693177038035366,1.5777327049436507,0.07268998449856622
0.06516513445605905,-1.3833703010663312,0.8382488043245788,0.155422719970471,0.3825750409088168,-0.7693177038035366,-0.4424116035629445,0.07268998449856622
0.06516513445605905,0.5713708336889765,0.8382488043245788,0.4410422435857146,0.15067202651315148,-0.7693177038035366,-0.4424116035629445,0.31541470108113895
1.2719268836423367,0.5713708336889765,0.8382488043245788,1.5263964333236404,0.3361944380296837,-0.7693177038035366,-0.4424116035629445,0.31541470108113895
0.06516513445605905,-0.08020954456279278,0.8382488043245788,0.4410422435857146,0.3361944380296837,-0.7693177038035366,1.5777327049436507,0.4114932347284073
0.06516513445605905,0.5713708336889765,0.8382488043245788,-0.24444461309087007,-0.7305594281903766,-0.7693177038035366,-0.4424116035629445,0.31541470108113895
-1.1415966147302186,-0.731789922814562,0.8382488043245788,-0.6443119461522111,0.7072392610627481,1.299853097174238,-0.4424116035629445,0.2092226375762634
0.06516513445605905,1.5487414010666303,0.8382488043245788,-0.8156836603213573,0.6608586581836151,-0.7693177038035366,-0.4424116035629445,0.113144103928995
1.2719268836423367,-0.08020954456279278,0.8382488043245788,-0.3586924225369675,0.24343323227141758,-0.7693177038035366,-0.4424116035629445,0.4114932347284073
0.06516513445605905,1.5487414010666303,0.8382488043245788,1.0122812908162018,0.3361944380296837,-0.7693177038035366,-0.4424116035629445,0.113144103928995
0.06516513445605905,-1.3833703010663312,0.8382488043245788,-0.5871880414291624,0.45214594522751633,-0.7693177038035366,-0.4424116035629445,0.07268998449856622
0.06516513445605905,-0.08020954456279278,0.8382488043245788,0.041174910524373554,0.3593847394692502,-0.7693177038035366,-0.4424116035629445,0.4114932347284073
-1.1415966147302186,-0.731789922814562,0.8382488043245788,-0.6443119461522111,0.173862327952718,1.299853097174238,-0.4424116035629445,0.2092226375762634
1.2719268836423367,1.5487414010666303,0.8382488043245788,0.7266617672009582,0.05791082075488536,-0.7693177038035366,-0.4424116035629445,0.113144103928995
-1.1415966147302186,-0.731789922814562,0.8382488043245788,0.09829881524742227,0.05791082075488536,1.299853097174238,1.5777327049436507,0.2092226375762634
0.06516513445605905,1.5487414010666303,0.8382488043245788,-0.6443119461522111,0.6608586581836151,-0.7693177038035366,-0.4424116035629445,0.113144103928995
-1.1415966147302186,1.5487414010666303,0.8382488043245788,-0.9870553744905034,-0.17399219364077992,1.299853097174238,-0.4424116035629445,0.113144103928995
-1.1415966147302186,-0.731789922814562,0.8382488043245788,0.155422719970471,0.26662353371098413,1.299853097174238,-0.4424116035629445,0.2092226375762634
-1.1415966147302186,1.5487414010666303,0.8382488043245788,-0.7014358508752598,0.6608586581836151,1.299853097174238,-0.4424116035629445,0.113144103928995
0.06516513445605905,-1.3833703010663312,0.8382488043245788,1.3550247191544942,0.3593847394692502,-0.7693177038035366,-0.4424116035629445,0.07268998449856622
0.06516513445605905,-0.731789922814562,0.8382488043245788,0.555290053031812,0.05791082075488536,-0.7693177038035366,-0.4424116035629445,0.2092226375762634
0.06516513445605905,-1.3833703010663312,0.8382488043245788,-0.18732070836782133,0.6608586581836151,-0.7693177038035366,-0.4424116035629445,0.07268998449856622
0.06516513445605905,-0.08020954456279278,0.8382488043245788,-0.13019680364477262,0.3361944380296837,-0.7693177038035366,-0.4424116035629445,0.4114932347284073
-1.1415966147302186,1.5487414010666303,0.8382488043245788,-0.7014358508752598,0.3593847394692502,1.299853097174238,-0.4424116035629445,0.113144103928995
1.2719268836423367,-1.3833703010663312,0.8382488043245788,0.3267944341396172,0.45214594522751633,-0.7693177038035366,-0.4424116035629445,0.07268998449856622
1.2719268836423367,0.5713708336889765,0.8382488043245788,-0.872807565044406,0.15067202651315148,-0.7693177038035366,-0.4424116035629445,0.31541470108113895
0.06516513445605905,-0.08020954456279278,0.8382488043245788,-0.18732070836782133,-0.12761159076164688,-0.7693177038035366,-0.4424116035629445,0.4114932347284073
1.2719268836423367,0.5713708336889765,0.8382488043245788,-0.872807565044406,0.15067202651315148,-0.7693177038035366,1.5777327049436507,0.31541470108113895
-1.1415966147302186,-0.731789922814562,0.8382488043245788,0.26967052941656844,0.24343323227141758,1.299853097174238,-0.4424116035629445,0.2092226375762634
-1.1415966147302186,-0.731789922814562,0.8382488043245788,-0.24444461309087007,0.6608586581836151,1.299853097174238,-0.4424116035629445,0.2092226375762634
1.2719268836423367,-0.08020954456279278,0.8382488043245788,-0.6443119461522111,0.6608586581836151,-0.7693177038035366,1.5777327049436507,0.4114932347284073
-1.1415966147302186,0.5713708336889765,0.8382488043245788,-0.24444461309087007,0.05791082075488536,1.299853097174238,-0.4424116035629445,0.31541470108113895
0.06516513445605905,-0.731789922814562,0.9770317189478536,0.155422719970471,-0.17399219364077992,-0.7693177038035366,-0.4424116035629445,0.2092226375762634
-1.1415966147302186,-0.08020954456279278,0.9770317189478536,-0.7014358508752598,0.3593847394692502,1.299853097174238,-0.4424116035629445,0.4114932347284073
-1.1415966147302186,-1.3833703010663312,0.9770317189478536,0.2125466246935197,0.3825750409088168,1.299853097174238,-0.4424116035629445,0.07268998449856622
1.2719268836423367,-0.731789922814562,0.9770317189478536,0.4410422435857146,0.7072392610627481,-0.7693177038035366,-0.4424116035629445,0.2092226375762634
-1.1415966147302186,0.5713708336889765,0.9770317189478536,-0.9299314697674548,0.15067202651315148,1.299853097174238,-0.4424116035629445,0.31541470108113895
0.06516513445605905,-0.731789922814562,0.9770317189478536,1.1265291002622992,0.0115302178757523,-0.7693177038035366,-0.4424116035629445,0.2092226375762634
1.2719268836423367,0.5713708336889765,0.9770317189478536,1.5263964333236404,0.0115302178757523,-0.7693177038035366,1.5777327049436507,0.31541470108113895
-1.1415966147302186,-1.3833703010663312,0.9770317189478536,0.4410422435857146,0.26662353371098413,1.299853097174238,-0.4424116035629445,0.07268998449856622
0.06516513445605905,-0.08020954456279278,0.9770317189478536,0.041174910524373554,0.45214594522751633,-0.7693177038035366,-0.4424116035629445,0.4114932347284073
1.2719268836423367,1.5487414010666303,0.9770317189478536,1.2979008144314454,0.3593847394692502,-0.7693177038035366,-0.4424116035629445,0.113144103928995
-1.1415966147302186,0.5713708336889765,0.9770317189478536,-0.5300641367061136,0.15067202651315148,1.299853097174238,-0.4424116035629445,0.31541470108113895
-1.1415966147302186,0.5713708336889765,0.9770317189478536,0.6124139577548607,-0.17399219364077992,1.299853097174238,-0.4424116035629445,0.31541470108113895
1.2719268836423367,-0.731789922814562,0.9770317189478536,1.2979008144314454,0.6608586581836151,-0.7693177038035366,-0.4424116035629445,0.2092226375762634
1.2719268836423367,-1.3833703010663312,0.9770317189478536,-0.9299314697674548,-0.17399219364077992,-0.7693177038035366,1.5777327049436507,0.07268998449856622
0.06516513445605905,-0.08020954456279278,0.9770317189478536,1.412148623877543,0.3593847394692502,-0.7693177038035366,-0.4424116035629445,0.4114932347284073
0.06516513445605905,1.5487414010666303,0.9770317189478536,0.6695378624779095,0.6608586581836151,-0.7693177038035366,-0.4424116035629445,0.113144103928995
1.2719268836423367,-0.08020954456279278,0.9770317189478536,-0.9299314697674548,0.7072392610627481,-0.7693177038035366,-0.4424116035629445,0.4114932347284073
1.2719268836423367,0.5713708336889765,0.9770317189478536,-0.6443119461522111,0.0115302178757523,-0.7693177038035366,-0.4424116035629445,0.31541470108113895
1.2719268836423367,-1.3833703010663312,0.9770317189478536,1.183653004985348,0.15067202651315148,-0.7693177038035366,-0.4424116035629445,0.07268998449856622
0.06516513445605905,-1.3833703010663312,0.9770317189478536,0.6124139577548607,-0.17399219364077992,-0.7693177038035366,-0.4424116035629445,0.07268998449856622
0.06516513445605905,-1.3833703010663312,0.9770317189478536,0.041174910524373554,0.6608586581836151,-0.7693177038035366,-0.4424116035629445,0.07268998449856622
-1.1415966147302186,0.5713708336889765,0.9770317189478536,0.09829881524742227,0.7072392610627481,1.299853097174238,-0.4424116035629445,0.31541470108113895
-1.1415966147302186,-0.731789922814562,0.9770317189478536,-0.8156836603213573,-0.19718249508034646,1.299853097174238,-0.4424116035629445,0.2092226375762634
-1.1415966147302186,-1.3833703010663312,0.9770317189478536,-0.8156836603213573,-0.17399219364077992,1.299853097174238,1.5777327049436507,0.07268998449856622
0.06516513445605905,-0.731789922814562,0.9770317189478536,-0.6443119461522111,0.05791082075488536,-0.7693177038035366,-0.4424116035629445,0.2092226375762634
-1.1415966147302186,-0.731789922814562,0.9770317189478536,1.8691398616619324,0.24343323227141758,1.299853097174238,-0.4424116035629445,0.2092226375762634
-1.1415966147302186,-1.3833703010663312,0.9770317189478536,-0.5300641367061136,-0.19718249508034646,1.299853097174238,-0.4424116035629445,0.07268998449856622
-1.1415966147302186,-0.08020954456279278,0.9770317189478536,0.3839183388626659,0.3593847394692502,1.299853097174238,-0.4424116035629445,0.4114932347284073
1.2719268836423367,-0.08020954456279278,0.9770317189478536,-0.5300641367061136,0.05791082075488536,-0.7693177038035366,-0.4424116035629445,0.4114932347284073
0.06516513445605905,0.5713708336889765,0.9770317189478536,-0.8156836603213573,0.24343323227141758,-0.7693177038035366,1.5777327049436507,0.31541470108113895
-1.1415966147302186,-0.08020954456279278,0.9770317189478536,-0.872807565044406,0.6608586581836151,1.299853097174238,-0.4424116035629445,0.4114932347284073
-1.1415966147302186,-0.08020954456279278,0.9770317189478536,-0.18732070836782133,0.3825750409088168,1.299853097174238,-0.4424116035629445,0.4114932347284073
0.06516513445605905,-0.731789922814562,0.9770317189478536,1.0122812908162018,0.173862327952718,-0.7693177038035366,-0.4424116035629445,0.2092226375762634
-1.1415966147302186,0.5713708336889765,0.9770317189478536,-0.01594899419867517,0.15067202651315148,1.299853097174238,-0.4424116035629445,0.31541470108113895
1.2719268836423367,-0.08020954456279278,0.9770317189478536,-0.872807565044406,0.7072392610627481,-0.7693177038035366,-0.4424116035629445,0.4114932347284073
-1.1415966147302186,-1.3833703010663312,0.9770317189478536,0.041174910524373554,0.45214594522751633,1.299853097174238,-0.4424116035629445,0.07268998449856622
0.06516513445605905,0.5713708336889765,0.9770317189478536,-0.24444461309087007,0.0115302178757523,-0.7693177038035366,-0.4424116035629445,0.31541470108113895
1.2719268836423367,0.5713708336889765,0.9770317189478536,-0.872807565044406,0.15067202651315148,-0.7693177038035366,1.5777327049436507,0.31541470108113895
0.06516513445605905,-0.731789922814562,0.9770317189478536,-0.7585597555983086,0.15067202651315148,-0.7693177038035366,-0.4424116035629445,0.2092226375762634
-1.1415966147302186,0.5713708336889765,0.9770317189478536,-0.47294023198306495,0.3593847394692502,1.299853097174238,-0.4424116035629445,0.31541470108113895
1.2719268836423367,0.5713708336889765,0.9770317189478536,-0.872807565044406,-0.17399219364077992,-0.7693177038035366,-0.4424116035629445,0.31541470108113895
-1.1415966147302186,-0.731789922814562,0.9770317189478536,-0.8156836603213573,0.24343323227141758,1.299853097174238,-0.4424116035629445,0.2092226375762634
1.2719268836423367,1.5487414010666303,0.9770317189478536,0.2125466246935197,0.3593847394692502,-0.7693177038035366,1.5777327049436507,0.113144103928995
1.2719268836423367,-1.3833703010663312,0.9770317189478536,-0.5871880414291624,0.3825750409088168,-0.7693177038035366,-0.4424116035629445,0.07268998449856622
0.06516513445605905,-0.08020954456279278,0.9770317189478536,0.26967052941656844,0.3361944380296837,-0.7693177038035366,-0.4424116035629445,0.4114932347284073
-1.1415966147302186,1.5487414010666303,0.9770317189478536,-0.6443119461522111,0.3593847394692502,1.299853097174238,1.5777327049436507,0.113144103928995
-1.1415966147302186,-1.3833703010663312,0.9770317189478536,0.4981661483087633,0.24343323227141758,1.299853097174238,-0.4424116035629445,0.07268998449856622
0.06516513445605905,-1.3833703010663312,0.9770317189478536,-0.872807565044406,0.3825750409088168,-0.7693177038035366,1.5777327049436507,0.07268998449856622
-1.1415966147302186,0.5713708336889765,0.9770317189478536,0.2125466246935197,0.6608586581836151,1.299853097174238,-0.4424116035629445,0.31541470108113895
0.06516513445605905,-1.3833703010663312,0.9770317189478536,-0.8156836603213573,0.0115302178757523,-0.7693177038035366,-0.4424116035629445,0.07268998449856622
-1.1415966147302186,-0.08020954456279278,0.9770317189478536,-0.7014358508752598,0.3593847394692502,1.299853097174238,1.5777327049436507,0.4114932347284073
-1.1415966147302186,1.5487414010666303,0.9770317189478536,-0.3015685178139188,0.3593847394692502,1.299853097174238,1.5777327049436507,0.113144103928995
1.2719268836423367,-1.3833703010663312,0.9770317189478536,-0.5300641367061136,0.3593847394692502,-0.7693177038035366,3.597877013450246,0.07268998449856622
1.2719268836423367,0.5713708336889765,0.9770317189478536,0.8409095766470557,-0.12761159076164688,-0.7693177038035366,-0.4424116035629445,0.31541470108113895
-1.1415966147302186,-1.3833703010663312,0.9770317189478536,2.497502813615468,0.15067202651315148,1.299853097174238,-0.4424116035629445,0.07268998449856622
-1.1415966147302186,0.5713708336889765,0.9770317189478536,-0.5300641367061136,-0.12761159076164688,1.299853097174238,-0.4424116035629445,0.31541470108113895
1.2719268836423367,-0.731789922814562,0.9770317189478536,0.4981661483087633,0.6608586581836151,-0.7693177038035366,-0.4424116035629445,0.2092226375762634
1.2719268836423367,-0.08020954456279278,0.9770317189478536,-0.5871880414291624,-0.17399219364077992,-0.7693177038035366,-0.4424116035629445,0.4114932347284073
-1.1415966147302186,-0.731789922814562,0.9770317189478536,-0.07307289892172389,0.05791082075488536,1.299853097174238,-0.4424116035629445,0.2092226375762634
1.2719268836423367,-0.08020954456279278,0.9770317189478536,-0.872807565044406,-0.17399219364077992,-0.7693177038035366,1.5777327049436507,0.4114932347284073
0.06516513445605905,-1.3833703010663312,0.9770317189478536,0.26967052941656844,-0.19718249508034646,-0.7693177038035366,-0.4424116035629445,0.07268998449856622
-1.1415966147302186,-0.731789922814562,0.9770317189478536,-0.7014358508752598,0.3593847394692502,1.299853097174238,-0.4424116035629445,0.2092226375762634
-1.1415966147302186,-0.08020954456279278,0.9770317189478536,-0.3015685178139188,0.05791082075488536,1.299853097174238,1.5777327049436507,0.4114932347284073
-1.1415966147302186,0.5713708336889765,0.9770317189478536,-0.872807565044406,0.15067202651315148,1.299853097174238,-0.4424116035629445,0.31541470108113895
1.2719268836423367,0.5713708336889765,0.9770317189478536,-0.47294023198306495,0.3825750409088168,-0.7693177038035366,-0.4424116035629445,0.31541470108113895
1.2719268836423367,-0.731789922814562,0.9770317189478536,-0.3586924225369675,0.3825750409088168,-0.7693177038035366,1.5777327049436507,0.2092226375762634
0.06516513445605905,-1.3833703010663312,0.9770317189478536,0.041174910524373554,0.24343323227141758,-0.7693177038035366,-0.4424116035629445,0.07268998449856622
0.06516513445605905,0.5713708336889765,0.9770317189478536,0.6695378624779095,0.173862327952718,-0.7693177038035366,-0.4424116035629445,0.31541470108113895
0.06516513445605905,-0.08020954456279278,0.9770317189478536,2.725998432507663,0.45214594522751633,-0.7693177038035366,-0.4424116035629445,0.4114932347284073
0.06516513445605905,0.5713708336889765,0.9770317189478536,-0.13019680364477262,0.15067202651315148,-0.7693177038035366,-0.4424116035629445,0.31541470108113895
0.06516513445605905,-0.08020954456279278,0.9770317189478536,-0.9870553744905034,0.7072392610627481,-0.7693177038035366,-0.4424116035629445,0.4114932347284073
0.06516513445605905,0.5713708336889765,0.9770317189478536,-0.7585597555983086,0.45214594522751633,-0.7693177038035366,1.5777327049436507,0.31541470108113895
-1.1415966147302186,0.5713708336889765,0.9770317189478536,-0.3015685178139188,0.3593847394692502,1.299853097174238,-0.4424116035629445,0.31541470108113895
-1.1415966147302186,-0.08020954456279278,0.9770317189478536,0.8980334813701044,0.3593847394692502,1.299853097174238,-0.4424116035629445,0.4114932347284073
0.06516513445605905,-1.3833703010663312,0.9770317189478536,-0.5871880414291624,0.0115302178757523,-0.7693177038035366,-0.4424116035629445,0.07268998449856622
1.2719268836423367,-1.3833703010663312,0.9770317189478536,-0.8156836603213573,-0.17399219364077992,-0.7693177038035366,-0.4424116035629445,0.07268998449856622
1.2719268836423367,-0.08020954456279278,0.9770317189478536,0.7837856719240069,-0.17399219364077992,-0.7693177038035366,1.5777327049436507,0.4114932347284073
0.06516513445605905,1.5487414010666303,0.9770317189478536,-0.47294023198306495,0.15067202651315148,-0.7693177038035366,-0.4424116035629445,0.113144103928995
1.2719268836423367,0.5713708336889765,0.9770317189478536,-0.5871880414291624,0.05791082075488536,-0.7693177038035366,-0.4424116035629445,0.31541470108113895
0.06516513445605905,0.5713708336889765,0.9770317189478536,1.8691398616619324,0.7072392610627481,-0.7693177038035366,-0.4424116035629445,0.31541470108113895
1.2719268836423367,-1.3833703010663312,0.9770317189478536,-0.5300641367061136,0.0115302178757523,-0.7693177038035366,-0.4424116035629445,0.07268998449856622
1.2719268836423367,0.5713708336889765,0.9770317189478536,-0.24444461309087007,0.05791082075488536,-0.7693177038035366,-0.4424116035629445,0.31541470108113895
0.06516513445605905,-1.3833703010663312,0.9770317189478536,1.5835203380466891,0.3593847394692502,-0.7693177038035366,-0.4424116035629445,0.07268998449856622
0.06516513445605905,-1.3833703010663312,0.9770317189478536,1.6406442427697379,0.26662353371098413,-0.7693177038035366,-0.4424116035629445,0.07268998449856622
1.2719268836423367,1.5487414010666303,0.9770317189478536,1.3550247191544942,0.3825750409088168,-0.7693177038035366,-0.4424116035629445,0.113144103928995
0.06516513445605905,-0.08020954456279278,0.9770317189478536,0.09829881524742227,0.6608586581836151,-0.7693177038035366,-0.4424116035629445,0.4114932347284073
-1.1415966147302186,1.5487414010666303,0.9770317189478536,-0.872807565044406,0.3361944380296837,1.299853097174238,-0.4424116035629445,0.113144103928995
-1.1415966147302186,0.5713708336889765,0.9770317189478536,0.2125466246935197,0.05791082075488536,1.299853097174238,-0.4424116035629445,0.31541470108113895
1.2719268836423367,-1.3833703010663312,0.9770317189478536,-0.8156836603213573,0.3593847394692502,-0.7693177038035366,-0.4424116035629445,0.07268998449856622
0.06516513445605905,-0.08020954456279278,0.9770317189478536,0.4410422435857146,0.3593847394692502,-0.7693177038035366,1.5777327049436507,0.4114932347284073
-1.1415966147302186,-1.3833703010663312,0.9770317189478536,1.0694051955392505,0.3593847394692502,1.299853097174238,-0.4424116035629445,0.07268998449856622
0.06516513445605905,0.5713708336889765,0.9770317189478536,-0.4158163272600162,0.3825750409088168,-0.7693177038035366,-0.4424116035629445,0.31541470108113895
1.2719268836423367,0.5713708336889765,0.9770317189478536,-0.7585597555983086,0.26662353371098413,-0.7693177038035366,-0.4424116035629445,0.31541470108113895
1.2719268836423367,-1.3833703010663312,0.9770317189478536,0.6695378624779095,0.7072392610627481,-0.7693177038035366,-0.4424116035629445,0.07268998449856622
-1.1415966147302186,0.5713708336889765,0.9770317189478536,-0.7014358508752598,-0.12761159076164688,1.299853097174238,-0.4424116035629445,0.31541470108113895
1.2719268836423367,0.5713708336889765,0.9770317189478536,0.09829881524742227,0.3593847394692502,-0.7693177038035366,-0.4424116035629445,0.31541470108113895
-1.1415966147302186,-1.3833703010663312,0.9770317189478536,-0.5871880414291624,-0.19718249508034646,1.299853097174238,-0.4424116035629445,0.07268998449856622
0.06516513445605905,1.5487414010666303,0.9770317189478536,-0.01594899419867517,0.0115302178757523,-0.7693177038035366,-0.4424116035629445,0.113144103928995
1.2719268836423367,-0.08020954456279278,0.9770317189478536,3.639980908076443,0.15067202651315148,-0.7693177038035366,-0.4424116035629445,0.4114932347284073
0.06516513445605905,1.5487414010666303,0.9770317189478536,-0.8156836603213573,0.3825750409088168,-0.7693177038035366,-0.4424116035629445,0.113144103928995
1.2719268836423367,0.5713708336889765,0.9770317189478536,1.1265291002622992,0.173862327952718,-0.7693177038035366,-0.4424116035629445,0.31541470108113895
-1.1415966147302186,-0.731789922814562,0.9770317189478536,-0.7014358508752598,0.15067202651315148,1.299853097174238,-0.4424116035629445,0.2092226375762634
1.2719268836423367,0.5713708336889765,0.9770317189478536,1.6406442427697379,-0.12761159076164688,-0.7693177038035366,-0.4424116035629445,0.31541470108113895
-1.1415966147302186,1.5487414010666303,0.9770317189478536,-0.9299314697674548,0.3825750409088168,1.299853097174238,-0.4424116035629445,0.113144103928995
0.06516513445605905,-0.731789922814562,0.9770317189478536,-0.01594899419867517,0.7072392610627481,-0.7693177038035366,-0.4424116035629445,0.2092226375762634
0.06516513445605905,-0.731789922814562,0.9770317189478536,-0.7014358508752598,-0.19718249508034646,-0.7693177038035366,-0.4424116035629445,0.2092226375762634
1.2719268836423367,-0.08020954456279278,0.9770317189478536,3.6971048127994917,0.05791082075488536,-0.7693177038035366,-0.4424116035629445,0.4114932347284073
0.06516513445605905,1.5487414010666303,0.9770317189478536,1.0122812908162018,0.3593847394692502,-0.7693177038035366,-0.4424116035629445,0.113144103928995
1.2719268836423367,0.5713708336889765,0.9770317189478536,0.3267944341396172,0.15067202651315148,-0.7693177038035366,-0.4424116035629445,0.31541470108113895
0.06516513445605905,-1.3833703010663312,0.9770317189478536,1.5263964333236404,0.7072392610627481,-0.7693177038035366,-0.4424116035629445,0.07268998449856622
1.2719268836423367,1.5487414010666303,0.9770317189478536,-0.5871880414291624,0.15067202651315148,-0.7693177038035366,-0.4424116035629445,0.113144103928995
-1.1415966147302186,-1.3833703010663312,0.9770317189478536,1.2407769097083967,-0.17399219364077992,1.299853097174238,-0.4424116035629445,0.07268998449856622
1.2719268836423367,1.5487414010666303,0.9770317189478536,-0.18732070836782133,0.3593847394692502,-0.7693177038035366,-0.4424116035629445,0.113144103928995
1.2719268836423367,-0.08020954456279278,0.9770317189478536,-0.01594899419867517,0.15067202651315148,-0.7693177038035366,-0.4424116035629445,0.4114932347284073
0.06516513445605905,1.5487414010666303,0.9770317189478536,-0.8156836603213573,0.26662353371098413,-0.7693177038035366,-0.4424116035629445,0.113144103928995
1.2719268836423367,-1.3833703010663312,0.9770317189478536,-0.872807565044406,0.3593847394692502,-0.7693177038035366,1.5777327049436507,0.07268998449856622
-1.1415966147302186,1.5487414010666303,0.9770317189478536,-0.24444461309087007,0.173862327952718,1.299853097174238,-0.4424116035629445,0.113144103928995
-1.1415966147302186,-1.3833703010663312,0.9770317189478536,-0.18732070836782133,-0.17399219364077992,1.299853097174238,-0.4424116035629445,0.07268998449856622
1.2719268836423367,-0.731789922814562,0.9770317189478536,-0.18732070836782133,0.3825750409088168,-0.7693177038035366,-0.4424116035629445,0.2092226375762634
0.06516513445605905,-0.08020954456279278,0.9770317189478536,0.4981661483087633,0.0115302178757523,-0.7693177038035366,-0.4424116035629445,0.4114932347284073
1.2719268836423367,-0.08020954456279278,0.9770317189478536,-0.3586924225369675,0.6608586581836151,-0.7693177038035366,-0.4424116035629445,0.4114932347284073
-1.1415966147302186,-0.731789922814562,0.9770317189478536,-0.24444461309087007,0.05791082075488536,1.299853097174238,-0.4424116035629445,0.2092226375762634
-1.1415966147302186,-1.3833703010663312,0.9770317189478536,0.155422719970471,0.173862327952718,1.299853097174238,-0.4424116035629445,0.07268998449856622
0.06516513445605905,-0.08020954456279278,0.9770317189478536,-0.7014358508752598,0.6608586581836151,-0.7693177038035366,1.5777327049436507,0.4114932347284073
0.06516513445605905,-1.3833703010663312,0.9770317189478536,2.725998432507663,0.173862327952718,-0.7693177038035366,-0.4424116035629445,0.07268998449856622
1.2719268836423367,-1.3833703010663312,0.9770317189478536,-0.9870553744905034,0.6608586581836151,-0.7693177038035366,-0.4424116035629445,0.07268998449856622
-1.1415966147302186,-0.08020954456279278,0.9770317189478536,-0.5300641367061136,0.3361944380296837,1.299853097174238,-0.4424116035629445,0.4114932347284073
1.2719268836423367,0.5713708336889765,0.9770317189478536,-0.7585597555983086,0.05791082075488536,-0.7693177038035366,-0.4424116035629445,0.31541470108113895
1.2719268836423367,-0.731789922814562,0.9770317189478536,-0.07307289892172389,0.6608586581836151,-0.7693177038035366,-0.4424116035629445,0.2092226375762634
-1.1415966147302186,0.5713708336889765,0.9770317189478536,0.6124139577548607,0.45214594522751633,1.299853097174238,-0.4424116035629445,0.31541470108113895
1.2719268836423367,0.5713708336889765,0.9770317189478536,-0.8156836603213573,0.6608586581836151,-0.7693177038035366,1.5777327049436507,0.31541470108113895
1.2719268836423367,0.5713708336889765,0.9770317189478536,-0.9299314697674548,0.26662353371098413,-0.7693177038035366,-0.4424116035629445,0.31541470108113895
-1.1415966147302186,0.5713708336889765,0.9770317189478536,-0.07307289892172389,0.15067202651315148,1.299853097174238,-0.4424116035629445,0.31541470108113895
1.2719268836423367,-0.731789922814562,0.9770317189478536,3.182989670292053,0.24343323227141758,-0.7693177038035366,-0.4424116035629445,0.2092226375762634
-1.1415966147302186,-0.731789922814562,0.9770317189478536,0.7266617672009582,0.6608586581836151,1.299853097174238,-0.4424116035629445,0.2092226375762634
1.2719268836423367,-0.08020954456279278,0.9770317189478536,-0.13019680364477262,0.15067202651315148,-0.7693177038035366,-0.4424116035629445,0.4114932347284073
0.06516513445605905,1.5487414010666303,0.9770317189478536,0.3839183388626659,0.0115302178757523,-0.7693177038035366,-0.4424116035629445,0.113144103928995
1.2719268836423367,-0.08020954456279278,0.9770317189478536,-0.5300641367061136,0.173862327952718,-0.7693177038035366,-0.4424116035629445,0.4114932347284073
0.06516513445605905,-1.3833703010663312,0.9770317189478536,-0.6443119461522111,0.05791082075488536,-0.7693177038035366,-0.4424116035629445,0.07268998449856622
0.06516513445605905,-0.08020954456279278,0.9770317189478536,0.3839183388626659,-0.7305594281903766,-0.7693177038035366,-0.4424116035629445,0.4114932347284073
0.06516513445605905,1.5487414010666303,0.9770317189478536,-0.3015685178139188,0.3593847394692502,-0.7693177038035366,-0.4424116035629445,0.113144103928995
0.06516513445605905,1.5487414010666303,0.9770317189478536,-0.47294023198306495,0.3593847394692502,-0.7693177038035366,1.5777327049436507,0.113144103928995
1.2719268836423367,-0.08020954456279278,0.9770317189478536,6.210556620613636,0.45214594522751633,-0.7693177038035366,-0.4424116035629445,0.4114932347284073
-1.1415966147302186,0.5713708336889765,0.9770317189478536,1.5263964333236404,-0.7305594281903766,1.299853097174238,-0.4424116035629445,0.31541470108113895
-1.1415966147302186,-0.731789922814562,0.9770317189478536,3.011617956122907,0.6608586581836151,1.299853097174238,-0.4424116035629445,0.2092226375762634
-1.1415966147302186,1.5487414010666303,0.9770317189478536,-0.9299314697674548,0.3593847394692502,1.299853097174238,-0.4424116035629445,0.113144103928995
1.2719268836423367,0.5713708336889765,0.9770317189478536,1.3550247191544942,0.3593847394692502,-0.7693177038035366,-0.4424116035629445,0.31541470108113895
-1.1415966147302186,0.5713708336889765,0.9770317189478536,0.09829881524742227,-0.7305594281903766,1.299853097174238,-0.4424116035629445,0.31541470108113895
1.2719268836423367,-1.3833703010663312,0.9770317189478536,0.555290053031812,0.15067202651315148,-0.7693177038035366,-0.4424116035629445,0.07268998449856622
1.2719268836423367,-1.3833703010663312,0.9770317189478536,-0.6443119461522111,-0.12761159076164688,-0.7693177038035366,-0.4424116035629445,0.07268998449856622
-1.1415966147302186,-0.731789922814562,0.9770317189478536,1.6977681474927866,-0.7305594281903766,1.299853097174238,-0.4424116035629445,0.2092226375762634
0.06516513445605905,1.5487414010666303,0.9770317189478536,-0.7585597555983086,-0.17399219364077992,-0.7693177038035366,-0.4424116035629445,0.113144103928995
1.2719268836423367,-1.3833703010663312,0.9770317189478536,-0.18732070836782133,0.6608586581836151,-0.7693177038035366,-0.4424116035629445,0.07268998449856622
1.2719268836423367,1.5487414010666303,0.9770317189478536,1.8691398616619324,0.05791082075488536,-0.7693177038035366,-0.4424116035629445,0.113144103928995
0.06516513445605905,1.5487414010666303,0.9770317189478536,-0.9870553744905034,0.45214594522751633,-0.7693177038035366,-0.4424116035629445,0.113144103928995
-1.1415966147302186,-1.3833703010663312,0.9770317189478536,1.2979008144314454,-0.19718249508034646,1.299853097174238,-0.4424116035629445,0.07268998449856622
0.06516513445605905,-0.731789922814562,0.9770317189478536,-0.5871880414291624,0.173862327952718,-0.7693177038035366,-0.4424116035629445,0.2092226375762634
1.2719268836423367,-0.08020954456279278,0.9770317189478536,-0.47294023198306495,0.3593847394692502,-0.7693177038035366,-0.4424116035629445,0.4114932347284073
1.2719268836423367,0.5713708336889765,0.9770317189478536,-0.07307289892172389,0.15067202651315148,-0.7693177038035366,-0.4424116035629445,0.31541470108113895
0.06516513445605905,-0.08020954456279278,0.9770317189478536,0.4981661483087633,0.7072392610627481,-0.7693177038035366,-0.4424116035629445,0.4114932347284073
0.06516513445605905,-0.731789922814562,0.9770317189478536,-0.6443119461522111,0.3593847394692502,-0.7693177038035366,-0.4424116035629445,0.2092226375762634
1.2719268836423367,0.5713708336889765,0.9770317189478536,1.6977681474927866,0.45214594522751633,-0.7693177038035366,-0.4424116035629445,0.31541470108113895
1.2719268836423367,-0.08020954456279278,0.9770317189478536,-0.872807565044406,0.0115302178757523,-0.7693177038035366,-0.4424116035629445,0.4114932347284073
1.2719268836423367,-1.3833703010663312,0.9770317189478536,-0.7014358508752598,-0.7305594281903766,-0.7693177038035366,-0.4424116035629445,0.07268998449856622
-1.1415966147302186,0.5713708336889765,0.9770317189478536,-0.872807565044406,0.24343323227141758,1.299853097174238,-0.4424116035629445,0.31541470108113895
1.2719268836423367,-1.3833703010663312,0.9770317189478536,0.3267944341396172,0.26662353371098413,-0.7693177038035366,-0.4424116035629445,0.07268998449856622
1.2719268836423367,-0.08020954456279278,0.9770317189478536,0.041174910524373554,0.45214594522751633,-0.7693177038035366,1.5777327049436507,0.4114932347284073
-1.1415966147302186,-0.731789922814562,0.9770317189478536,-0.7585597555983086,-0.19718249508034646,1.299853097174238,-0.4424116035629445,0.2092226375762634
-1.1415966147302186,1.5487414010666303,0.9770317189478536,1.6977681474927866,-0.17399219364077992,1.299853097174238,-0.4424116035629445,0.113144103928995
0.06516513445605905,0.5713708336889765,0.9770317189478536,-0.5300641367061136,0.15067202651315148,-0.7693177038035366,-0.4424116035629445,0.31541470108113895
1.2719268836423367,-0.08020954456279278,0.9770317189478536,-0.7585597555983086,0.3593847394692502,-0.7693177038035366,-0.4424116035629445,0.4114932347284073
-1.1415966147302186,0.5713708336889765,0.9770317189478536,0.2125466246935197,0.26662353371098413,1.299853097174238,-0.4424116035629445,0.31541470108113895
-1.1415966147302186,0.5713708336889765,0.9770317189478536,-0.9870553744905034,0.6608586581836151,1.299853097174238,-0.4424116035629445,0.31541470108113895
1.2719268836423367,-0.731789922814562,0.9770317189478536,-0.7585597555983086,0.24343323227141758,-0.7693177038035366,-0.4424116035629445,0.2092226375762634
1.2719268836423367,0.5713708336889765,0.9770317189478536,-0.9299314697674548,0.0115302178757523,-0.7693177038035366,-0.4424116035629445,0.31541470108113895
-1.1415966147302186,1.5487414010666303,0.9770317189478536,-0.24444461309087007,-0.12761159076164688,1.299853097174238,-0.4424116035629445,0.113144103928995
0.06516513445605905,0.5713708336889765,0.9770317189478536,-0.5300641367061136,0.7072392610627481,-0.7693177038035366,-0.4424116035629445,0.31541470108113895
-1.1415966147302186,-1.3833703010663312,0.9770317189478536,0.09829881524742227,0.05791082075488536,1.299853097174238,-0.4424116035629445,0.07268998449856622
-1.1415966147302186,0.5713708336889765,0.9770317189478536,-0.7585597555983086,-0.12761159076164688,1.299853097174238,1.5777327049436507,0.31541470108113895
0.06516513445605905,0.5713708336889765,0.9770317189478536,0.09829881524742227,0.15067202651315148,-0.7693177038035366,-0.4424116035629445,0.31541470108113895
-1.1415966147302186,0.5713708336889765,0.9770317189478536,0.8980334813701044,-0.19718249508034646,1.299853097174238,-0.4424116035629445,0.31541470108113895
1.2719268836423367,1.5487414010666303,0.9770317189478536,0.3839183388626659,0.173862327952718,-0.7693177038035366,-0.4424116035629445,0.113144103928995
0.06516513445605905,-0.08020954456279278,0.9770317189478536,-0.5871880414291624,-0.7305594281903766,-0.7693177038035366,-0.4424116035629445,0.4114932347284073
1.2719268836423367,0.5713708336889765,0.9770317189478536,0.155422719970471,0.26662353371098413,-0.7693177038035366,-0.4424116035629445,0.31541470108113895
-1.1415966147302186,-0.08020954456279278,0.9770317189478536,-0.5300641367061136,0.6608586581836151,1.299853097174238,-0.4424116035629445,0.4114932347284073
1.2719268836423367,0.5713708336889765,0.9770317189478536,0.2125466246935197,-0.17399219364077992,-0.7693177038035366,-0.4424116035629445,0.31541470108113895
-1.1415966147302186,0.5713708336889765,0.9770317189478536,-0.4158163272600162,-0.7305594281903766,1.299853097174238,1.5777327049436507,0.31541470108113895
-1.1415966147302186,-0.731789922814562,1.115814633571128,4.325467764753028,0.05791082075488536,1.299853097174238,-0.4424116035629445,0.2092226375762634
0.06516513445605905,1.5487414010666303,1.115814633571128,2.4403789088924195,-0.12761159076164688,-0.7693177038035366,-0.4424116035629445,0.113144103928995
1.2719268836423367,-0.731789922814562,1.115814633571128,0.8409095766470557,-0.7305594281903766,-0.7693177038035366,-0.4424116035629445,0.2092226375762634
1.2719268836423367,-0.731789922814562,1.115814633571128,0.4410422435857146,0.26662353371098413,-0.7693177038035366,-0.4424116035629445,0.2092226375762634
-1.1415966147302186,-0.08020954456279278,1.115814633571128,-0.01594899419867517,0.7072392610627481,1.299853097174238,-0.4424116035629445,0.4114932347284073
1.2719268836423367,0.5713708336889765,1.115814633571128,-0.872807565044406,0.0115302178757523,-0.7693177038035366,-0.4424116035629445,0.31541470108113895
1.2719268836423367,-0.731789922814562,1.115814633571128,-0.6443119461522111,0.7072392610627481,-0.7693177038035366,1.5777327049436507,0.2092226375762634
-1.1415966147302186,-1.3833703010663312,1.115814633571128,-0.3586924225369675,0.6608586581836151,1.299853097174238,-0.4424116035629445,0.07268998449856622
1.2719268836423367,-1.3833703010663312,1.115814633571128,0.6695378624779095,0.0115302178757523,-0.7693177038035366,1.5777327049436507,0.07268998449856622
1.2719268836423367,-1.3833703010663312,1.115814633571128,-0.872807565044406,0.45214594522751633,-0.7693177038035366,-0.4424116035629445,0.07268998449856622
0.06516513445605905,-1.3833703010663312,1.115814633571128,1.754892052215835,-0.7305594281903766,-0.7693177038035366,-0.4424116035629445,0.07268998449856622
1.2719268836423367,1.5487414010666303,1.115814633571128,-0.3586924225369675,0.3361944380296837,-0.7693177038035366,-0.4424116035629445,0.113144103928995
0.06516513445605905,0.5713708336889765,1.115814633571128,-0.6443119461522111,-0.12761159076164688,-0.7693177038035366,-0.4424116035629445,0.31541470108113895
0.06516513445605905,0.5713708336889765,1.115814633571128,-0.9870553744905034,0.7072392610627481,-0.7693177038035366,-0.4424116035629445,0.31541470108113895
-1.1415966147302186,0.5713708336889765,1.115814633571128,-0.3586924225369675,0.0115302178757523,1.299853097174238,-0.4424116035629445,0.31541470108113895
0.06516513445605905,-0.731789922814562,1.115814633571128,-0.872807565044406,0.26662353371098413,-0.7693177038035366,-0.4424116035629445,0.2092226375762634
-1.1415966147302186,-0.731789922814562,1.115814633571128,0.155422719970471,0.3825750409088168,1.299853097174238,-0.4424116035629445,0.2092226375762634
0.06516513445605905,1.5487414010666303,1.115814633571128,0.2125466246935197,0.24343323227141758,-0.7693177038035366,-0.4424116035629445,0.113144103928995
1.2719268836423367,-0.731789922814562,1.115814633571128,1.1265291002622992,0.3825750409088168,-0.7693177038035366,1.5777327049436507,0.2092226375762634
0.06516513445605905,-0.731789922814562,1.115814633571128,-0.24444461309087007,-0.7305594281903766,-0.7693177038035366,-0.4424116035629445,0.2092226375762634
-1.1415966147302186,0.5713708336889765,1.115814633571128,0.3267944341396172,0.7072392610627481,1.299853097174238,-0.4424116035629445,0.31541470108113895
1.2719268836423367,-0.08020954456279278,1.115814633571128,-0.9299314697674548,0.173862327952718,-0.7693177038035366,-0.4424116035629445,0.4114932347284073
0.06516513445605905,0.5713708336889765,1.115814633571128,-0.3586924225369675,0.05791082075488536,-0.7693177038035366,-0.4424116035629445,0.31541470108113895
1.2719268836423367,1.5487414010666303,1.115814633571128,-0.872807565044406,-0.12761159076164688,-0.7693177038035366,-0.4424116035629445,0.113144103928995
-1.1415966147302186,-1.3833703010663312,1.115814633571128,-0.13019680364477262,0.3593847394692502,1.299853097174238,-0.4424116035629445,0.07268998449856622
0.06516513445605905,1.5487414010666303,1.115814633571128,-0.7585597555983086,0.0115302178757523,-0.7693177038035366,-0.4424116035629445,0.113144103928995
-1.1415966147302186,0.5713708336889765,1.115814633571128,3.639980908076443,0.26662353371098413,1.299853097174238,-0.4424116035629445,0.31541470108113895
1.2719268836423367,-0.08020954456279278,1.115814633571128,-0.872807565044406,0.24343323227141758,-0.7693177038035366,-0.4424116035629445,0.4114932347284073
1.2719268836423367,-0.731789922814562,1.115814633571128,-0.13019680364477262,-0.19718249508034646,-0.7693177038035366,-0.4424116035629445,0.2092226375762634
1.2719268836423367,-1.3833703010663312,1.115814633571128,1.2979008144314454,0.26662353371098413,-0.7693177038035366,1.5777327049436507,0.07268998449856622
1.2719268836423367,0.5713708336889765,1.115814633571128,-0.7014358508752598,0.45214594522751633,-0.7693177038035366,-0.4424116035629445,0.31541470108113895
0.06516513445605905,-1.3833703010663312,1.115814633571128,-0.24444461309087007,0.3593847394692502,-0.7693177038035366,-0.4424116035629445,0.07268998449856622
1.2719268836423367,-1.3833703010663312,1.115814633571128,-0.872807565044406,0.24343323227141758,-0.7693177038035366,-0.4424116035629445,0.07268998449856622
0.06516513445605905,-0.731789922814562,1.115814633571128,-0.8156836603213573,-0.7305594281903766,-0.7693177038035366,-0.4424116035629445,0.2092226375762634
1.2719268836423367,0.5713708336889765,1.115814633571128,-0.872807565044406,-0.19718249508034646,-0.7693177038035366,-0.4424116035629445,0.31541470108113895
0.06516513445605905,1.5487414010666303,1.115814633571128,1.2407769097083967,-0.19718249508034646,-0.7693177038035366,1.5777327049436507,0.113144103928995
1.2719268836423367,-1.3833703010663312,1.115814633571128,-0.24444461309087007,0.3361944380296837,-0.7693177038035366,-0.4424116035629445,0.07268998449856622
0.06516513445605905,0.5713708336889765,1.115814633571128,-0.5300641367061136,-0.7305594281903766,-0.7693177038035366,-0.4424116035629445,0.31541470108113895
-1.1415966147302186,1.5487414010666303,1.115814633571128,-0.7014358508752598,-0.17399219364077992,1.299853097174238,-0.4424116035629445,0.113144103928995
1.2719268836423367,-0.731789922814562,1.115814633571128,-0.18732070836782133,-0.12761159076164688,-0.7693177038035366,-0.4424116035629445,0.2092226375762634
-1.1415966147302186,1.5487414010666303,1.115814633571128,0.7266617672009582,-0.12761159076164688,1.299853097174238,1.5777327049436507,0.113144103928995
1.2719268836423367,-0.731789922814562,1.115814633571128,0.3839183388626659,0.0115302178757523,-0.7693177038035366,-0.4424116035629445,0.2092226375762634
0.06516513445605905,-0.08020954456279278,1.115814633571128,-0.01594899419867517,0.26662353371098413,-0.7693177038035366,-0.4424116035629445,0.4114932347284073
1.2719268836423367,-0.731789922814562,1.115814633571128,0.4410422435857146,0.3593847394692502,-0.7693177038035366,-0.4424116035629445,0.2092226375762634
-1.1415966147302186,-0.08020954456279278,1.115814633571128,-0.9299314697674548,0.6608586581836151,1.299853097174238,-0.4424116035629445,0.4114932347284073
-1.1415966147302186,-1.3833703010663312,1.115814633571128,1.412148623877543,0.15067202651315148,1.299853097174238,-0.4424116035629445,0.07268998449856622
-1.1415966147302186,1.5487414010666303,1.115814633571128,-0.5300641367061136,0.3593847394692502,1.299853097174238,1.5777327049436507,0.113144103928995
0.06516513445605905,-1.3833703010663312,1.115814633571128,1.6977681474927866,0.45214594522751633,-0.7693177038035366,-0.4424116035629445,0.07268998449856622
1.2719268836423367,-0.731789922814562,1.115814633571128,-0.8156836603213573,0.05791082075488536,-0.7693177038035366,-0.4424116035629445,0.2092226375762634
1.2719268836423367,-1.3833703010663312,1.115814633571128,4.096972145860833,0.24343323227141758,-0.7693177038035366,-0.4424116035629445,0.07268998449856622
0.06516513445605905,-0.08020954456279278,1.115814633571128,1.6977681474927866,0.26662353371098413,-0.7693177038035366,-0.4424116035629445,0.4114932347284073
1.2719268836423367,-0.731789922814562,1.115814633571128,-0.5300641367061136,-0.17399219364077992,-0.7693177038035366,-0.4424116035629445,0.2092226375762634
-1.1415966147302186,-1.3833703010663312,1.115814633571128,4.325467764753028,0.15067202651315148,1.299853097174238,-0.4424116035629445,0.07268998449856622
1.2719268836423367,0.5713708336889765,1.115814633571128,-0.7014358508752598,0.7072392610627481,-0.7693177038035366,-0.4424116035629445,0.31541470108113895
0.06516513445605905,-0.08020954456279278,1.115814633571128,-0.3586924225369675,0.3825750409088168,-0.7693177038035366,-0.4424116035629445,0.4114932347284073
1.2719268836423367,1.5487414010666303,1.115814633571128,-0.872807565044406,0.05791082075488536,-0.7693177038035366,-0.4424116035629445,0.113144103928995
-1.1415966147302186,-1.3833703010663312,1.115814633571128,-0.9299314697674548,-0.19718249508034646,1.299853097174238,-0.4424116035629445,0.07268998449856622
0.06516513445605905,-0.08020954456279278,1.115814633571128,2.0976354805541275,0.173862327952718,-0.7693177038035366,-0.4424116035629445,0.4114932347284073
1.2719268836423367,-1.3833703010663312,1.115814633571128,-0.9870553744905034,0.3593847394692502,-0.7693177038035366,-0.4424116035629445,0.07268998449856622
0.06516513445605905,-0.08020954456279278,1.115814633571128,-0.872807565044406,0.15067202651315148,-0.7693177038035366,-0.4424116035629445,0.4114932347284073
-1.1415966147302186,-0.08020954456279278,1.115814633571128,0.4981661483087633,0.3361944380296837,1.299853097174238,-0.4424116035629445,0.4114932347284073
-1.1415966147302186,-0.08020954456279278,1.115814633571128,0.2125466246935197,0.3593847394692502,1.299853097174238,-0.4424116035629445,0.4114932347284073
0.06516513445605905,-0.08020954456279278,1.115814633571128,0.3267944341396172,0.05791082075488536,-0.7693177038035366,-0.4424116035629445,0.4114932347284073
-1.1415966147302186,-0.08020954456279278,1.115814633571128,0.6124139577548607,0.3825750409088168,1.299853097174238,-0.4424116035629445,0.4114932347284073
1.2719268836423367,-0.731789922814562,1.115814633571128,-0.7585597555983086,0.45214594522751633,-0.7693177038035366,-0.4424116035629445,0.2092226375762634
0.06516513445605905,1.5487414010666303,1.115814633571128,-0.5871880414291624,-0.12761159076164688,-0.7693177038035366,-0.4424116035629445,0.113144103928995
1.2719268836423367,-0.731789922814562,1.115814633571128,0.26967052941656844,-0.17399219364077992,-0.7693177038035366,-0.4424116035629445,0.2092226375762634
0.06516513445605905,-0.731789922814562,1.115814633571128,0.4981661483087633,-0.7305594281903766,-0.7693177038035366,-0.4424116035629445,0.2092226375762634
0.06516513445605905,0.5713708336889765,1.115814633571128,-0.5300641367061136,0.3361944380296837,-0.7693177038035366,-0.4424116035629445,0.31541470108113895
-1.1415966147302186,-0.08020954456279278,1.115814633571128,-0.6443119461522111,0.0115302178757523,1.299853097174238,-0.4424116035629445,0.4114932347284073
-1.1415966147302186,-0.731789922814562,1.115814633571128,-0.47294023198306495,0.3593847394692502,1.299853097174238,-0.4424116035629445,0.2092226375762634
1.2719268836423367,-1.3833703010663312,1.115814633571128,-0.5300641367061136,0.6608586581836151,-0.7693177038035366,-0.4424116035629445,0.07268998449856622
1.2719268836423367,0.5713708336889765,1.115814633571128,0.4410422435857146,0.3593847394692502,-0.7693177038035366,-0.4424116035629445,0.31541470108113895
0.06516513445605905,-0.08020954456279278,1.115814633571128,0.09829881524742227,0.6608586581836151,-0.7693177038035366,-0.4424116035629445,0.4114932347284073
1.2719268836423367,1.5487414010666303,1.115814633571128,-0.7014358508752598,0.3593847394692502,-0.7693177038035366,1.5777327049436507,0.113144103928995
1.2719268836423367,-1.3833703010663312,1.115814633571128,-0.9299314697674548,0.3825750409088168,-0.7693177038035366,-0.4424116035629445,0.07268998449856622
0.06516513445605905,1.5487414010666303,1.115814633571128,1.1265291002622992,0.3593847394692502,-0.7693177038035366,-0.4424116035629445,0.113144103928995
1.2719268836423367,0.5713708336889765,1.115814633571128,-0.24444461309087007,0.05791082075488536,-0.7693177038035366,-0.4424116035629445,0.31541470108113895
-1.1415966147302186,-1.3833703010663312,1.115814633571128,-0.47294023198306495,0.3825750409088168,1.299853097174238,1.5777327049436507,0.07268998449856622
0.06516513445605905,-0.731789922814562,1.115814633571128,-0.9299314697674548,0.45214594522751633,-0.7693177038035366,-0.4424116035629445,0.2092226375762634
0.06516513445605905,-1.3833703010663312,1.115814633571128,1.0694051955392505,0.24343323227141758,-0.7693177038035366,-0.4424116035629445,0.07268998449856622
0.06516513445605905,-0.731789922814562,1.115814633571128,-0.9870553744905034,-0.12761159076164688,-0.7693177038035366,-0.4424116035629445,0.2092226375762634
1.2719268836423367,-0.08020954456279278,1.115814633571128,0.041174910524373554,0.3361944380296837,-0.7693177038035366,-0.4424116035629445,0.4114932347284073
0.06516513445605905,1.5487414010666303,1.115814633571128,-0.7014358508752598,-0.17399219364077992,-0.7693177038035366,-0.4424116035629445,0.113144103928995
1.2719268836423367,1.5487414010666303,1.115814633571128,1.1265291002622992,-0.19718249508034646,-0.7693177038035366,-0.4424116035629445,0.113144103928995
0.06516513445605905,-0.08020954456279278,1.115814633571128,-0.47294023198306495,0.173862327952718,-0.7693177038035366,-0.4424116035629445,0.4114932347284073
-1.1415966147302186,0.5713708336889765,1.115814633571128,-0.3586924225369675,0.05791082075488536,1.299853097174238,-0.4424116035629445,0.31541470108113895
0.06516513445605905,0.5713708336889765,1.115814633571128,0.4981661483087633,0.15067202651315148,-0.7693177038035366,-0.4424116035629445,0.31541470108113895
-1.1415966147302186,-0.731789922814562,1.115814633571128,-0.7014358508752598,0.3593847394692502,1.299853097174238,-0.4424116035629445,0.2092226375762634
0.06516513445605905,-0.08020954456279278,1.115814633571128,-0.6443119461522111,-0.19718249508034646,-0.7693177038035366,1.5777327049436507,0.4114932347284073
1.2719268836423367,-0.08020954456279278,1.115814633571128,-0.5871880414291624,0.6608586581836151,-0.7693177038035366,-0.4424116035629445,0.4114932347284073
1.2719268836423367,-0.08020954456279278,1.115814633571128,0.4981661483087633,0.45214594522751633,-0.7693177038035366,-0.4424116035629445,0.4114932347284073
-1.1415966147302186,-1.3833703010663312,1.115814633571128,-0.18732070836782133,0.15067202651315148,1.299853097174238,1.5777327049436507,0.07268998449856622
0.06516513445605905,-1.3833703010663312,1.115814633571128,-0.24444461309087007,0.45214594522751633,-0.7693177038035366,1.5777327049436507,0.07268998449856622
0.06516513445605905,-0.08020954456279278,1.115814633571128,-0.4158163272600162,0.24343323227141758,-0.7693177038035366,-0.4424116035629445,0.4114932347284073
-1.1415966147302186,1.5487414010666303,1.115814633571128,-0.47294023198306495,0.45214594522751633,1.299853097174238,3.597877013450246,0.113144103928995
0.06516513445605905,-0.731789922814562,1.115814633571128,-0.9299314697674548,0.6608586581836151,-0.7693177038035366,-0.4424116035629445,0.2092226375762634
0.06516513445605905,-0.08020954456279278,1.115814633571128,-0.6443119461522111,0.15067202651315148,-0.7693177038035366,-0.4424116035629445,0.4114932347284073
1.2719268836423367,1.5487414010666303,1.115814633571128,0.4410422435857146,0.6608586581836151,-0.7693177038035366,1.5777327049436507,0.113144103928995
-1.1415966147302186,-1.3833703010663312,1.115814633571128,1.183653004985348,0.15067202651315148,1.299853097174238,-0.4424116035629445,0.07268998449856622
0.06516513445605905,-0.731789922814562,1.115814633571128,0.041174910524373554,-0.7305594281903766,-0.7693177038035366,-0.4424116035629445,0.2092226375762634
-1.1415966147302186,0.5713708336889765,1.115814633571128,-0.872807565044406,0.15067202651315148,1.299853097174238,-0.4424116035629445,0.31541470108113895
0.06516513445605905,0.5713708336889765,1.115814633571128,0.26967052941656844,0.173862327952718,-0.7693177038035366,-0.4424116035629445,0.31541470108113895
0.06516513445605905,0.5713708336889765,1.115814633571128,-0.4158163272600162,0.45214594522751633,-0.7693177038035366,-0.4424116035629445,0.31541470108113895
1.2719268836423367,-0.08020954456279278,1.115814633571128,-0.872807565044406,0.6608586581836151,-0.7693177038035366,-0.4424116035629445,0.4114932347284073
-1.1415966147302186,-1.3833703010663312,1.115814633571128,0.7837856719240069,0.15067202651315148,1.299853097174238,-0.4424116035629445,0.07268998449856622
-1.1415966147302186,0.5713708336889765,1.115814633571128,-0.8156836603213573,0.0115302178757523,1.299853097174238,-0.4424116035629445,0.31541470108113895
1.2719268836423367,1.5487414010666303,1.115814633571128,-0.7585597555983086,-0.19718249508034646,-0.7693177038035366,-0.4424116035629445,0.113144103928995
1.2719268836423367,-1.3833703010663312,1.115814633571128,0.3267944341396172,0.3825750409088168,-0.7693177038035366,-0.4424116035629445,0.07268998449856622
1.2719268836423367,-0.08020954456279278,1.115814633571128,-0.7014358508752598,0.7072392610627481,-0.7693177038035366,-0.4424116035629445,0.4114932347284073
0.06516513445605905,-0.08020954456279278,1.115814633571128,1.0122812908162018,0.7072392610627481,-0.7693177038035366,1.5777327049436507,0.4114932347284073
0.06516513445605905,1.5487414010666303,1.115814633571128,0.7837856719240069,0.3361944380296837,-0.7693177038035366,-0.4424116035629445,0.113144103928995
1.2719268836423367,0.5713708336889765,1.115814633571128,-0.18732070836782133,0.45214594522751633,-0.7693177038035366,-0.4424116035629445,0.31541470108113895
1.2719268836423367,-0.731789922814562,1.115814633571128,0.6695378624779095,-0.12761159076164688,-0.7693177038035366,-0.4424116035629445,0.2092226375762634
1.2719268836423367,-0.08020954456279278,1.115814633571128,1.0694051955392505,0.05791082075488536,-0.7693177038035366,-0.4424116035629445,0.4114932347284073
0.06516513445605905,0.5713708336889765,1.115814633571128,-0.8156836603213573,0.15067202651315148,-0.7693177038035366,-0.4424116035629445,0.31541470108113895
1.2719268836423367,-1.3833703010663312,1.115814633571128,-0.6443119461522111,0.3361944380296837,-0.7693177038035366,-0.4424116035629445,0.07268998449856622
0.06516513445605905,0.5713708336889765,1.115814633571128,-0.7585597555983086,-0.12761159076164688,-0.7693177038035366,1.5777327049436507,0.31541470108113895
0.06516513445605905,-0.08020954456279278,1.115814633571128,-0.24444461309087007,0.15067202651315148,-0.7693177038035366,1.5777327049436507,0.4114932347284073
1.2719268836423367,-0.731789922814562,1.115814633571128,0.4981661483087633,-0.17399219364077992,-0.7693177038035366,-0.4424116035629445,0.2092226375762634
-1.1415966147302186,-0.08020954456279278,1.115814633571128,-0.8156836603213573,0.6608586581836151,1.299853097174238,-0.4424116035629445,0.4114932347284073
0.06516513445605905,-1.3833703010663312,1.115814633571128,0.3267944341396172,0.45214594522751633,-0.7693177038035366,-0.4424116035629445,0.07268998449856622
-1.1415966147302186,0.5713708336889765,1.115814633571128,-0.18732070836782133,-0.17399219364077992,1.299853097174238,1.5777327049436507,0.31541470108113895
-1.1415966147302186,0.5713708336889765,1.115814633571128,0.2125466246935197,0.173862327952718,1.299853097174238,-0.4424116035629445,0.31541470108113895
1.2719268836423367,-0.08020954456279278,1.115814633571128,-0.8156836603213573,0.15067202651315148,-0.7693177038035366,-0.4424116035629445,0.4114932347284073
0.06516513445605905,-1.3833703010663312,1.115814633571128,3.5257330986303455,0.3593847394692502,-0.7693177038035366,-0.4424116035629445,0.07268998449856622
-1.1415966147302186,1.5487414010666303,1.115814633571128,0.4410422435857146,0.0115302178757523,1.299853097174238,-0.4424116035629445,0.113144103928995
1.2719268836423367,-1.3833703010663312,1.115814633571128,0.4981661483087633,-0.12761159076164688,-0.7693177038035366,-0.4424116035629445,0.07268998449856622
0.06516513445605905,-0.731789922814562,1.115814633571128,-0.6443119461522111,-0.12761159076164688,-0.7693177038035366,1.5777327049436507,0.2092226375762634
1.2719268836423367,0.5713708336889765,1.115814633571128,0.6695378624779095,0.6608586581836151,-0.7693177038035366,-0.4424116035629445,0.31541470108113895
0.06516513445605905,-0.731789922814562,1.115814633571128,-0.3586924225369675,0.15067202651315148,-0.7693177038035366,-0.4424116035629445,0.2092226375762634
-1.1415966147302186,1.5487414010666303,1.115814633571128,-0.9299314697674548,-0.12761159076164688,1.299853097174238,3.597877013450246,0.113144103928995
0.06516513445605905,0.5713708336889765,1.115814633571128,-0.24444461309087007,0.05791082075488536,-0.7693177038035366,-0.4424116035629445,0.31541470108113895
0.06516513445605905,-0.08020954456279278,1.115814633571128,0.9551573860931531,-0.19718249508034646,-0.7693177038035366,-0.4424116035629445,0.4114932347284073
1.2719268836423367,1.5487414010666303,1.115814633571128,-0.3015685178139188,0.0115302178757523,-0.7693177038035366,-0.4424116035629445,0.113144103928995
-1.1415966147302186,-1.3833703010663312,1.115814633571128,0.6695378624779095,0.15067202651315148,1.299853097174238,-0.4424116035629445,0.07268998449856622
-1.1415966147302186,1.5487414010666303,1.115814633571128,-0.3015685178139188,-0.19718249508034646,1.299853097174238,1.5777327049436507,0.113144103928995
1.2719268836423367,-0.08020954456279278,1.115814633571128,-0.5871880414291624,0.05791082075488536,-0.7693177038035366,-0.4424116035629445,0.4114932347284073
1.2719268836423367,1.5487414010666303,1.115814633571128,0.555290053031812,0.6608586581836151,-0.7693177038035366,-0.4424116035629445,0.113144103928995
-1.1415966147302186,-0.731789922814562,1.115814633571128,-0.7585597555983086,0.3593847394692502,1.299853097174238,-0.4424116035629445,0.2092226375762634
0.06516513445605905,-0.731789922814562,1.115814633571128,0.4981661483087633,0.45214594522751633,-0.7693177038035366,-0.4424116035629445,0.2092226375762634
0.06516513445605905,-0.08020954456279278,1.115814633571128,-0.07307289892172389,0.6608586581836151,-0.7693177038035366,-0.4424116035629445,0.4114932347284073
0.06516513445605905,-0.08020954456279278,1.115814633571128,-0.7585597555983086,0.3593847394692502,-0.7693177038035366,-0.4424116035629445,0.4114932347284073
0.06516513445605905,-1.3833703010663312,1.115814633571128,0.041174910524373554,0.05791082075488536,-0.7693177038035366,-0.4424116035629445,0.07268998449856622
-1.1415966147302186,-0.731789922814562,1.115814633571128,2.040511575831079,-0.19718249508034646,1.299853097174238,-0.4424116035629445,0.2092226375762634
0.06516513445605905,-0.731789922814562,1.115814633571128,0.8980334813701044,-0.7305594281903766,-0.7693177038035366,-0.4424116035629445,0.2092226375762634
0.06516513445605905,-0.731789922814562,1.115814633571128,1.0122812908162018,0.6608586581836151,-0.7693177038035366,-0.4424116035629445,0.2092226375762634
1.2719268836423367,-0.08020954456279278,1.115814633571128,-0.7014358508752598,0.3593847394692502,-0.7693177038035366,-0.4424116035629445,0.4114932347284073
-1.1415966147302186,-1.3833703010663312,1.115814633571128,-0.24444461309087007,0.6608586581836151,1.299853097174238,1.5777327049436507,0.07268998449856622
-1.1415966147302186,1.5487414010666303,1.115814633571128,-0.07307289892172389,0.3361944380296837,1.299853097174238,-0.4424116035629445,0.113144103928995
1.2719268836423367,0.5713708336889765,1.115814633571128,-0.7014358508752598,0.05791082075488536,-0.7693177038035366,-0.4424116035629445,0.31541470108113895
1.2719268836423367,1.5487414010666303,1.115814633571128,-0.3586924225369675,0.3593847394692502,-0.7693177038035366,-0.4424116035629445,0.113144103928995
1.2719268836423367,0.5713708336889765,1.115814633571128,0.041174910524373554,0.0115302178757523,-0.7693177038035366,-0.4424116035629445,0.31541470108113895
-1.1415966147302186,-0.731789922814562,1.115814633571128,1.1265291002622992,0.15067202651315148,1.299853097174238,-0.4424116035629445,0.2092226375762634
1.2719268836423367,-0.731789922814562,1.115814633571128,0.2125466246935197,0.0115302178757523,-0.7693177038035366,1.5777327049436507,0.2092226375762634
1.2719268836423367,0.5713708336889765,1.115814633571128,-0.9870553744905034,0.3825750409088168,-0.7693177038035366,-0.4424116035629445,0.31541470108113895
-1.1415966147302186,-1.3833703010663312,1.115814633571128,-0.8156836603213573,0.173862327952718,1.299853097174238,-0.4424116035629445,0.07268998449856622
-1.1415966147302186,1.5487414010666303,1.115814633571128,-0.5871880414291624,0.173862327952718,1.299853097174238,1.5777327049436507,0.113144103928995
1.2719268836423367,-0.08020954456279278,1.115814633571128,1.6406442427697379,0.3361944380296837,-0.7693177038035366,-0.4424116035629445,0.4114932347284073
1.2719268836423367,-0.731789922814562,1.115814633571128,-0.18732070836782133,-0.7305594281903766,-0.7693177038035366,-0.4424116035629445,0.2092226375762634
-1.1415966147302186,-1.3833703010663312,1.115814633571128,1.6406442427697379,-0.12761159076164688,1.299853097174238,-0.4424116035629445,0.07268998449856622
1.2719268836423367,-1.3833703010663312,1.115814633571128,2.326131099446322,0.3593847394692502,-0.7693177038035366,-0.4424116035629445,0.07268998449856622
0.06516513445605905,0.5713708336889765,1.115814633571128,-0.47294023198306495,0.3593847394692502,-0.7693177038035366,1.5777327049436507,0.31541470108113895
0.06516513445605905,-1.3833703010663312,1.115814633571128,0.09829881524742227,0.24343323227141758,-0.7693177038035366,-0.4424116035629445,0.07268998449856622
0.06516513445605905,-0.08020954456279278,1.115814633571128,3.7542287175225404,0.26662353371098413,-0.7693177038035366,-0.4424116035629445,0.4114932347284073
0.06516513445605905,-0.08020954456279278,1.115814633571128,0.6124139577548607,-0.19718249508034646,-0.7693177038035366,-0.4424116035629445,0.4114932347284073
0.06516513445605905,-1.3833703010663312,1.115814633571128,-0.9299314697674548,0.3593847394692502,-0.7693177038035366,-0.4424116035629445,0.07268998449856622
1.2719268836423367,0.5713708336889765,1.115814633571128,-0.07307289892172389,0.15067202651315148,-0.7693177038035366,-0.4424116035629445,0.31541470108113895
-1.1415966147302186,-0.731789922814562,1.115814633571128,0.555290053031812,0.6608586581836151,1.299853097174238,-0.4424116035629445,0.2092226375762634
1.2719268836423367,-0.08020954456279278,1.115814633571128,-0.24444461309087007,0.0115302178757523,-0.7693177038035366,-0.4424116035629445,0.4114932347284073
1.2719268836423367,-0.08020954456279278,1.115814633571128,-0.9299314697674548,0.7072392610627481,-0.7693177038035366,-0.4424116035629445,0.4114932347284073
1.2719268836423367,0.5713708336889765,1.115814633571128,-0.7014358508752598,0.05791082075488536,-0.7693177038035366,-0.4424116035629445,0.31541470108113895
-1.1415966147302186,-0.08020954456279278,1.115814633571128,1.2407769097083967,0.0115302178757523,1.299853097174238,1.5777327049436507,0.4114932347284073
0.06516513445605905,-0.08020954456279278,1.115814633571128,-0.6443119461522111,0.3825750409088168,-0.7693177038035366,-0.4424116035629445,0.4114932347284073
-1.1415966147302186,-0.731789922814562,1.115814633571128,0.555290053031812,0.6608586581836151,1.299853097174238,-0.4424116035629445,0.2092226375762634
-1.1415966147302186,0.5713708336889765,1.115814633571128,-0.7014358508752598,0.45214594522751633,1.299853097174238,-0.4424116035629445,0.31541470108113895
0.06516513445605905,-0.08020954456279278,1.115814633571128,-0.01594899419867517,-0.19718249508034646,-0.7693177038035366,-0.4424116035629445,0.4114932347284073
-1.1415966147302186,1.5487414010666303,1.115814633571128,1.2979008144314454,0.3361944380296837,1.299853097174238,-0.4424116035629445,0.113144103928995
1.2719268836423367,-0.731789922814562,1.115814633571128,0.9551573860931531,0.05791082075488536,-0.7693177038035366,-0.4424116035629445,0.2092226375762634
0.06516513445605905,1.5487414010666303,1.115814633571128,1.0122812908162018,-0.19718249508034646,-0.7693177038035366,-0.4424116035629445,0.113144103928995
-1.1415966147302186,1.5487414010666303,1.115814633571128,-0.4158163272600162,0.3593847394692502,1.299853097174238,-0.4424116035629445,0.113144103928995
1.2719268836423367,-0.08020954456279278,1.115814633571128,0.3839183388626659,0.0115302178757523,-0.7693177038035366,-0.4424116035629445,0.4114932347284073
1.2719268836423367,-0.731789922814562,1.115814633571128,-0.47294023198306495,0.3593847394692502,-0.7693177038035366,-0.4424116035629445,0.2092226375762634
0.06516513445605905,-0.08020954456279278,1.115814633571128,0.2125466246935197,0.6608586581836151,-0.7693177038035366,-0.4424116035629445,0.4114932347284073
1.2719268836423367,0.5713708336889765,1.115814633571128,-0.18732070836782133,0.3593847394692502,-0.7693177038035366,-0.4424116035629445,0.31541470108113895
0.06516513445605905,-0.08020954456279278,1.115814633571128,0.7266617672009582,-0.19718249508034646,-0.7693177038035366,-0.4424116035629445,0.4114932347284073
1.2719268836423367,-0.731789922814562,1.115814633571128,-0.01594899419867517,0.6608586581836151,-0.7693177038035366,-0.4424116035629445,0.2092226375762634
1.2719268836423367,0.5713708336889765,1.115814633571128,-0.9870553744905034,-0.17399219364077992,-0.7693177038035366,-0.4424116035629445,0.31541470108113895
1.2719268836423367,-0.08020954456279278,1.115814633571128,0.3839183388626659,0.0115302178757523,-0.7693177038035366,-0.4424116035629445,0.4114932347284073
1.2719268836423367,1.5487414010666303,1.115814633571128,-0.5871880414291624,0.6608586581836151,-0.7693177038035366,1.5777327049436507,0.113144103928995
1.2719268836423367,-0.731789922814562,1.254597548194403,2.954494051399858,-0.17399219364077992,-0.7693177038035366,-0.4424116035629445,0.2092226375762634
1.2719268836423367,-1.3833703010663312,1.254597548194403,-0.9299314697674548,0.05791082075488536,-0.7693177038035366,-0.4424116035629445,0.07268998449856622
1.2719268836423367,-1.3833703010663312,1.254597548194403,0.9551573860931531,0.05791082075488536,-0.7693177038035366,1.5777327049436507,0.07268998449856622
0.06516513445605905,-1.3833703010663312,1.254597548194403,0.555290053031812,-0.7305594281903766,-0.7693177038035366,-0.4424116035629445,0.07268998449856622
-1.1415966147302186,-0.731789922814562,1.254597548194403,-0.7585597555983086,0.3825750409088168,1.299853097174238,-0.4424116035629445,0.2092226375762634
1.2719268836423367,-0.08020954456279278,1.254597548194403,-0.872807565044406,-0.7305594281903766,-0.7693177038035366,1.5777327049436507,0.4114932347284073
1.2719268836423367,1.5487414010666303,1.254597548194403,0.09829881524742227,-0.19718249508034646,-0.7693177038035366,-0.4424116035629445,0.113144103928995
-1.1415966147302186,0.5713708336889765,1.254597548194403,-0.9299314697674548,0.173862327952718,1.299853097174238,-0.4424116035629445,0.31541470108113895
1.2719268836423367,-0.08020954456279278,1.254597548194403,-0.3586924225369675,0.3593847394692502,-0.7693177038035366,-0.4424116035629445,0.4114932347284073
1.2719268836423367,0.5713708336889765,1.254597548194403,-0.7014358508752598,0.6608586581836151,-0.7693177038035366,-0.4424116035629445,0.31541470108113895
-1.1415966147302186,-1.3833703010663312,1.254597548194403,0.4410422435857146,0.3825750409088168,1.299853097174238,-0.4424116035629445,0.07268998449856622
0.06516513445605905,-0.08020954456279278,1.254597548194403,0.2125466246935197,0.173862327952718,-0.7693177038035366,-0.4424116035629445,0.4114932347284073
0.06516513445605905,1.5487414010666303,1.254597548194403,-0.4158163272600162,0.6608586581836151,-0.7693177038035366,1.5777327049436507,0.113144103928995
-1.1415966147302186,0.5713708336889765,1.254597548194403,-0.3015685178139188,0.3361944380296837,1.299853097174238,-0.4424116035629445,0.31541470108113895
-1.1415966147302186,-1.3833703010663312,1.254597548194403,-0.9299314697674548,-0.7305594281903766,1.299853097174238,-0.4424116035629445,0.07268998449856622
1.2719268836423367,1.5487414010666303,1.254597548194403,-0.7014358508752598,-0.19718249508034646,-0.7693177038035366,-0.4424116035629445,0.113144103928995
-1.1415966147302186,0.5713708336889765,1.254597548194403,1.5263964333236404,0.6608586581836151,1.299853097174238,-0.4424116035629445,0.31541470108113895
-1.1415966147302186,-0.08020954456279278,1.254597548194403,-0.3015685178139188,0.7072392610627481,1.299853097174238,-0.4424116035629445,0.4114932347284073
0.06516513445605905,-0.731789922814562,1.254597548194403,0.155422719970471,0.3825750409088168,-0.7693177038035366,-0.4424116035629445,0.2092226375762634
0.06516513445605905,0.5713708336889765,1.254597548194403,0.4981661483087633,0.173862327952718,-0.7693177038035366,-0.4424116035629445,0.31541470108113895
1.2719268836423367,-0.08020954456279278,1.254597548194403,0.09829881524742227,0.15067202651315148,-0.7693177038035366,-0.4424116035629445,0.4114932347284073
0.06516513445605905,0.5713708336889765,1.254597548194403,2.497502813615468,0.26662353371098413,-0.7693177038035366,-0.4424116035629445,0.31541470108113895
0.06516513445605905,0.5713708336889765,1.254597548194403,-0.5871880414291624,-0.19718249508034646,-0.7693177038035366,-0.4424116035629445,0.31541470108113895
0.06516513445605905,-0.731789922814562,1.254597548194403,-0.8156836603213573,0.0115302178757523,-0.7693177038035366,-0.4424116035629445,0.2092226375762634
-1.1415966147302186,1.5487414010666303,1.254597548194403,-0.872807565044406,0.0115302178757523,1.299853097174238,1.5777327049436507,0.113144103928995
0.06516513445605905,-0.731789922814562,1.254597548194403,1.6977681474927866,0.3593847394692502,-0.7693177038035366,-0.4424116035629445,0.2092226375762634
1.2719268836423367,-0.731789922814562,1.254597548194403,-0.3015685178139188,-0.17399219364077992,-0.7693177038035366,-0.4424116035629445,0.2092226375762634
1.2719268836423367,0.5713708336889765,1.254597548194403,-0.9870553744905034,0.24343323227141758,-0.7693177038035366,-0.4424116035629445,0.31541470108113895
-1.1415966147302186,-1.3833703010663312,1.254597548194403,0.041174910524373554,0.0115302178757523,1.299853097174238,-0.4424116035629445,0.07268998449856622
0.06516513445605905,-1.3833703010663312,1.254597548194403,0.041174910524373554,0.15067202651315148,-0.7693177038035366,-0.4424116035629445,0.07268998449856622
1.2719268836423367,-0.08020954456279278,1.254597548194403,0.7266617672009582,0.45214594522751633,-0.7693177038035366,-0.4424116035629445,0.4114932347284073
1.2719268836423367,-0.08020954456279278,1.254597548194403,-0.18732070836782133,0.45214594522751633,-0.7693177038035366,1.5777327049436507,0.4114932347284073
1.2719268836423367,-1.3833703010663312,1.254597548194403,-0.47294023198306495,0.173862327952718,-0.7693177038035366,-0.4424116035629445,0.07268998449856622
-1.1415966147302186,1.5487414010666303,1.254597548194403,-0.24444461309087007,0.173862327952718,1.299853097174238,1.5777327049436507,0.113144103928995
1.2719268836423367,-0.731789922814562,1.254597548194403,-0.6443119461522111,0.0115302178757523,-0.7693177038035366,-0.4424116035629445,0.2092226375762634
-1.1415966147302186,1.5487414010666303,1.254597548194403,-0.3586924225369675,0.6608586581836151,1.299853097174238,-0.4424116035629445,0.113144103928995
-1.1415966147302186,-0.731789922814562,1.254597548194403,-0.5300641367061136,0.6608586581836151,1.299853097174238,-0.4424116035629445,0.2092226375762634
-1.1415966147302186,-1.3833703010663312,1.254597548194403,0.4981661483087633,0.05791082075488536,1.299853097174238,-0.4424116035629445,0.07268998449856622
1.2719268836423367,0.5713708336889765,1.254597548194403,-0.3015685178139188,0.26662353371098413,-0.7693177038035366,-0.4424116035629445,0.31541470108113895
0.06516513445605905,-0.731789922814562,1.254597548194403,-0.6443119461522111,0.26662353371098413,-0.7693177038035366,1.5777327049436507,0.2092226375762634
-1.1415966147302186,0.5713708336889765,1.254597548194403,0.4410422435857146,0.05791082075488536,1.299853097174238,1.5777327049436507,0.31541470108113895
-1.1415966147302186,-1.3833703010663312,1.254597548194403,-0.6443119461522111,-0.7305594281903766,1.299853097174238,-0.4424116035629445,0.07268998449856622
0.06516513445605905,-0.731789922814562,1.254597548194403,-0.5871880414291624,0.26662353371098413,-0.7693177038035366,3.597877013450246,0.2092226375762634
1.2719268836423367,-0.08020954456279278,1.254597548194403,-0.3015685178139188,0.15067202651315148,-0.7693177038035366,-0.4424116035629445,0.4114932347284073
0.06516513445605905,-0.731789922814562,1.254597548194403,0.3267944341396172,0.3825750409088168,-0.7693177038035366,-0.4424116035629445,0.2092226375762634
0.06516513445605905,0.5713708336889765,1.254597548194403,0.6124139577548607,0.6608586581836151,-0.7693177038035366,-0.4424116035629445,0.31541470108113895
1.2719268836423367,1.5487414010666303,1.254597548194403,-0.7585597555983086,0.3361944380296837,-0.7693177038035366,-0.4424116035629445,0.113144103928995
-1.1415966147302186,1.5487414010666303,1.254597548194403,-0.872807565044406,0.3593847394692502,1.299853097174238,-0.4424116035629445,0.113144103928995
-1.1415966147302186,1.5487414010666303,1.254597548194403,-0.47294023198306495,0.45214594522751633,1.299853097174238,-0.4424116035629445,0.113144103928995
1.2719268836423367,0.5713708336889765,1.254597548194403,-0.18732070836782133,-0.7305594281903766,-0.7693177038035366,-0.4424116035629445,0.31541470108113895
0.06516513445605905,0.5713708336889765,1.254597548194403,-0.9870553744905034,0.15067202651315148,-0.7693177038035366,-0.4424116035629445,0.31541470108113895
-1.1415966147302186,-0.731789922814562,1.254597548194403,1.0122812908162018,-0.19718249508034646,1.299853097174238,1.5777327049436507,0.2092226375762634
0.06516513445605905,-0.08020954456279278,1.254597548194403,-0.9870553744905034,0.15067202651315148,-0.7693177038035366,-0.4424116035629445,0.4114932347284073
1.2719268836423367,-0.731789922814562,1.254597548194403,0.2125466246935197,0.3825750409088168,-0.7693177038035366,-0.4424116035629445,0.2092226375762634
1.2719268836423367,-0.08020954456279278,1.254597548194403,-0.9299314697674548,-0.19718249508034646,-0.7693177038035366,1.5777327049436507,0.4114932347284073
1.2719268836423367,-0.08020954456279278,1.254597548194403,-0.4158163272600162,0.3593847394692502,-0.7693177038035366,-0.4424116035629445,0.4114932347284073
-1.1415966147302186,-0.731789922814562,1.254597548194403,1.5835203380466891,0.15067202651315148,1.299853097174238,-0.4424116035629445,0.2092226375762634
1.2719268836423367,0.5713708336889765,1.254597548194403,-0.3586924225369675,0.15067202651315148,-0.7693177038035366,-0.4424116035629445,0.31541470108113895
-1.1415966147302186,-1.3833703010663312,1.254597548194403,-0.18732070836782133,0.26662353371098413,1.299853097174238,-0.4424116035629445,0.07268998449856622
-1.1415966147302186,-0.08020954456279278,1.254597548194403,-0.24444461309087007,-0.12761159076164688,1.299853097174238,-0.4424116035629445,0.4114932347284073
1.2719268836423367,-0.08020954456279278,1.254597548194403,0.555290053031812,-0.12761159076164688,-0.7693177038035366,1.5777327049436507,0.4114932347284073
-1.1415966147302186,-0.731789922814562,1.254597548194403,-0.5300641367061136,0.26662353371098413,1.299853097174238,1.5777327049436507,0.2092226375762634
0.06516513445605905,-1.3833703010663312,1.254597548194403,-0.6443119461522111,0.26662353371098413,-0.7693177038035366,3.597877013450246,0.07268998449856622
1.2719268836423367,-0.731789922814562,1.254597548194403,-0.18732070836782133,0.3593847394692502,-0.7693177038035366,-0.4424116035629445,0.2092226375762634
1.2719268836423367,-0.731789922814562,1.254597548194403,-0.07307289892172389,0.6608586581836151,-0.7693177038035366,-0.4424116035629445,0.2092226375762634
-1.1415966147302186,-0.08020954456279278,1.254597548194403,-0.07307289892172389,0.0115302178757523,1.299853097174238,-0.4424116035629445,0.4114932347284073
0.06516513445605905,1.5487414010666303,1.254597548194403,0.6695378624779095,0.173862327952718,-0.7693177038035366,-0.4424116035629445,0.113144103928995
0.06516513445605905,0.5713708336889765,1.254597548194403,-0.5300641367061136,0.15067202651315148,-0.7693177038035366,-0.4424116035629445,0.31541470108113895
-1.1415966147302186,1.5487414010666303,1.254597548194403,-0.01594899419867517,-0.19718249508034646,1.299853097174238,-0.4424116035629445,0.113144103928995
-1.1415966147302186,-0.08020954456279278,1.254597548194403,0.155422719970471,0.6608586581836151,1.299853097174238,-0.4424116035629445,0.4114932347284073
1.2719268836423367,1.5487414010666303,1.254597548194403,-0.3586924225369675,0.15067202651315148,-0.7693177038035366,-0.4424116035629445,0.113144103928995
1.2719268836423367,0.5713708336889765,1.254597548194403,-0.3015685178139188,0.3825750409088168,-0.7693177038035366,-0.4424116035629445,0.31541470108113895
0.06516513445605905,0.5713708336889765,1.254597548194403,0.4981661483087633,0.3361944380296837,-0.7693177038035366,-0.4424116035629445,0.31541470108113895
-1.1415966147302186,-0.731789922814562,1.254597548194403,-0.4158163272600162,0.6608586581836151,1.299853097174238,-0.4424116035629445,0.2092226375762634
1.2719268836423367,-0.731789922814562,1.254597548194403,-0.24444461309087007,0.6608586581836151,-0.7693177038035366,-0.4424116035629445,0.2092226375762634
-1.1415966147302186,-0.731789922814562,1.254597548194403,0.2125466246935197,0.26662353371098413,1.299853097174238,-0.4424116035629445,0.2092226375762634
-1.1415966147302186,0.5713708336889765,1.254597548194403,-0.8156836603213573,0.3593847394692502,1.299853097174238,-0.4424116035629445,0.31541470108113895
-1.1415966147302186,-0.731789922814562,1.254597548194403,-0.5871880414291624,0.6608586581836151,1.299853097174238,1.5777327049436507,0.2092226375762634
1.2719268836423367,0.5713708336889765,1.254597548194403,-0.872807565044406,-0.17399219364077992,-0.7693177038035366,-0.4424116035629445,0.31541470108113895
-1.1415966147302186,0.5713708336889765,1.254597548194403,-0.5871880414291624,0.0115302178757523,1.299853097174238,-0.4424116035629445,0.31541470108113895
-1.1415966147302186,-0.08020954456279278,1.254597548194403,1.1265291002622992,0.05791082075488536,1.299853097174238,-0.4424116035629445,0.4114932347284073
0.06516513445605905,-0.731789922814562,1.254597548194403,-0.8156836603213573,0.3593847394692502,-0.7693177038035366,-0.4424116035629445,0.2092226375762634
0.06516513445605905,-0.08020954456279278,1.254597548194403,0.8980334813701044,0.45214594522751633,-0.7693177038035366,-0.4424116035629445,0.4114932347284073
1.2719268836423367,1.5487414010666303,1.254597548194403,-0.24444461309087007,0.173862327952718,-0.7693177038035366,-0.4424116035629445,0.113144103928995
1.2719268836423367,-0.731789922814562,1.254597548194403,-0.01594899419867517,0.3361944380296837,-0.7693177038035366,-0.4424116035629445,0.2092226375762634
-1.1415966147302186,-0.731789922814562,1.254597548194403,-0.872807565044406,0.15067202651315148,1.299853097174238,-0.4424116035629445,0.2092226375762634
0.06516513445605905,-0.731789922814562,1.254597548194403,3.639980908076443,0.26662353371098413,-0.7693177038035366,-0.4424116035629445,0.2092226375762634
-1.1415966147302186,-0.731789922814562,1.254597548194403,-0.47294023198306495,0.7072392610627481,1.299853097174238,-0.4424116035629445,0.2092226375762634
-1.1415966147302186,-0.08020954456279278,1.254597548194403,1.183653004985348,0.0115302178757523,1.299853097174238,-0.4424116035629445,0.4114932347284073
1.2719268836423367,0.5713708336889765,1.254597548194403,3.2972374797381505,0.15067202651315148,-0.7693177038035366,-0.4424116035629445,0.31541470108113895
-1.1415966147302186,1.5487414010666303,1.254597548194403,0.4981661483087633,-0.19718249508034646,1.299853097174238,-0.4424116035629445,0.113144103928995
-1.1415966147302186,-0.731789922814562,1.254597548194403,-0.47294023198306495,0.6608586581836151,1.299853097174238,-0.4424116035629445,0.2092226375762634
0.06516513445605905,-0.08020954456279278,1.254597548194403,-0.01594899419867517,0.6608586581836151,-0.7693177038035366,1.5777327049436507,0.4114932347284073
-1.1415966147302186,1.5487414010666303,1.254597548194403,0.7266617672009582,0.6608586581836151,1.299853097174238,3.597877013450246,0.113144103928995
-1.1415966147302186,-0.731789922814562,1.254597548194403,-0.5871880414291624,-0.12761159076164688,1.299853097174238,-0.4424116035629445,0.2092226375762634
1.2719268836423367,0.5713708336889765,1.254597548194403,-0.3586924225369675,0.3825750409088168,-0.7693177038035366,-0.4424116035629445,0.31541470108113895
-1.1415966147302186,-0.08020954456279278,1.254597548194403,-0.872807565044406,0.173862327952718,1.299853097174238,-0.4424116035629445,0.4114932347284073
-1.1415966147302186,-1.3833703010663312,1.254597548194403,-0.24444461309087007,-0.7305594281903766,1.299853097174238,-0.4424116035629445,0.07268998449856622
1.2719268836423367,1.5487414010666303,1.254597548194403,-0.7014358508752598,-0.17399219364077992,-0.7693177038035366,-0.4424116035629445,0.113144103928995
-1.1415966147302186,-0.08020954456279278,1.254597548194403,0.3267944341396172,0.15067202651315148,1.299853097174238,-0.4424116035629445,0.4114932347284073
-1.1415966147302186,0.5713708336889765,1.254597548194403,-0.3586924225369675,0.15067202651315148,1.299853097174238,1.5777327049436507,0.31541470108113895
1.2719268836423367,-0.08020954456279278,1.254597548194403,-0.872807565044406,0.7072392610627481,-0.7693177038035366,-0.4424116035629445,0.4114932347284073
0.06516513445605905,0.5713708336889765,1.254597548194403,1.2979008144314454,0.15067202651315148,-0.7693177038035366,3.597877013450246,0.31541470108113895
-1.1415966147302186,-0.08020954456279278,1.254597548194403,0.155422719970471,0.15067202651315148,1.299853097174238,-0.4424116035629445,0.4114932347284073
-1.1415966147302186,1.5487414010666303,1.254597548194403,-0.9299314697674548,0.15067202651315148,1.299853097174238,1.5777327049436507,0.113144103928995
0.06516513445605905,0.5713708336889765,1.254597548194403,0.4410422435857146,0.24343323227141758,-0.7693177038035366,-0.4424116035629445,0.31541470108113895
-1.1415966147302186,0.5713708336889765,1.254597548194403,0.155422719970471,0.15067202651315148,1.299853097174238,1.5777327049436507,0.31541470108113895
-1.1415966147302186,1.5487414010666303,1.254597548194403,3.2972374797381505,0.3593847394692502,1.299853097174238,-0.4424116035629445,0.113144103928995
0.06516513445605905,1.5487414010666303,1.254597548194403,-0.8156836603213573,0.173862327952718,-0.7693177038035366,-0.4424116035629445,0.113144103928995
1.2719268836423367,0.5713708336889765,1.254597548194403,-0.3586924225369675,-0.17399219364077992,-0.7693177038035366,-0.4424116035629445,0.31541470108113895
0.06516513445605905,-1.3833703010663312,1.254597548194403,0.4981661483087633,0.3825750409088168,-0.7693177038035366,-0.4424116035629445,0.07268998449856622
0.06516513445605905,-0.731789922814562,1.254597548194403,0.8409095766470557,0.26662353371098413,-0.7693177038035366,-0.4424116035629445,0.2092226375762634
-1.1415966147302186,-1.3833703010663312,1.254597548194403,-0.7585597555983086,-0.12761159076164688,1.299853097174238,-0.4424116035629445,0.07268998449856622
-1.1415966147302186,-1.3833703010663312,1.254597548194403,-0.3015685178139188,0.24343323227141758,1.299853097174238,-0.4424116035629445,0.07268998449856622
0.06516513445605905,-1.3833703010663312,1.254597548194403,-0.07307289892172389,0.26662353371098413,-0.7693177038035366,1.5777327049436507,0.07268998449856622
-1.1415966147302186,-1.3833703010663312,1.254597548194403,1.0694051955392505,-0.12761159076164688,1.299853097174238,-0.4424116035629445,0.07268998449856622
0.06516513445605905,-1.3833703010663312,1.254597548194403,-0.7014358508752598,0.15067202651315148,-0.7693177038035366,-0.4424116035629445,0.07268998449856622
1.2719268836423367,-1.3833703010663312,1.254597548194403,-0.6443119461522111,-0.19718249508034646,-0.7693177038035366,-0.4424116035629445,0.07268998449856622
0.06516513445605905,1.5487414010666303,1.254597548194403,-0.7585597555983086,0.6608586581836151,-0.7693177038035366,-0.4424116035629445,0.113144103928995
0.06516513445605905,-1.3833703010663312,1.254597548194403,4.782459002537418,0.3361944380296837,-0.7693177038035366,-0.4424116035629445,0.07268998449856622
0.06516513445605905,-0.08020954456279278,1.254597548194403,0.09829881524742227,-0.17399219364077992,-0.7693177038035366,-0.4424116035629445,0.4114932347284073
-1.1415966147302186,1.5487414010666303,1.254597548194403,-0.5871880414291624,0.3593847394692502,1.299853097174238,-0.4424116035629445,0.113144103928995
0.06516513445605905,1.5487414010666303,1.254597548194403,-0.3015685178139188,0.05791082075488536,-0.7693177038035366,-0.4424116035629445,0.113144103928995
1.2719268836423367,1.5487414010666303,1.254597548194403,-0.8156836603213573,0.45214594522751633,-0.7693177038035366,-0.4424116035629445,0.113144103928995
1.2719268836423367,1.5487414010666303,1.254597548194403,-0.13019680364477262,0.3361944380296837,-0.7693177038035366,1.5777327049436507,0.113144103928995
1.2719268836423367,-1.3833703010663312,1.254597548194403,1.0694051955392505,0.15067202651315148,-0.7693177038035366,-0.4424116035629445,0.07268998449856622
0.06516513445605905,1.5487414010666303,1.254597548194403,0.041174910524373554,-0.12761159076164688,-0.7693177038035366,-0.4424116035629445,0.113144103928995
1.2719268836423367,-0.08020954456279278,1.254597548194403,0.8409095766470557,0.173862327952718,-0.7693177038035366,-0.4424116035629445,0.4114932347284073
1.2719268836423367,1.5487414010666303,1.254597548194403,-0.3015685178139188,0.45214594522751633,-0.7693177038035366,-0.4424116035629445,0.113144103928995
-1.1415966147302186,1.5487414010666303,1.254597548194403,-0.01594899419867517,0.3825750409088168,1.299853097174238,-0.4424116035629445,0.113144103928995
1.2719268836423367,1.5487414010666303,1.254597548194403,0.8980334813701044,0.173862327952718,-0.7693177038035366,-0.4424116035629445,0.113144103928995
0.06516513445605905,-0.08020954456279278,1.254597548194403,-0.47294023198306495,0.15067202651315148,-0.7693177038035366,-0.4424116035629445,0.4114932347284073
-1.1415966147302186,-1.3833703010663312,1.254597548194403,-0.8156836603213573,0.24343323227141758,1.299853097174238,-0.4424116035629445,0.07268998449856622
1.2719268836423367,0.5713708336889765,1.254597548194403,-0.7585597555983086,0.05791082075488536,-0.7693177038035366,-0.4424116035629445,0.31541470108113895
-1.1415966147302186,-0.731789922814562,1.254597548194403,-0.9299314697674548,-0.17399219364077992,1.299853097174238,-0.4424116035629445,0.2092226375762634
0.06516513445605905,-0.731789922814562,1.254597548194403,0.3839183388626659,0.3593847394692502,-0.7693177038035366,-0.4424116035629445,0.2092226375762634
-1.1415966147302186,-1.3833703010663312,1.254597548194403,0.2125466246935197,-0.17399219364077992,1.299853097174238,1.5777327049436507,0.07268998449856622
0.06516513445605905,-0.08020954456279278,1.254597548194403,0.8980334813701044,0.05791082075488536,-0.7693177038035366,-0.4424116035629445,0.4114932347284073
-1.1415966147302186,0.5713708336889765,1.254597548194403,-0.24444461309087007,0.0115302178757523,1.299853097174238,-0.4424116035629445,0.31541470108113895
1.2719268836423367,0.5713708336889765,1.254597548194403,-0.5300641367061136,0.6608586581836151,-0.7693177038035366,-0.4424116035629445,0.31541470108113895
-1.1415966147302186,-0.731789922814562,1.254597548194403,1.4692725286005917,0.6608586581836151,1.299853097174238,1.5777327049436507,0.2092226375762634
0.06516513445605905,-0.731789922814562,1.254597548194403,-0.01594899419867517,0.6608586581836151,-0.7693177038035366,1.5777327049436507,0.2092226375762634
-1.1415966147302186,0.5713708336889765,1.254597548194403,-0.6443119461522111,0.7072392610627481,1.299853097174238,-0.4424116035629445,0.31541470108113895
0.06516513445605905,1.5487414010666303,1.254597548194403,0.155422719970471,0.7072392610627481,-0.7693177038035366,1.5777327049436507,0.113144103928995
1.2719268836423367,1.5487414010666303,1.254597548194403,0.041174910524373554,0.24343323227141758,-0.7693177038035366,-0.4424116035629445,0.113144103928995
0.06516513445605905,0.5713708336889765,1.254597548194403,3.1258657655690043,0.6608586581836151,-0.7693177038035366,-0.4424116035629445,0.31541470108113895
1.2719268836423367,1.5487414010666303,1.254597548194403,1.0122812908162018,0.15067202651315148,-0.7693177038035366,-0.4424116035629445,0.113144103928995
0.06516513445605905,-1.3833703010663312,1.254597548194403,-0.3586924225369675,0.6608586581836151,-0.7693177038035366,1.5777327049436507,0.07268998449856622
0.06516513445605905,1.5487414010666303,1.254597548194403,-0.9299314697674548,0.6608586581836151,-0.7693177038035366,-0.4424116035629445,0.113144103928995
0.06516513445605905,-0.731789922814562,1.254597548194403,0.041174910524373554,0.3593847394692502,-0.7693177038035366,-0.4424116035629445,0.2092226375762634
-1.1415966147302186,1.5487414010666303,1.254597548194403,-0.872807565044406,0.15067202651315148,1.299853097174238,-0.4424116035629445,0.113144103928995
0.06516513445605905,-0.731789922814562,1.254597548194403,-0.7585597555983086,0.05791082075488536,-0.7693177038035366,-0.4424116035629445,0.2092226375762634
1.2719268836423367,0.5713708336889765,1.254597548194403,-0.5300641367061136,0.6608586581836151,-0.7693177038035366,1.5777327049436507,0.31541470108113895
1.2719268836423367,1.5487414010666303,1.254597548194403,4.325467764753028,0.7072392610627481,-0.7693177038035366,-0.4424116035629445,0.113144103928995
0.06516513445605905,-0.731789922814562,1.254597548194403,-0.9870553744905034,0.3361944380296837,-0.7693177038035366,-0.4424116035629445,0.2092226375762634
-1.1415966147302186,-0.731789922814562,1.254597548194403,-0.24444461309087007,0.173862327952718,1.299853097174238,-0.4424116035629445,0.2092226375762634
0.06516513445605905,-1.3833703010663312,1.254597548194403,-0.8156836603213573,0.7072392610627481,-0.7693177038035366,1.5777327049436507,0.07268998449856622
-1.1415966147302186,0.5713708336889765,1.254597548194403,-0.6443119461522111,0.6608586581836151,1.299853097174238,1.5777327049436507,0.31541470108113895
-1.1415966147302186,-0.08020954456279278,1.254597548194403,-0.9870553744905034,0.173862327952718,1.299853097174238,-0.4424116035629445,0.4114932347284073
1.2719268836423367,-1.3833703010663312,1.254597548194403,-0.7014358508752598,-0.19718249508034646,-0.7693177038035366,-0.4424116035629445,0.07268998449856622
1.2719268836423367,-1.3833703010663312,1.254597548194403,-0.7014358508752598,0.3361944380296837,-0.7693177038035366,1.5777327049436507,0.07268998449856622
1.2719268836423367,1.5487414010666303,1.254597548194403,-0.9299314697674548,0.3593847394692502,-0.7693177038035366,-0.4424116035629445,0.113144103928995
-1.1415966147302186,-0.731789922814562,1.254597548194403,0.3267944341396172,0.173862327952718,1.299853097174238,3.597877013450246,0.2092226375762634
-1.1415966147302186,-1.3833703010663312,1.254597548194403,-0.24444461309087007,0.3593847394692502,1.299853097174238,1.5777327049436507,0.07268998449856622
1.2719268836423367,1.5487414010666303,1.254597548194403,-0.7585597555983086,0.0115302178757523,-0.7693177038035366,-0.4424116035629445,0.113144103928995
-1.1415966147302186,1.5487414010666303,1.254597548194403,-0.9870553744905034,0.6608586581836151,1.299853097174238,-0.4424116035629445,0.113144103928995
1.2719268836423367,-0.731789922814562,1.254597548194403,-0.4158163272600162,0.0115302178757523,-0.7693177038035366,1.5777327049436507,0.2092226375762634
1.2719268836423367,0.5713708336889765,1.254597548194403,0.4981661483087633,-0.19718249508034646,-0.7693177038035366,-0.4424116035629445,0.31541470108113895
-1.1415966147302186,-0.731789922814562,1.254597548194403,-0.7014358508752598,0.3825750409088168,1.299853097174238,-0.4424116035629445,0.2092226375762634
1.2719268836423367,-1.3833703010663312,1.254597548194403,-0.24444461309087007,0.15067202651315148,-0.7693177038035366,-0.4424116035629445,0.07268998449856622
-1.1415966147302186,-1.3833703010663312,1.254597548194403,0.041174910524373554,0.26662353371098413,1.299853097174238,-0.4424116035629445,0.07268998449856622
-1.1415966147302186,1.5487414010666303,1.254597548194403,0.155422719970471,-0.12761159076164688,1.299853097174238,-0.4424116035629445,0.113144103928995
0.06516513445605905,0.5713708336889765,1.254597548194403,-0.9870553744905034,0.3593847394692502,-0.7693177038035366,-0.4424116035629445,0.31541470108113895
0.06516513445605905,-0.731789922814562,1.254597548194403,-0.7014358508752598,0.26662353371098413,-0.7693177038035366,1.5777327049436507,0.2092226375762634
-1.1415966147302186,0.5713708336889765,1.254597548194403,-0.3586924225369675,0.3825750409088168,1.299853097174238,-0.4424116035629445,0.31541470108113895
-1.1415966147302186,0.5713708336889765,1.254597548194403,0.26967052941656844,0.6608586581836151,1.299853097174238,-0.4424116035629445,0.31541470108113895
1.2719268836423367,-0.731789922814562,1.254597548194403,0.041174910524373554,-0.19718249508034646,-0.7693177038035366,-0.4424116035629445,0.2092226375762634
1.2719268836423367,-0.08020954456279278,1.254597548194403,-0.9870553744905034,-0.17399219364077992,-0.7693177038035366,-0.4424116035629445,0.4114932347284073
1.2719268836423367,0.5713708336889765,1.254597548194403,-0.01594899419867517,0.26662353371098413,-0.7693177038035366,-0.4424116035629445,0.31541470108113895
-1.1415966147302186,-0.08020954456279278,1.254597548194403,-0.7585597555983086,0.0115302178757523,1.299853097174238,-0.4424116035629445,0.4114932347284073
0.06516513445605905,-0.731789922814562,1.254597548194403,-0.7014358508752598,0.15067202651315148,-0.7693177038035366,-0.4424116035629445,0.2092226375762634
-1.1415966147302186,-1.3833703010663312,1.254597548194403,-0.9870553744905034,0.173862327952718,1.299853097174238,-0.4424116035629445,0.07268998449856622
1.2719268836423367,0.5713708336889765,1.254597548194403,-0.3015685178139188,0.15067202651315148,-0.7693177038035366,-0.4424116035629445,0.31541470108113895
1.2719268836423367,-0.08020954456279278,1.254597548194403,-0.5871880414291624,-0.19718249508034646,-0.7693177038035366,1.5777327049436507,0.4114932347284073
1.2719268836423367,0.5713708336889765,1.254597548194403,-0.872807565044406,0.05791082075488536,-0.7693177038035366,-0.4424116035629445,0.31541470108113895
1.2719268836423367,1.5487414010666303,1.254597548194403,3.3543613844611992,-0.12761159076164688,-0.7693177038035366,-0.4424116035629445,0.113144103928995
-1.1415966147302186,-0.08020954456279278,1.254597548194403,-0.7585597555983086,0.6608586581836151,1.299853097174238,-0.4424116035629445,0.4114932347284073
1.2719268836423367,-0.08020954456279278,1.254597548194403,3.2972374797381505,0.6608586581836151,-0.7693177038035366,-0.4424116035629445,0.4114932347284073
-1.1415966147302186,-0.08020954456279278,1.254597548194403,-0.9299314697674548,0.15067202651315148,1.299853097174238,-0.4424116035629445,0.4114932347284073
1.2719268836423367,1.5487414010666303,1.254597548194403,3.3543613844611992,0.6608586581836151,-0.7693177038035366,-0.4424116035629445,0.113144103928995
-1.1415966147302186,-0.08020954456279278,1.254597548194403,-0.4158163272600162,0.3825750409088168,1.299853097174238,-0.4424116035629445,0.4114932347284073
1.2719268836423367,-0.731789922814562,1.254597548194403,2.8973701466768094,0.15067202651315148,-0.7693177038035366,-0.4424116035629445,0.2092226375762634
0.06516513445605905,-0.08020954456279278,1.254597548194403,-0.07307289892172389,-0.12761159076164688,-0.7693177038035366,-0.4424116035629445,0.4114932347284073
1.2719268836423367,1.5487414010666303,1.254597548194403,0.3267944341396172,0.45214594522751633,-0.7693177038035366,-0.4424116035629445,0.113144103928995
1.2719268836423367,-0.08020954456279278,1.254597548194403,-0.4158163272600162,0.24343323227141758,-0.7693177038035366,-0.4424116035629445,0.4114932347284073
0.06516513445605905,0.5713708336889765,1.254597548194403,-0.9299314697674548,0.6608586581836151,-0.7693177038035366,-0.4424116035629445,0.31541470108113895
0.06516513445605905,-0.731789922814562,1.254597548194403,-0.9299314697674548,-0.7305594281903766,-0.7693177038035366,-0.4424116035629445,0.2092226375762634
0.06516513445605905,-0.08020954456279278,1.254597548194403,-0.5871880414291624,-0.7305594281903766,-0.7693177038035366,1.5777327049436507,0.4114932347284073
0.06516513445605905,0.5713708336889765,1.254597548194403,-0.3586924225369675,0.6608586581836151,-0.7693177038035366,1.5777327049436507,0.31541470108113895
-1.1415966147302186,-1.3833703010663312,1.254597548194403,-0.7014358508752598,0.05791082075488536,1.299853097174238,-0.4424116035629445,0.07268998449856622
-1.1415966147302186,-0.731789922814562,1.254597548194403,-0.5300641367061136,0.3593847394692502,1.299853097174238,-0.4424116035629445,0.2092226375762634
-1.1415966147302186,0.5713708336889765,1.254597548194403,-0.5871880414291624,-0.19718249508034646,1.299853097174238,-0.4424116035629445,0.31541470108113895
1.2719268836423367,1.5487414010666303,1.254597548194403,-0.7585597555983086,-0.17399219364077992,-0.7693177038035366,-0.4424116035629445,0.113144103928995
1.2719268836423367,0.5713708336889765,1.254597548194403,-0.872807565044406,-0.17399219364077992,-0.7693177038035366,1.5777327049436507,0.31541470108113895
0.06516513445605905,-1.3833703010663312,1.254597548194403,-0.13019680364477262,-0.12761159076164688,-0.7693177038035366,-0.4424116035629445,0.07268998449856622
0.06516513445605905,-0.731789922814562,1.254597548194403,1.0122812908162018,0.7072392610627481,-0.7693177038035366,-0.4424116035629445,0.2092226375762634
1.2719268836423367,-0.08020954456279278,1.254597548194403,-0.6443119461522111,-0.19718249508034646,-0.7693177038035366,-0.4424116035629445,0.4114932347284073
1.2719268836423367,-0.08020954456279278,1.254597548194403,-0.3586924225369675,0.26662353371098413,-0.7693177038035366,-0.4424116035629445,0.4114932347284073
0.06516513445605905,-0.731789922814562,1.254597548194403,-0.5871880414291624,0.7072392610627481,-0.7693177038035366,1.5777327049436507,0.2092226375762634
0.06516513445605905,-0.08020954456279278,1.254597548194403,-0.47294023198306495,0.3361944380296837,-0.7693177038035366,-0.4424116035629445,0.4114932347284073
-1.1415966147302186,-0.731789922814562,1.254597548194403,-0.872807565044406,0.05791082075488536,1.299853097174238,-0.4424116035629445,0.2092226375762634
1.2719268836423367,-0.08020954456279278,1.254597548194403,1.412148623877543,-0.17399219364077992,-0.7693177038035366,-0.4424116035629445,0.4114932347284073
0.06516513445605905,-0.08020954456279278,1.254597548194403,-0.7585597555983086,0.0115302178757523,-0.7693177038035366,-0.4424116035629445,0.4114932347284073
1.2719268836423367,1.5487414010666303,1.254597548194403,-0.7014358508752598,0.45214594522751633,-0.7693177038035366,-0.4424116035629445,0.113144103928995
1.2719268836423367,1.5487414010666303,1.254597548194403,-0.07307289892172389,0.05791082075488536,-0.7693177038035366,-0.4424116035629445,0.113144103928995
0.06516513445605905,-1.3833703010663312,1.254597548194403,0.9551573860931531,0.15067202651315148,-0.7693177038035366,-0.4424116035629445,0.07268998449856622
1.2719268836423367,-0.08020954456279278,1.3933804628176776,0.3839183388626659,0.6608586581836151,-0.7693177038035366,-0.4424116035629445,0.4114932347284073
1.2719268836423367,1.5487414010666303,1.3933804628176776,0.3267944341396172,0.3593847394692502,-0.7693177038035366,-0.4424116035629445,0.113144103928995
1.2719268836423367,-1.3833703010663312,1.3933804628176776,-0.6443119461522111,0.3361944380296837,-0.7693177038035366,-0.4424116035629445,0.07268998449856622
0.06516513445605905,-0.731789922814562,1.3933804628176776,1.1265291002622992,0.05791082075488536,-0.7693177038035366,-0.4424116035629445,0.2092226375762634
-1.1415966147302186,0.5713708336889765,1.3933804628176776,-0.6443119461522111,0.3361944380296837,1.299853097174238,1.5777327049436507,0.31541470108113895
0.06516513445605905,1.5487414010666303,1.3933804628176776,-0.13019680364477262,0.173862327952718,-0.7693177038035366,-0.4424116035629445,0.113144103928995
1.2719268836423367,-0.731789922814562,1.3933804628176776,0.041174910524373554,0.3825750409088168,-0.7693177038035366,-0.4424116035629445,0.2092226375762634
1.2719268836423367,-0.08020954456279278,1.3933804628176776,0.555290053031812,0.6608586581836151,-0.7693177038035366,-0.4424116035629445,0.4114932347284073
-1.1415966147302186,-0.731789922814562,1.3933804628176776,0.4981661483087633,-0.17399219364077992,1.299853097174238,-0.4424116035629445,0.2092226375762634
-1.1415966147302186,1.5487414010666303,1.3933804628176776,0.8980334813701044,-0.12761159076164688,1.299853097174238,-0.4424116035629445,0.113144103928995
0.06516513445605905,-0.08020954456279278,1.3933804628176776,-0.9299314697674548,0.15067202651315148,-0.7693177038035366,-0.4424116035629445,0.4114932347284073
-1.1415966147302186,-0.731789922814562,1.3933804628176776,1.412148623877543,0.26662353371098413,1.299853097174238,-0.4424116035629445,0.2092226375762634
1.2719268836423367,-0.731789922814562,1.3933804628176776,1.0122812908162018,0.26662353371098413,-0.7693177038035366,1.5777327049436507,0.2092226375762634
-1.1415966147302186,-1.3833703010663312,1.3933804628176776,-0.8156836603213573,0.15067202651315148,1.299853097174238,-0.4424116035629445,0.07268998449856622
0.06516513445605905,-1.3833703010663312,1.3933804628176776,-0.7014358508752598,0.7072392610627481,-0.7693177038035366,-0.4424116035629445,0.07268998449856622
-1.1415966147302186,1.5487414010666303,1.3933804628176776,0.6695378624779095,0.05791082075488536,1.299853097174238,-0.4424116035629445,0.113144103928995
0.06516513445605905,1.5487414010666303,1.3933804628176776,0.26967052941656844,0.45214594522751633,-0.7693177038035366,-0.4424116035629445,0.113144103928995
-1.1415966147302186,-1.3833703010663312,1.3933804628176776,0.26967052941656844,0.3361944380296837,1.299853097174238,-0.4424116035629445,0.07268998449856622
1.2719268836423367,0.5713708336889765,1.3933804628176776,-0.6443119461522111,0.3825750409088168,-0.7693177038035366,-0.4424116035629445,0.31541470108113895
1.2719268836423367,0.5713708336889765,1.3933804628176776,-0.47294023198306495,0.15067202651315148,-0.7693177038035366,-0.4424116035629445,0.31541470108113895
1.2719268836423367,-0.731789922814562,1.3933804628176776,-0.01594899419867517,0.3593847394692502,-0.7693177038035366,-0.4424116035629445,0.2092226375762634
-1.1415966147302186,0.5713708336889765,1.3933804628176776,-0.872807565044406,0.05791082075488536,1.299853097174238,-0.4424116035629445,0.31541470108113895
1.2719268836423367,-0.08020954456279278,1.3933804628176776,2.2690071947232737,0.3593847394692502,-0.7693177038035366,-0.4424116035629445,0.4114932347284073
1.2719268836423367,-0.731789922814562,1.3933804628176776,-0.5871880414291624,0.45214594522751633,-0.7693177038035366,-0.4424116035629445,0.2092226375762634
-1.1415966147302186,-0.08020954456279278,1.3933804628176776,-0.5300641367061136,0.15067202651315148,1.299853097174238,-0.4424116035629445,0.4114932347284073
0.06516513445605905,-0.08020954456279278,1.3933804628176776,-0.5300641367061136,0.173862327952718,-0.7693177038035366,-0.4424116035629445,0.4114932347284073
1.2719268836423367,0.5713708336889765,1.3933804628176776,0.555290053031812,0.3361944380296837,-0.7693177038035366,-0.4424116035629445,0.31541470108113895
1.2719268836423367,-1.3833703010663312,1.3933804628176776,-0.01594899419867517,0.26662353371098413,-0.7693177038035366,-0.4424116035629445,0.07268998449856622
-1.1415966147302186,-0.731789922814562,1.3933804628176776,1.2979008144314454,0.6608586581836151,1.299853097174238,-0.4424116035629445,0.2092226375762634
0.06516513445605905,-0.08020954456279278,1.3933804628176776,0.555290053031812,0.173862327952718,-0.7693177038035366,-0.4424116035629445,0.4114932347284073
1.2719268836423367,1.5487414010666303,1.3933804628176776,-0.7014358508752598,0.24343323227141758,-0.7693177038035366,-0.4424116035629445,0.113144103928995
-1.1415966147302186,-0.731789922814562,1.3933804628176776,0.6124139577548607,0.3593847394692502,1.299853097174238,-0.4424116035629445,0.2092226375762634
1.2719268836423367,-1.3833703010663312,1.3933804628176776,-0.47294023198306495,0.15067202651315148,-0.7693177038035366,-0.4424116035629445,0.07268998449856622
1.2719268836423367,-0.08020954456279278,1.3933804628176776,0.2125466246935197,0.7072392610627481,-0.7693177038035366,-0.4424116035629445,0.4114932347284073
-1.1415966147302186,-0.08020954456279278,1.3933804628176776,0.555290053031812,-0.7305594281903766,1.299853097174238,-0.4424116035629445,0.4114932347284073
0.06516513445605905,-1.3833703010663312,1.3933804628176776,6.096308811167538,0.15067202651315148,-0.7693177038035366,-0.4424116035629445,0.07268998449856622
0.06516513445605905,-0.08020954456279278,1.3933804628176776,1.183653004985348,-0.17399219364077992,-0.7693177038035366,-0.4424116035629445,0.4114932347284073
1.2719268836423367,-1.3833703010663312,1.3933804628176776,-0.4158163272600162,0.6608586581836151,-0.7693177038035366,-0.4424116035629445,0.07268998449856622
1.2719268836423367,-0.731789922814562,1.3933804628176776,0.6695378624779095,0.7072392610627481,-0.7693177038035366,-0.4424116035629445,0.2092226375762634
0.06516513445605905,-1.3833703010663312,1.3933804628176776,-0.3015685178139188,-0.12761159076164688,-0.7693177038035366,-0.4424116035629445,0.07268998449856622
1.2719268836423367,0.5713708336889765,1.3933804628176776,2.326131099446322,-0.19718249508034646,-0.7693177038035366,-0.4424116035629445,0.31541470108113895
-1.1415966147302186,0.5713708336889765,1.3933804628176776,-0.6443119461522111,0.3593847394692502,1.299853097174238,-0.4424116035629445,0.31541470108113895
-1.1415966147302186,-0.731789922814562,1.3933804628176776,1.183653004985348,0.3825750409088168,1.299853097174238,-0.4424116035629445,0.2092226375762634
1.2719268836423367,1.5487414010666303,1.3933804628176776,0.7837856719240069,0.3593847394692502,-0.7693177038035366,-0.4424116035629445,0.113144103928995
-1.1415966147302186,-0.08020954456279278,1.3933804628176776,1.4692725286005917,0.0115302178757523,1.299853097174238,-0.4424116035629445,0.4114932347284073
-1.1415966147302186,-1.3833703010663312,1.3933804628176776,3.5257330986303455,-0.12761159076164688,1.299853097174238,-0.4424116035629445,0.07268998449856622
0.06516513445605905,-0.08020954456279278,1.3933804628176776,0.26967052941656844,-0.12761159076164688,-0.7693177038035366,1.5777327049436507,0.4114932347284073
1.2719268836423367,1.5487414010666303,1.3933804628176776,2.4403789088924195,0.45214594522751633,-0.7693177038035366,-0.4424116035629445,0.113144103928995
0.06516513445605905,1.5487414010666303,1.3933804628176776,1.754892052215835,0.3361944380296837,-0.7693177038035366,-0.4424116035629445,0.113144103928995
-1.1415966147302186,-0.731789922814562,1.3933804628176776,-0.4158163272600162,0.6608586581836151,1.299853097174238,-0.4424116035629445,0.2092226375762634
-1.1415966147302186,-0.731789922814562,1.3933804628176776,1.8691398616619324,0.15067202651315148,1.299853097174238,-0.4424116035629445,0.2092226375762634
-1.1415966147302186,-0.08020954456279278,1.3933804628176776,1.0122812908162018,0.24343323227141758,1.299853097174238,-0.4424116035629445,0.4114932347284073
0.06516513445605905,0.5713708336889765,1.3933804628176776,-0.8156836603213573,0.15067202651315148,-0.7693177038035366,-0.4424116035629445,0.31541470108113895
-1.1415966147302186,-0.08020954456279278,1.3933804628176776,-0.18732070836782133,0.6608586581836151,1.299853097174238,-0.4424116035629445,0.4114932347284073
0.06516513445605905,-1.3833703010663312,1.3933804628176776,-0.18732070836782133,0.45214594522751633,-0.7693177038035366,-0.4424116035629445,0.07268998449856622
-1.1415966147302186,-0.731789922814562,1.3933804628176776,-0.8156836603213573,-0.19718249508034646,1.299853097174238,-0.4424116035629445,0.2092226375762634
-1.1415966147302186,-1.3833703010663312,1.3933804628176776,-0.9870553744905034,0.26662353371098413,1.299853097174238,-0.4424116035629445,0.07268998449856622
1.2719268836423367,0.5713708336889765,1.3933804628176776,-0.18732070836782133,0.3593847394692502,-0.7693177038035366,-0.4424116035629445,0.31541470108113895
-1.1415966147302186,-1.3833703010663312,1.3933804628176776,-0.18732070836782133,0.45214594522751633,1.299853097174238,1.5777327049436507,0.07268998449856622
0.06516513445605905,-0.08020954456279278,1.3933804628176776,1.2979008144314454,0.3361944380296837,-0.7693177038035366,-0.4424116035629445,0.4114932347284073
1.2719268836423367,-0.731789922814562,1.3933804628176776,-0.3015685178139188,0.7072392610627481,-0.7693177038035366,-0.4424116035629445,0.2092226375762634
1.2719268836423367,-1.3833703010663312,1.3933804628176776,-0.5300641367061136,0.45214594522751633,-0.7693177038035366,-0.4424116035629445,0.07268998449856622
0.06516513445605905,-0.731789922814562,1.3933804628176776,-0.8156836603213573,0.45214594522751633,-0.7693177038035366,1.5777327049436507,0.2092226375762634
0.06516513445605905,-0.08020954456279278,1.3933804628176776,0.09829881524742227,0.7072392610627481,-0.7693177038035366,1.5777327049436507,0.4114932347284073
1.2719268836423367,-1.3833703010663312,1.3933804628176776,0.6695378624779095,0.173862327952718,-0.7693177038035366,-0.4424116035629445,0.07268998449856622
-1.1415966147302186,-0.731789922814562,1.3933804628176776,-0.5300641367061136,-0.12761159076164688,1.299853097174238,-0.4424116035629445,0.2092226375762634
1.2719268836423367,1.5487414010666303,1.3933804628176776,-0.3586924225369675,0.0115302178757523,-0.7693177038035366,-0.4424116035629445,0.113144103928995
1.2719268836423367,1.5487414010666303,1.3933804628176776,0.4981661483087633,-0.12761159076164688,-0.7693177038035366,1.5777327049436507,0.113144103928995
-1.1415966147302186,-0.731789922814562,1.3933804628176776,-0.7014358508752598,0.3593847394692502,1.299853097174238,-0.4424116035629445,0.2092226375762634
-1.1415966147302186,1.5487414010666303,1.3933804628176776,0.041174910524373554,0.26662353371098413,1.299853097174238,-0.4424116035629445,0.113144103928995
-1.1415966147302186,-0.08020954456279278,1.3933804628176776,1.0694051955392505,0.45214594522751633,1.299853097174238,-0.4424116035629445,0.4114932347284073
-1.1415966147302186,-1.3833703010663312,1.3933804628176776,0.7837856719240069,0.05791082075488536,1.299853097174238,-0.4424116035629445,0.07268998449856622
-1.1415966147302186,0.5713708336889765,1.3933804628176776,-0.872807565044406,0.3825750409088168,1.299853097174238,-0.4424116035629445,0.31541470108113895
1.2719268836423367,0.5713708336889765,1.3933804628176776,4.611087288368271,0.0115302178757523,-0.7693177038035366,-0.4424116035629445,0.31541470108113895
-1.1415966147302186,0.5713708336889765,1.3933804628176776,-0.18732070836782133,0.6608586581836151,1.299853097174238,-0.4424116035629445,0.31541470108113895
-1.1415966147302186,-0.08020954456279278,1.3933804628176776,-0.5300641367061136,0.6608586581836151,1.299853097174238,-0.4424116035629445,0.4114932347284073
1.2719268836423367,-0.08020954456279278,1.3933804628176776,0.9551573860931531,0.26662353371098413,-0.7693177038035366,-0.4424116035629445,0.4114932347284073
-1.1415966147302186,-1.3833703010663312,1.3933804628176776,-0.3586924225369675,0.24343323227141758,1.299853097174238,-0.4424116035629445,0.07268998449856622
-1.1415966147302186,1.5487414010666303,1.3933804628176776,-0.8156836603213573,-0.17399219364077992,1.299853097174238,-0.4424116035629445,0.113144103928995
1.2719268836423367,-0.731789922814562,1.3933804628176776,0.555290053031812,0.45214594522751633,-0.7693177038035366,-0.4424116035629445,0.2092226375762634
1.2719268836423367,1.5487414010666303,1.3933804628176776,-0.8156836603213573,-0.7305594281903766,-0.7693177038035366,-0.4424116035629445,0.113144103928995
0.06516513445605905,1.5487414010666303,1.3933804628176776,-0.5871880414291624,-0.12761159076164688,-0.7693177038035366,-0.4424116035629445,0.113144103928995
0.06516513445605905,-1.3833703010663312,1.3933804628176776,-0.3015685178139188,0.7072392610627481,-0.7693177038035366,-0.4424116035629445,0.07268998449856622
0.06516513445605905,-1.3833703010663312,1.3933804628176776,0.4410422435857146,0.3593847394692502,-0.7693177038035366,-0.4424116035629445,0.07268998449856622
-1.1415966147302186,-0.08020954456279278,1.3933804628176776,1.0122812908162018,0.3361944380296837,1.299853097174238,-0.4424116035629445,0.4114932347284073
-1.1415966147302186,-0.731789922814562,1.3933804628176776,-0.07307289892172389,0.6608586581836151,1.299853097174238,-0.4424116035629445,0.2092226375762634
-1.1415966147302186,-0.08020954456279278,1.3933804628176776,-0.3586924225369675,0.15067202651315148,1.299853097174238,-0.4424116035629445,0.4114932347284073
-1.1415966147302186,-1.3833703010663312,1.3933804628176776,0.6695378624779095,-0.19718249508034646,1.299853097174238,-0.4424116035629445,0.07268998449856622
-1.1415966147302186,-1.3833703010663312,1.3933804628176776,-0.5871880414291624,-0.7305594281903766,1.299853097174238,-0.4424116035629445,0.07268998449856622
1.2719268836423367,1.5487414010666303,1.3933804628176776,-0.7014358508752598,0.3825750409088168,-0.7693177038035366,-0.4424116035629445,0.113144103928995
0.06516513445605905,1.5487414010666303,1.3933804628176776,-0.18732070836782133,-0.7305594281903766,-0.7693177038035366,1.5777327049436507,0.113144103928995
0.06516513445605905,-1.3833703010663312,1.3933804628176776,-0.7014358508752598,0.6608586581836151,-0.7693177038035366,-0.4424116035629445,0.07268998449856622
1.2719268836423367,-1.3833703010663312,1.3933804628176776,0.26967052941656844,0.3593847394692502,-0.7693177038035366,-0.4424116035629445,0.07268998449856622
0.06516513445605905,-0.731789922814562,1.3933804628176776,-0.07307289892172389,0.7072392610627481,-0.7693177038035366,-0.4424116035629445,0.2092226375762634
-1.1415966147302186,-0.731789922814562,1.3933804628176776,0.4981661483087633,-0.17399219364077992,1.299853097174238,-0.4424116035629445,0.2092226375762634
0.06516513445605905,1.5487414010666303,1.3933804628176776,-0.24444461309087007,0.6608586581836151,-0.7693177038035366,-0.4424116035629445,0.113144103928995
0.06516513445605905,-0.08020954456279278,1.3933804628176776,-0.9299314697674548,0.15067202651315148,-0.7693177038035366,-0.4424116035629445,0.4114932347284073
1.2719268836423367,-0.08020954456279278,1.3933804628176776,-0.18732070836782133,0.24343323227141758,-0.7693177038035366,-0.4424116035629445,0.4114932347284073
0.06516513445605905,1.5487414010666303,1.3933804628176776,-0.7585597555983086,0.3361944380296837,-0.7693177038035366,-0.4424116035629445,0.113144103928995
0.06516513445605905,1.5487414010666303,1.3933804628176776,-0.3015685178139188,0.15067202651315148,-0.7693177038035366,1.5777327049436507,0.113144103928995
1.2719268836423367,-0.08020954456279278,1.3933804628176776,-0.3586924225369675,0.3593847394692502,-0.7693177038035366,-0.4424116035629445,0.4114932347284073
0.06516513445605905,1.5487414010666303,1.3933804628176776,-0.4158163272600162,0.15067202651315148,-0.7693177038035366,3.597877013450246,0.113144103928995
-1.1415966147302186,-1.3833703010663312,1.3933804628176776,-0.8156836603213573,-0.12761159076164688,1.299853097174238,-0.4424116035629445,0.07268998449856622
1.2719268836423367,-0.08020954456279278,1.3933804628176776,-0.7014358508752598,0.6608586581836151,-0.7693177038035366,-0.4424116035629445,0.4114932347284073
0.06516513445605905,-0.731789922814562,1.3933804628176776,-0.872807565044406,0.45214594522751633,-0.7693177038035366,-0.4424116035629445,0.2092226375762634
0.06516513445605905,-1.3833703010663312,1.3933804628176776,0.8980334813701044,0.24343323227141758,-0.7693177038035366,-0.4424116035629445,0.07268998449856622
1.2719268836423367,1.5487414010666303,1.3933804628176776,0.3839183388626659,0.3361944380296837,-0.7693177038035366,-0.4424116035629445,0.113144103928995
1.2719268836423367,-1.3833703010663312,1.3933804628176776,0.555290053031812,-0.12761159076164688,-0.7693177038035366,-0.4424116035629445,0.07268998449856622
-1.1415966147302186,-0.08020954456279278,1.3933804628176776,-0.7585597555983086,0.3825750409088168,1.299853097174238,-0.4424116035629445,0.4114932347284073
0.06516513445605905,-0.08020954456279278,1.3933804628176776,0.555290053031812,0.3361944380296837,-0.7693177038035366,1.5777327049436507,0.4114932347284073
1.2719268836423367,-0.731789922814562,1.3933804628176776,4.039848241137784,0.7072392610627481,-0.7693177038035366,-0.4424116035629445,0.2092226375762634
-1.1415966147302186,1.5487414010666303,1.3933804628176776,-0.872807565044406,-0.17399219364077992,1.299853097174238,-0.4424116035629445,0.113144103928995
-1.1415966147302186,1.5487414010666303,1.3933804628176776,0.2125466246935197,-0.12761159076164688,1.299853097174238,-0.4424116035629445,0.113144103928995
-1.1415966147302186,-1.3833703010663312,1.3933804628176776,-0.7014358508752598,0.45214594522751633,1.299853097174238,-0.4424116035629445,0.07268998449856622
-1.1415966147302186,-1.3833703010663312,1.3933804628176776,-0.9299314697674548,0.6608586581836151,1.299853097174238,-0.4424116035629445,0.07268998449856622
0.06516513445605905,0.5713708336889765,1.3933804628176776,-0.9299314697674548,0.173862327952718,-0.7693177038035366,-0.4424116035629445,0.31541470108113895
1.2719268836423367,0.5713708336889765,1.3933804628176776,3.182989670292053,0.7072392610627481,-0.7693177038035366,-0.4424116035629445,0.31541470108113895
0.06516513445605905,-0.08020954456279278,1.3933804628176776,-0.47294023198306495,-0.12761159076164688,-0.7693177038035366,-0.4424116035629445,0.4114932347284073
-1.1415966147302186,-1.3833703010663312,1.3933804628176776,1.2979008144314454,0.24343323227141758,1.299853097174238,-0.4424116035629445,0.07268998449856622
0.06516513445605905,-0.731789922814562,1.3933804628176776,-0.18732070836782133,0.15067202651315148,-0.7693177038035366,-0.4424116035629445,0.2092226375762634
-1.1415966147302186,-0.731789922814562,1.3933804628176776,1.2979008144314454,0.45214594522751633,1.299853097174238,-0.4424116035629445,0.2092226375762634
-1.1415966147302186,-1.3833703010663312,1.3933804628176776,0.555290053031812,-0.19718249508034646,1.299853097174238,-0.4424116035629445,0.07268998449856622
1.2719268836423367,1.5487414010666303,1.3933804628176776,-0.9870553744905034,-0.17399219364077992,-0.7693177038035366,-0.4424116035629445,0.113144103928995
1.2719268836423367,-0.731789922814562,1.3933804628176776,-0.5871880414291624,0.7072392610627481,-0.7693177038035366,-0.4424116035629445,0.2092226375762634
0.06516513445605905,-1.3833703010663312,1.3933804628176776,0.6124139577548607,-0.19718249508034646,-0.7693177038035366,1.5777327049436507,0.07268998449856622
-1.1415966147302186,-0.08020954456279278,1.3933804628176776,-0.9870553744905034,-0.17399219364077992,1.299853097174238,1.5777327049436507,0.4114932347284073
1.2719268836423367,-1.3833703010663312,1.3933804628176776,-0.7014358508752598,0.0115302178757523,-0.7693177038035366,-0.4424116035629445,0.07268998449856622
-1.1415966147302186,-0.08020954456279278,1.3933804628176776,-0.6443119461522111,-0.19718249508034646,1.299853097174238,3.597877013450246,0.4114932347284073
0.06516513445605905,-1.3833703010663312,1.3933804628176776,-0.7014358508752598,0.45214594522751633,-0.7693177038035366,-0.4424116035629445,0.07268998449856622
1.2719268836423367,1.5487414010666303,1.3933804628176776,-0.47294023198306495,0.45214594522751633,-0.7693177038035366,1.5777327049436507,0.113144103928995
0.06516513445605905,-0.08020954456279278,1.3933804628176776,1.0694051955392505,0.0115302178757523,-0.7693177038035366,1.5777327049436507,0.4114932347284073
1.2719268836423367,-0.08020954456279278,1.3933804628176776,-0.3015685178139188,0.3361944380296837,-0.7693177038035366,-0.4424116035629445,0.4114932347284073
-1.1415966147302186,0.5713708336889765,1.3933804628176776,-0.8156836603213573,0.7072392610627481,1.299853097174238,-0.4424116035629445,0.31541470108113895
1.2719268836423367,-0.731789922814562,1.3933804628176776,0.155422719970471,0.3593847394692502,-0.7693177038035366,-0.4424116035629445,0.2092226375762634
1.2719268836423367,-0.08020954456279278,1.3933804628176776,0.8409095766470557,0.26662353371098413,-0.7693177038035366,-0.4424116035629445,0.4114932347284073
1.2719268836423367,-0.08020954456279278,1.3933804628176776,-0.47294023198306495,0.24343323227141758,-0.7693177038035366,-0.4424116035629445,0.4114932347284073
-1.1415966147302186,1.5487414010666303,1.3933804628176776,0.3839183388626659,0.15067202651315148,1.299853097174238,-0.4424116035629445,0.113144103928995
1.2719268836423367,-1.3833703010663312,1.3933804628176776,-0.9299314697674548,0.3593847394692502,-0.7693177038035366,-0.4424116035629445,0.07268998449856622
0.06516513445605905,-1.3833703010663312,1.3933804628176776,0.155422719970471,0.05791082075488536,-0.7693177038035366,-0.4424116035629445,0.07268998449856622
1.2719268836423367,0.5713708336889765,1.3933804628176776,1.5263964333236404,-0.19718249508034646,-0.7693177038035366,-0.4424116035629445,0.31541470108113895
0.06516513445605905,0.5713708336889765,1.3933804628176776,-0.7585597555983086,0.05791082075488536,-0.7693177038035366,1.5777327049436507,0.31541470108113895
1.2719268836423367,-1.3833703010663312,1.3933804628176776,-0.07307289892172389,0.173862327952718,-0.7693177038035366,-0.4424116035629445,0.07268998449856622
-1.1415966147302186,-1.3833703010663312,1.3933804628176776,-0.9299314697674548,0.3593847394692502,1.299853097174238,-0.4424116035629445,0.07268998449856622
-1.1415966147302186,-0.08020954456279278,1.3933804628176776,-0.3015685178139188,0.173862327952718,1.299853097174238,1.5777327049436507,0.4114932347284073
-1.1415966147302186,-0.731789922814562,1.3933804628176776,1.6977681474927866,0.26662353371098413,1.299853097174238,-0.4424116035629445,0.2092226375762634
-1.1415966147302186,1.5487414010666303,1.3933804628176776,-0.7014358508752598,0.6608586581836151,1.299853097174238,-0.4424116035629445,0.113144103928995
1.2719268836423367,1.5487414010666303,1.3933804628176776,0.3267944341396172,-0.17399219364077992,-0.7693177038035366,-0.4424116035629445,0.113144103928995
-1.1415966147302186,1.5487414010666303,1.3933804628176776,-0.872807565044406,0.3593847394692502,1.299853097174238,-0.4424116035629445,0.113144103928995
-1.1415966147302186,-0.08020954456279278,1.3933804628176776,-0.9299314697674548,-0.19718249508034646,1.299853097174238,-0.4424116035629445,0.4114932347284073
-1.1415966147302186,-1.3833703010663312,1.3933804628176776,0.4410422435857146,0.3361944380296837,1.299853097174238,-0.4424116035629445,0.07268998449856622
0.06516513445605905,0.5713708336889765,1.3933804628176776,-0.5871880414291624,0.3361944380296837,-0.7693177038035366,1.5777327049436507,0.31541470108113895
1.2719268836423367,0.5713708336889765,1.3933804628176776,-0.24444461309087007,0.3593847394692502,-0.7693177038035366,-0.4424116035629445,0.31541470108113895
1.2719268836423367,-0.731789922814562,1.3933804628176776,-0.13019680364477262,0.3361944380296837,-0.7693177038035366,3.597877013450246,0.2092226375762634
0.06516513445605905,1.5487414010666303,1.3933804628176776,-0.24444461309087007,0.3825750409088168,-0.7693177038035366,-0.4424116035629445,0.113144103928995
0.06516513445605905,-1.3833703010663312,1.3933804628176776,5.010954621429613,0.26662353371098413,-0.7693177038035366,-0.4424116035629445,0.07268998449856622
1.2719268836423367,0.5713708336889765,1.3933804628176776,-0.9299314697674548,0.6608586581836151,-0.7693177038035366,-0.4424116035629445,0.31541470108113895
0.06516513445605905,0.5713708336889765,1.3933804628176776,0.4981661483087633,-0.17399219364077992,-0.7693177038035366,-0.4424116035629445,0.31541470108113895
1.2719268836423367,-0.731789922814562,1.3933804628176776,0.6124139577548607,0.15067202651315148,-0.7693177038035366,-0.4424116035629445,0.2092226375762634
1.2719268836423367,1.5487414010666303,1.3933804628176776,-0.13019680364477262,0.6608586581836151,-0.7693177038035366,-0.4424116035629445,0.113144103928995
1.2719268836423367,0.5713708336889765,1.3933804628176776,-0.3586924225369675,-0.12761159076164688,-0.7693177038035366,-0.4424116035629445,0.31541470108113895
-1.1415966147302186,1.5487414010666303,1.3933804628176776,-0.47294023198306495,-0.17399219364077992,1.299853097174238,-0.4424116035629445,0.113144103928995
0.06516513445605905,1.5487414010666303,1.3933804628176776,-0.6443119461522111,0.26662353371098413,-0.7693177038035366,-0.4424116035629445,0.113144103928995
0.06516513445605905,0.5713708336889765,1.3933804628176776,0.8409095766470557,-0.12761159076164688,-0.7693177038035366,1.5777327049436507,0.31541470108113895
0.06516513445605905,-1.3833703010663312,1.3933804628176776,-0.872807565044406,0.6608586581836151,-0.7693177038035366,-0.4424116035629445,0.07268998449856622
-1.1415966147302186,-0.731789922814562,1.3933804628176776,-0.24444461309087007,0.7072392610627481,1.299853097174238,-0.4424116035629445,0.2092226375762634
-1.1415966147302186,0.5713708336889765,1.3933804628176776,-0.3015685178139188,0.05791082075488536,1.299853097174238,-0.4424116035629445,0.31541470108113895
1.2719268836423367,-1.3833703010663312,1.3933804628176776,1.0694051955392505,-0.17399219364077992,-0.7693177038035366,-0.4424116035629445,0.07268998449856622
-1.1415966147302186,-1.3833703010663312,1.3933804628176776,-0.4158163272600162,0.3825750409088168,1.299853097174238,-0.4424116035629445,0.07268998449856622
1.2719268836423367,-1.3833703010663312,1.3933804628176776,1.5835203380466891,-0.19718249508034646,-0.7693177038035366,-0.4424116035629445,0.07268998449856622
-1.1415966147302186,1.5487414010666303,1.3933804628176776,0.2125466246935197,0.0115302178757523,1.299853097174238,-0.4424116035629445,0.113144103928995
-1.1415966147302186,-0.731789922814562,1.3933804628176776,1.5835203380466891,0.3593847394692502,1.299853097174238,-0.4424116035629445,0.2092226375762634
0.06516513445605905,1.5487414010666303,1.3933804628176776,0.4981661483087633,0.3593847394692502,-0.7693177038035366,1.5777327049436507,0.113144103928995
1.2719268836423367,0.5713708336889765,1.3933804628176776,-0.24444461309087007,0.15067202651315148,-0.7693177038035366,-0.4424116035629445,0.31541470108113895
-1.1415966147302186,-1.3833703010663312,1.3933804628176776,-0.24444461309087007,0.173862327952718,1.299853097174238,-0.4424116035629445,0.07268998449856622
1.2719268836423367,-0.731789922814562,1.3933804628176776,1.2407769097083967,0.0115302178757523,-0.7693177038035366,-0.4424116035629445,0.2092226375762634
0.06516513445605905,0.5713708336889765,1.3933804628176776,-0.8156836603213573,0.05791082075488536,-0.7693177038035366,-0.4424116035629445,0.31541470108113895
0.06516513445605905,-1.3833703010663312,1.3933804628176776,-0.5300641367061136,0.3593847394692502,-0.7693177038035366,-0.4424116035629445,0.07268998449856622
0.06516513445605905,-0.731789922814562,1.3933804628176776,-0.3586924225369675,-0.12761159076164688,-0.7693177038035366,-0.4424116035629445,0.2092226375762634
-1.1415966147302186,-1.3833703010663312,1.3933804628176776,-0.7585597555983086,0.173862327952718,1.299853097174238,-0.4424116035629445,0.07268998449856622
1.2719268836423367,-0.08020954456279278,1.5321633774409522,0.6695378624779095,0.0115302178757523,-0.7693177038035366,1.5777327049436507,0.4114932347284073
0.06516513445605905,1.5487414010666303,1.5321633774409522,0.7837856719240069,-0.7305594281903766,-0.7693177038035366,-0.4424116035629445,0.113144103928995
0.06516513445605905,-1.3833703010663312,1.5321633774409522,-0.8156836603213573,0.3825750409088168,-0.7693177038035366,-0.4424116035629445,0.07268998449856622
-1.1415966147302186,-0.731789922814562,1.5321633774409522,-0.3586924225369675,0.6608586581836151,1.299853097174238,-0.4424116035629445,0.2092226375762634
1.2719268836423367,-0.08020954456279278,1.5321633774409522,-0.4158163272600162,0.3361944380296837,-0.7693177038035366,-0.4424116035629445,0.4114932347284073
0.06516513445605905,-1.3833703010663312,1.5321633774409522,-0.8156836603213573,0.7072392610627481,-0.7693177038035366,-0.4424116035629445,0.07268998449856622
-1.1415966147302186,1.5487414010666303,1.5321633774409522,-0.3015685178139188,-0.19718249508034646,1.299853097174238,-0.4424116035629445,0.113144103928995
1.2719268836423367,-0.731789922814562,1.5321633774409522,-0.6443119461522111,-0.12761159076164688,-0.7693177038035366,-0.4424116035629445,0.2092226375762634
0.06516513445605905,0.5713708336889765,1.5321633774409522,-0.3586924225369675,0.24343323227141758,-0.7693177038035366,-0.4424116035629445,0.31541470108113895
-1.1415966147302186,-0.08020954456279278,1.5321633774409522,-0.13019680364477262,-0.19718249508034646,1.299853097174238,1.5777327049436507,0.4114932347284073
-1.1415966147302186,0.5713708336889765,1.5321633774409522,1.3550247191544942,0.3825750409088168,1.299853097174238,-0.4424116035629445,0.31541470108113895
1.2719268836423367,0.5713708336889765,1.5321633774409522,-0.7585597555983086,0.173862327952718,-0.7693177038035366,-0.4424116035629445,0.31541470108113895
0.06516513445605905,-1.3833703010663312,1.5321633774409522,0.2125466246935197,0.6608586581836151,-0.7693177038035366,-0.4424116035629445,0.07268998449856622
1.2719268836423367,-1.3833703010663312,1.5321633774409522,-0.7585597555983086,0.3593847394692502,-0.7693177038035366,-0.4424116035629445,0.07268998449856622
-1.1415966147302186,-1.3833703010663312,1.5321633774409522,-0.24444461309087007,0.0115302178757523,1.299853097174238,-0.4424116035629445,0.07268998449856622
1.2719268836423367,-0.08020954456279278,1.5321633774409522,1.412148623877543,-0.12761159076164688,-0.7693177038035366,-0.4424116035629445,0.4114932347284073
-1.1415966147302186,-1.3833703010663312,1.5321633774409522,0.2125466246935197,-0.17399219364077992,1.299853097174238,-0.4424116035629445,0.07268998449856622
0.06516513445605905,-0.08020954456279278,1.5321633774409522,-0.6443119461522111,0.24343323227141758,-0.7693177038035366,-0.4424116035629445,0.4114932347284073
1.2719268836423367,-0.731789922814562,1.5321633774409522,0.2125466246935197,0.15067202651315148,-0.7693177038035366,-0.4424116035629445,0.2092226375762634
1.2719268836423367,-0.731789922814562,1.5321633774409522,-0.872807565044406,0.173862327952718,-0.7693177038035366,-0.4424116035629445,0.2092226375762634
0.06516513445605905,-0.731789922814562,1.5321633774409522,-0.872807565044406,0.3593847394692502,-0.7693177038035366,-0.4424116035629445,0.2092226375762634
0.06516513445605905,-0.08020954456279278,1.5321633774409522,-0.9299314697674548,0.173862327952718,-0.7693177038035366,1.5777327049436507,0.4114932347284073
1.2719268836423367,-1.3833703010663312,1.5321633774409522,-0.7585597555983086,0.6608586581836151,-0.7693177038035366,-0.4424116035629445,0.07268998449856622
-1.1415966147302186,1.5487414010666303,1.5321633774409522,-0.7585597555983086,0.3825750409088168,1.299853097174238,-0.4424116035629445,0.113144103928995
-1.1415966147302186,-0.08020954456279278,1.5321633774409522,-0.7014358508752598,0.3361944380296837,1.299853097174238,-0.4424116035629445,0.4114932347284073
0.06516513445605905,-1.3833703010663312,1.5321633774409522,0.6124139577548607,0.6608586581836151,-0.7693177038035366,-0.4424116035629445,0.07268998449856622
-1.1415966147302186,-0.08020954456279278,1.5321633774409522,-0.5871880414291624,0.6608586581836151,1.299853097174238,1.5777327049436507,0.4114932347284073
-1.1415966147302186,1.5487414010666303,1.5321633774409522,-0.6443119461522111,0.05791082075488536,1.299853097174238,-0.4424116035629445,0.113144103928995
1.2719268836423367,0.5713708336889765,1.5321633774409522,-0.24444461309087007,0.3593847394692502,-0.7693177038035366,-0.4424116035629445,0.31541470108113895
1.2719268836423367,-0.731789922814562,1.5321633774409522,0.09829881524742227,0.6608586581836151,-0.7693177038035366,1.5777327049436507,0.2092226375762634
1.2719268836423367,0.5713708336889765,1.5321633774409522,0.7266617672009582,0.3825750409088168,-0.7693177038035366,-0.4424116035629445,0.31541470108113895
0.06516513445605905,-0.731789922814562,1.5321633774409522,-0.872807565044406,0.15067202651315148,-0.7693177038035366,-0.4424116035629445,0.2092226375762634
-1.1415966147302186,-0.08020954456279278,1.5321633774409522,1.8120159569388838,0.3825750409088168,1.299853097174238,1.5777327049436507,0.4114932347284073
-1.1415966147302186,-1.3833703010663312,1.5321633774409522,-0.47294023198306495,0.45214594522751633,1.299853097174238,-0.4424116035629445,0.07268998449856622
-1.1415966147302186,0.5713708336889765,1.5321633774409522,-0.8156836603213573,0.3825750409088168,1.299853097174238,1.5777327049436507,0.31541470108113895
1.2719268836423367,-1.3833703010663312,1.5321633774409522,0.555290053031812,-0.19718249508034646,-0.7693177038035366,-0.4424116035629445,0.07268998449856622
1.2719268836423367,-0.08020954456279278,1.5321633774409522,0.555290053031812,-0.7305594281903766,-0.7693177038035366,-0.4424116035629445,0.4114932347284073
-1.1415966147302186,-0.08020954456279278,1.5321633774409522,0.4410422435857146,0.24343323227141758,1.299853097174238,-0.4424116035629445,0.4114932347284073
-1.1415966147302186,1.5487414010666303,1.5321633774409522,-0.07307289892172389,0.3825750409088168,1.299853097174238,-0.4424116035629445,0.113144103928995
1.2719268836423367,-0.731789922814562,1.5321633774409522,-0.6443119461522111,0.24343323227141758,-0.7693177038035366,1.5777327049436507,0.2092226375762634
1.2719268836423367,-1.3833703010663312,1.5321633774409522,-0.7014358508752598,-0.7305594281903766,-0.7693177038035366,1.5777327049436507,0.07268998449856622
1.2719268836423367,-1.3833703010663312,1.5321633774409522,-0.18732070836782133,-0.7305594281903766,-0.7693177038035366,1.5777327049436507,0.07268998449856622
-1.1415966147302186,1.5487414010666303,1.5321633774409522,-0.7014358508752598,0.3593847394692502,1.299853097174238,-0.4424116035629445,0.113144103928995
1.2719268836423367,-0.731789922814562,1.5321633774409522,-0.4158163272600162,0.15067202651315148,-0.7693177038035366,-0.4424116035629445,0.2092226375762634
1.2719268836423367,0.5713708336889765,1.5321633774409522,-0.9299314697674548,0.26662353371098413,-0.7693177038035366,-0.4424116035629445,0.31541470108113895
-1.1415966147302186,1.5487414010666303,1.5321633774409522,-0.7585597555983086,-0.7305594281903766,1.299853097174238,3.597877013450246,0.113144103928995
0.06516513445605905,-1.3833703010663312,1.5321633774409522,-0.9299314697674548,-0.7305594281903766,-0.7693177038035366,5.6180213219568405,0.07268998449856622
-1.1415966147302186,-0.08020954456279278,1.5321633774409522,1.6406442427697379,0.7072392610627481,1.299853097174238,-0.4424116035629445,0.4114932347284073
0.06516513445605905,-0.731789922814562,1.5321633774409522,-0.5871880414291624,0.173862327952718,-0.7693177038035366,-0.4424116035629445,0.2092226375762634
1.2719268836423367,-0.08020954456279278,1.5321633774409522,-0.3586924225369675,-0.17399219364077992,-0.7693177038035366,-0.4424116035629445,0.4114932347284073
0.06516513445605905,-0.731789922814562,1.5321633774409522,-0.7585597555983086,0.26662353371098413,-0.7693177038035366,-0.4424116035629445,0.2092226375762634
0.06516513445605905,1.5487414010666303,1.5321633774409522,-0.01594899419867517,0.05791082075488536,-0.7693177038035366,-0.4424116035629445,0.113144103928995
1.2719268836423367,1.5487414010666303,1.5321633774409522,-0.3015685178139188,0.15067202651315148,-0.7693177038035366,-0.4424116035629445,0.113144103928995
-1.1415966147302186,0.5713708336889765,1.5321633774409522,0.9551573860931531,0.15067202651315148,1.299853097174238,-0.4424116035629445,0.31541470108113895
-1.1415966147302186,-0.731789922814562,1.5321633774409522,0.9551573860931531,0.3593847394692502,1.299853097174238,-0.4424116035629445,0.2092226375762634
-1.1415966147302186,0.5713708336889765,1.5321633774409522,-0.47294023198306495,0.3825750409088168,1.299853097174238,-0.4424116035629445,0.31541470108113895
-1.1415966147302186,0.5713708336889765,1.5321633774409522,-0.13019680364477262,0.3361944380296837,1.299853097174238,-0.4424116035629445,0.31541470108113895
-1.1415966147302186,0.5713708336889765,1.5321633774409522,-0.7014358508752598,-0.7305594281903766,1.299853097174238,-0.4424116035629445,0.31541470108113895
-1.1415966147302186,-1.3833703010663312,1.5321633774409522,-0.5871880414291624,0.15067202651315148,1.299853097174238,-0.4424116035629445,0.07268998449856622
0.06516513445605905,-0.731789922814562,1.5321633774409522,-0.7585597555983086,0.3361944380296837,-0.7693177038035366,1.5777327049436507,0.2092226375762634
1.2719268836423367,-0.731789922814562,1.5321633774409522,-0.8156836603213573,0.24343323227141758,-0.7693177038035366,-0.4424116035629445,0.2092226375762634
-1.1415966147302186,1.5487414010666303,1.5321633774409522,0.09829881524742227,0.3593847394692502,1.299853097174238,-0.4424116035629445,0.113144103928995
-1.1415966147302186,-0.08020954456279278,1.5321633774409522,0.6695378624779095,0.3825750409088168,1.299853097174238,-0.4424116035629445,0.4114932347284073
0.06516513445605905,-1.3833703010663312,1.5321633774409522,0.09829881524742227,0.6608586581836151,-0.7693177038035366,-0.4424116035629445,0.07268998449856622
0.06516513445605905,-0.08020954456279278,1.5321633774409522,0.8980334813701044,0.6608586581836151,-0.7693177038035366,-0.4424116035629445,0.4114932347284073
-1.1415966147302186,-0.731789922814562,1.5321633774409522,0.041174910524373554,0.3825750409088168,1.299853097174238,-0.4424116035629445,0.2092226375762634
-1.1415966147302186,-0.731789922814562,1.5321633774409522,-0.9870553744905034,0.15067202651315148,1.299853097174238,-0.4424116035629445,0.2092226375762634
1.2719268836423367,-0.731789922814562,1.5321633774409522,1.8691398616619324,0.15067202651315148,-0.7693177038035366,1.5777327049436507,0.2092226375762634
1.2719268836423367,-0.08020954456279278,1.5321633774409522,1.5835203380466891,0.24343323227141758,-0.7693177038035366,-0.4424116035629445,0.4114932347284073
0.06516513445605905,0.5713708336889765,1.5321633774409522,-0.18732070836782133,0.3825750409088168,-0.7693177038035366,-0.4424116035629445,0.31541470108113895
-1.1415966147302186,-0.08020954456279278,1.5321633774409522,-0.07307289892172389,-0.17399219364077992,1.299853097174238,-0.4424116035629445,0.4114932347284073
0.06516513445605905,-0.08020954456279278,1.5321633774409522,0.09829881524742227,0.3593847394692502,-0.7693177038035366,-0.4424116035629445,0.4114932347284073
-1.1415966147302186,-0.08020954456279278,1.5321633774409522,-0.5300641367061136,-0.12761159076164688,1.299853097174238,-0.4424116035629445,0.4114932347284073
1.2719268836423367,1.5487414010666303,1.5321633774409522,-0.3586924225369675,0.6608586581836151,-0.7693177038035366,-0.4424116035629445,0.113144103928995
-1.1415966147302186,-1.3833703010663312,1.5321633774409522,-0.8156836603213573,0.24343323227141758,1.299853097174238,-0.4424116035629445,0.07268998449856622
1.2719268836423367,0.5713708336889765,1.5321633774409522,0.3267944341396172,-0.12761159076164688,-0.7693177038035366,1.5777327049436507,0.31541470108113895
0.06516513445605905,-0.731789922814562,1.5321633774409522,-0.07307289892172389,0.173862327952718,-0.7693177038035366,-0.4424116035629445,0.2092226375762634
0.06516513445605905,-0.731789922814562,1.5321633774409522,-0.4158163272600162,-0.12761159076164688,-0.7693177038035366,1.5777327049436507,0.2092226375762634
1.2719268836423367,-0.08020954456279278,1.5321633774409522,-0.01594899419867517,0.05791082075488536,-0.7693177038035366,-0.4424116035629445,0.4114932347284073
-1.1415966147302186,-0.731789922814562,1.5321633774409522,-0.7014358508752598,0.3361944380296837,1.299853097174238,-0.4424116035629445,0.2092226375762634
-1.1415966147302186,-0.08020954456279278,1.5321633774409522,1.3550247191544942,0.7072392610627481,1.299853097174238,-0.4424116035629445,0.4114932347284073
1.2719268836423367,1.5487414010666303,1.5321633774409522,-0.18732070836782133,0.7072392610627481,-0.7693177038035366,1.5777327049436507,0.113144103928995
-1.1415966147302186,0.5713708336889765,1.5321633774409522,0.8409095766470557,-0.12761159076164688,1.299853097174238,-0.4424116035629445,0.31541470108113895
-1.1415966147302186,-0.08020954456279278,1.5321633774409522,-0.9870553744905034,0.7072392610627481,1.299853097174238,3.597877013450246,0.4114932347284073
-1.1415966147302186,0.5713708336889765,1.5321633774409522,0.09829881524742227,-0.17399219364077992,1.299853097174238,-0.4424116035629445,0.31541470108113895
0.06516513445605905,0.5713708336889765,1.5321633774409522,-0.8156836603213573,0.6608586581836151,-0.7693177038035366,-0.4424116035629445,0.31541470108113895
-1.1415966147302186,-1.3833703010663312,1.5321633774409522,0.2125466246935197,0.15067202651315148,1.299853097174238,-0.4424116035629445,0.07268998449856622
1.2719268836423367,-0.08020954456279278,1.5321633774409522,0.26967052941656844,0.05791082075488536,-0.7693177038035366,-0.4424116035629445,0.4114932347284073
-1.1415966147302186,-0.731789922814562,1.5321633774409522,-0.8156836603213573,0.45214594522751633,1.299853097174238,-0.4424116035629445,0.2092226375762634
1.2719268836423367,1.5487414010666303,1.5321633774409522,1.9833876711080298,0.3361944380296837,-0.7693177038035366,-0.4424116035629445,0.113144103928995
1.2719268836423367,-1.3833703010663312,1.5321633774409522,1.4692725286005917,-0.17399219364077992,-0.7693177038035366,-0.4424116035629445,0.07268998449856622
0.06516513445605905,1.5487414010666303,1.5321633774409522,0.041174910524373554,0.45214594522751633,-0.7693177038035366,-0.4424116035629445,0.113144103928995
-1.1415966147302186,-0.731789922814562,1.5321633774409522,0.7266617672009582,0.24343323227141758,1.299853097174238,-0.4424116035629445,0.2092226375762634
1.2719268836423367,-0.731789922814562,1.5321633774409522,-0.4158163272600162,0.3593847394692502,-0.7693177038035366,-0.4424116035629445,0.2092226375762634
-1.1415966147302186,-0.08020954456279278,1.5321633774409522,0.9551573860931531,0.15067202651315148,1.299853097174238,-0.4424116035629445,0.4114932347284073
0.06516513445605905,-0.731789922814562,1.5321633774409522,-0.3586924225369675,0.0115302178757523,-0.7693177038035366,-0.4424116035629445,0.2092226375762634
-1.1415966147302186,-1.3833703010663312,1.5321633774409522,-0.7014358508752598,0.6608586581836151,1.299853097174238,-0.4424116035629445,0.07268998449856622
1.2719268836423367,-0.731789922814562,1.5321633774409522,-0.872807565044406,0.24343323227141758,-0.7693177038035366,-0.4424116035629445,0.2092226375762634
-1.1415966147302186,-0.731789922814562,1.5321633774409522,-0.7585597555983086,0.24343323227141758,1.299853097174238,1.5777327049436507,0.2092226375762634
0.06516513445605905,-0.731789922814562,1.5321633774409522,-0.4158163272600162,0.6608586581836151,-0.7693177038035366,1.5777327049436507,0.2092226375762634
-1.1415966147302186,-1.3833703010663312,1.5321633774409522,0.4410422435857146,0.173862327952718,1.299853097174238,-0.4424116035629445,0.07268998449856622
0.06516513445605905,1.5487414010666303,1.5321633774409522,-0.8156836603213573,-0.19718249508034646,-0.7693177038035366,-0.4424116035629445,0.113144103928995
0.06516513445605905,0.5713708336889765,1.5321633774409522,0.09829881524742227,0.3361944380296837,-0.7693177038035366,-0.4424116035629445,0.31541470108113895
1.2719268836423367,-1.3833703010663312,1.5321633774409522,-0.24444461309087007,0.26662353371098413,-0.7693177038035366,-0.4424116035629445,0.07268998449856622
0.06516513445605905,1.5487414010666303,1.5321633774409522,-0.872807565044406,0.15067202651315148,-0.7693177038035366,-0.4424116035629445,0.113144103928995
0.06516513445605905,1.5487414010666303,1.5321633774409522,-0.6443119461522111,0.24343323227141758,-0.7693177038035366,-0.4424116035629445,0.113144103928995
-1.1415966147302186,-0.08020954456279278,1.5321633774409522,-0.07307289892172389,0.3593847394692502,1.299853097174238,-0.4424116035629445,0.4114932347284073
1.2719268836423367,1.5487414010666303,1.5321633774409522,-0.8156836603213573,0.15067202651315148,-0.7693177038035366,1.5777327049436507,0.113144103928995
1.2719268836423367,-0.08020954456279278,1.5321633774409522,-0.5871880414291624,-0.7305594281903766,-0.7693177038035366,-0.4424116035629445,0.4114932347284073
-1.1415966147302186,-0.08020954456279278,1.5321633774409522,-0.18732070836782133,0.6608586581836151,1.299853097174238,-0.4424116035629445,0.4114932347284073
-1.1415966147302186,0.5713708336889765,1.5321633774409522,3.3543613844611992,0.24343323227141758,1.299853097174238,-0.4424116035629445,0.31541470108113895
1.2719268836423367,-1.3833703010663312,1.5321633774409522,0.3267944341396172,-0.7305594281903766,-0.7693177038035366,-0.4424116035629445,0.07268998449856622
-1.1415966147302186,-0.731789922814562,1.5321633774409522,0.6124139577548607,0.15067202651315148,1.299853097174238,-0.4424116035629445,0.2092226375762634
0.06516513445605905,-0.731789922814562,1.5321633774409522,-0.7585597555983086,-0.19718249508034646,-0.7693177038035366,-0.4424116035629445,0.2092226375762634
0.06516513445605905,-0.08020954456279278,1.5321633774409522,-0.07307289892172389,0.45214594522751633,-0.7693177038035366,-0.4424116035629445,0.4114932347284073
-1.1415966147302186,1.5487414010666303,1.5321633774409522,-0.9870553744905034,0.05791082075488536,1.299853097174238,-0.4424116035629445,0.113144103928995
1.2719268836423367,1.5487414010666303,1.5321633774409522,-0.8156836603213573,0.3593847394692502,-0.7693177038035366,-0.4424116035629445,0.113144103928995
-1.1415966147302186,0.5713708336889765,1.5321633774409522,0.4410422435857146,0.26662353371098413,1.299853097174238,-0.4424116035629445,0.31541470108113895
0.06516513445605905,-0.731789922814562,1.5321633774409522,-0.5300641367061136,-0.17399219364077992,-0.7693177038035366,-0.4424116035629445,0.2092226375762634
-1.1415966147302186,-0.731789922814562,1.5321633774409522,-0.24444461309087007,0.45214594522751633,1.299853097174238,1.5777327049436507,0.2092226375762634
1.2719268836423367,-1.3833703010663312,1.5321633774409522,-0.9299314697674548,0.7072392610627481,-0.7693177038035366,-0.4424116035629445,0.07268998449856622
1.2719268836423367,1.5487414010666303,1.5321633774409522,-0.13019680364477262,0.6608586581836151,-0.7693177038035366,-0.4424116035629445,0.113144103928995
1.2719268836423367,-1.3833703010663312,1.5321633774409522,1.4692725286005917,0.05791082075488536,-0.7693177038035366,-0.4424116035629445,0.07268998449856622
1.2719268836423367,-0.08020954456279278,1.5321633774409522,-0.3586924225369675,0.173862327952718,-0.7693177038035366,-0.4424116035629445,0.4114932347284073
0.06516513445605905,-0.08020954456279278,1.5321633774409522,-0.7014358508752598,-0.17399219364077992,-0.7693177038035366,-0.4424116035629445,0.4114932347284073
0.06516513445605905,1.5487414010666303,1.5321633774409522,0.3839183388626659,0.3361944380296837,-0.7693177038035366,-0.4424116035629445,0.113144103928995
-1.1415966147302186,-1.3833703010663312,1.5321633774409522,-0.7585597555983086,0.15067202651315148,1.299853097174238,-0.4424116035629445,0.07268998449856622
0.06516513445605905,0.5713708336889765,1.5321633774409522,-0.872807565044406,-0.19718249508034646,-0.7693177038035366,-0.4424116035629445,0.31541470108113895
0.06516513445605905,1.5487414010666303,1.5321633774409522,0.041174910524373554,0.3593847394692502,-0.7693177038035366,-0.4424116035629445,0.113144103928995
0.06516513445605905,-0.731789922814562,1.5321633774409522,1.6406442427697379,0.15067202651315148,-0.7693177038035366,-0.4424116035629445,0.2092226375762634
1.2719268836423367,-0.08020954456279278,1.5321633774409522,-0.3586924225369675,0.45214594522751633,-0.7693177038035366,-0.4424116035629445,0.4114932347284073
-1.1415966147302186,-0.08020954456279278,1.5321633774409522,1.8120159569388838,0.3825750409088168,1.299853097174238,-0.4424116035629445,0.4114932347284073
1.2719268836423367,1.5487414010666303,1.5321633774409522,-0.872807565044406,0.15067202651315148,-0.7693177038035366,-0.4424116035629445,0.113144103928995
1.2719268836423367,-0.731789922814562,1.5321633774409522,2.1547593852771763,0.05791082075488536,-0.7693177038035366,1.5777327049436507,0.2092226375762634
0.06516513445605905,-0.731789922814562,1.5321633774409522,-0.9870553744905034,0.15067202651315148,-0.7693177038035366,-0.4424116035629445,0.2092226375762634
1.2719268836423367,-0.731789922814562,1.5321633774409522,0.4981661483087633,0.0115302178757523,-0.7693177038035366,-0.4424116035629445,0.2092226375762634
0.06516513445605905,1.5487414010666303,1.5321633774409522,0.155422719970471,0.173862327952718,-0.7693177038035366,-0.4424116035629445,0.113144103928995
0.06516513445605905,-0.731789922814562,1.5321633774409522,-0.8156836603213573,0.7072392610627481,-0.7693177038035366,-0.4424116035629445,0.2092226375762634
-1.1415966147302186,1.5487414010666303,1.5321633774409522,-0.01594899419867517,0.7072392610627481,1.299853097174238,1.5777327049436507,0.113144103928995
0.06516513445605905,-0.731789922814562,1.5321633774409522,0.3267944341396172,-0.17399219364077992,-0.7693177038035366,-0.4424116035629445,0.2092226375762634
1.2719268836423367,1.5487414010666303,1.5321633774409522,8.72400842842778,0.24343323227141758,-0.7693177038035366,-0.4424116035629445,0.113144103928995
-1.1415966147302186,-0.08020954456279278,1.5321633774409522,0.26967052941656844,0.6608586581836151,1.299853097174238,-0.4424116035629445,0.4114932347284073
0.06516513445605905,-0.08020954456279278,1.5321633774409522,-0.13019680364477262,0.3825750409088168,-0.7693177038035366,-0.4424116035629445,0.4114932347284073
1.2719268836423367,1.5487414010666303,1.5321633774409522,1.183653004985348,0.45214594522751633,-0.7693177038035366,-0.4424116035629445,0.113144103928995
1.2719268836423367,-0.08020954456279278,1.5321633774409522,-0.7585597555983086,0.26662353371098413,-0.7693177038035366,-0.4424116035629445,0.4114932347284073
-1.1415966147302186,-0.731789922814562,1.5321633774409522,-0.9299314697674548,0.7072392610627481,1.299853097174238,-0.4424116035629445,0.2092226375762634
1.2719268836423367,-0.731789922814562,1.5321633774409522,1.6406442427697379,0.15067202651315148,-0.7693177038035366,-0.4424116035629445,0.2092226375762634
1.2719268836423367,1.5487414010666303,1.5321633774409522,-0.872807565044406,0.26662353371098413,-0.7693177038035366,1.5777327049436507,0.113144103928995
-1.1415966147302186,1.5487414010666303,1.5321633774409522,-0.5871880414291624,0.6608586581836151,1.299853097174238,-0.4424116035629445,0.113144103928995
1.2719268836423367,1.5487414010666303,1.5321633774409522,-0.7585597555983086,-0.19718249508034646,-0.7693177038035366,-0.4424116035629445,0.113144103928995
1.2719268836423367,-0.731789922814562,1.5321633774409522,-0.07307289892172389,0.3361944380296837,-0.7693177038035366,-0.4424116035629445,0.2092226375762634
0.06516513445605905,-0.08020954456279278,1.5321633774409522,-0.18732070836782133,-0.17399219364077992,-0.7693177038035366,-0.4424116035629445,0.4114932347284073
0.06516513445605905,1.5487414010666303,1.5321633774409522,0.8980334813701044,0.26662353371098413,-0.7693177038035366,-0.4424116035629445,0.113144103928995
1.2719268836423367,-0.08020954456279278,1.5321633774409522,-0.3015685178139188,0.26662353371098413,-0.7693177038035366,1.5777327049436507,0.4114932347284073
0.06516513445605905,-0.08020954456279278,1.5321633774409522,-0.5871880414291624,0.173862327952718,-0.7693177038035366,-0.4424116035629445,0.4114932347284073
-1.1415966147302186,0.5713708336889765,1.5321633774409522,-0.6443119461522111,0.24343323227141758,1.299853097174238,-0.4424116035629445,0.31541470108113895
-1.1415966147302186,0.5713708336889765,1.5321633774409522,-0.9870553744905034,-0.7305594281903766,1.299853097174238,-0.4424116035629445,0.31541470108113895
0.06516513445605905,-0.08020954456279278,1.5321633774409522,1.3550247191544942,0.05791082075488536,-0.7693177038035366,-0.4424116035629445,0.4114932347284073
0.06516513445605905,1.5487414010666303,1.5321633774409522,-0.5300641367061136,0.24343323227141758,-0.7693177038035366,1.5777327049436507,0.113144103928995
-1.1415966147302186,-0.08020954456279278,1.5321633774409522,-0.7585597555983086,0.3593847394692502,1.299853097174238,-0.4424116035629445,0.4114932347284073
-1.1415966147302186,-1.3833703010663312,1.5321633774409522,0.4981661483087633,0.24343323227141758,1.299853097174238,1.5777327049436507,0.07268998449856622
1.2719268836423367,1.5487414010666303,1.5321633774409522,-0.9299314697674548,0.0115302178757523,-0.7693177038035366,-0.4424116035629445,0.113144103928995
-1.1415966147302186,-0.08020954456279278,1.5321633774409522,-0.3586924225369675,0.6608586581836151,1.299853097174238,-0.4424116035629445,0.4114932347284073
-1.1415966147302186,-0.731789922814562,1.5321633774409522,-0.7585597555983086,0.15067202651315148,1.299853097174238,-0.4424116035629445,0.2092226375762634
1.2719268836423367,1.5487414010666303,1.5321633774409522,-0.47294023198306495,0.3825750409088168,-0.7693177038035366,-0.4424116035629445,0.113144103928995
1.2719268836423367,-0.08020954456279278,1.5321633774409522,-0.5300641367061136,0.3825750409088168,-0.7693177038035366,1.5777327049436507,0.4114932347284073
1.2719268836423367,-1.3833703010663312,1.5321633774409522,-0.872807565044406,-0.17399219364077992,-0.7693177038035366,-0.4424116035629445,0.07268998449856622
1.2719268836423367,-0.731789922814562,1.5321633774409522,-0.9299314697674548,-0.17399219364077992,-0.7693177038035366,1.5777327049436507,0.2092226375762634
0.06516513445605905,1.5487414010666303,1.5321633774409522,-0.7585597555983086,0.26662353371098413,-0.7693177038035366,-0.4424116035629445,0.113144103928995
1.2719268836423367,1.5487414010666303,1.5321633774409522,-0.4158163272600162,0.26662353371098413,-0.7693177038035366,1.5777327049436507,0.113144103928995
0.06516513445605905,-1.3833703010663312,1.5321633774409522,-0.13019680364477262,0.6608586581836151,-0.7693177038035366,1.5777327049436507,0.07268998449856622
0.06516513445605905,1.5487414010666303,1.5321633774409522,-0.5871880414291624,-0.7305594281903766,-0.7693177038035366,-0.4424116035629445,0.113144103928995
1.2719268836423367,-0.731789922814562,1.5321633774409522,1.8120159569388838,0.05791082075488536,-0.7693177038035366,-0.4424116035629445,0.2092226375762634
-1.1415966147302186,1.5487414010666303,1.5321633774409522,0.26967052941656844,0.6608586581836151,1.299853097174238,-0.4424116035629445,0.113144103928995
-1.1415966147302186,-0.731789922814562,1.5321633774409522,0.3267944341396172,0.05791082075488536,1.299853097174238,1.5777327049436507,0.2092226375762634
1.2719268836423367,-0.731789922814562,1.5321633774409522,-0.47294023198306495,-0.7305594281903766,-0.7693177038035366,-0.4424116035629445,0.2092226375762634
0.06516513445605905,-1.3833703010663312,1.5321633774409522,-0.24444461309087007,0.3361944380296837,-0.7693177038035366,-0.4424116035629445,0.07268998449856622
0.06516513445605905,1.5487414010666303,1.5321633774409522,0.6695378624779095,0.45214594522751633,-0.7693177038035366,-0.4424116035629445,0.113144103928995
-1.1415966147302186,-0.08020954456279278,1.5321633774409522,1.0122812908162018,0.05791082075488536,1.299853097174238,-0.4424116035629445,0.4114932347284073
1.2719268836423367,-1.3833703010663312,1.5321633774409522,-0.9299314697674548,0.3593847394692502,-0.7693177038035366,-0.4424116035629445,0.07268998449856622
1.2719268836423367,-0.731789922814562,1.5321633774409522,-0.6443119461522111,0.3593847394692502,-0.7693177038035366,-0.4424116035629445,0.2092226375762634
1.2719268836423367,-0.731789922814562,1.5321633774409522,0.4410422435857146,0.3593847394692502,-0.7693177038035366,1.5777327049436507,0.2092226375762634
-1.1415966147302186,0.5713708336889765,1.5321633774409522,-0.7585597555983086,0.173862327952718,1.299853097174238,-0.4424116035629445,0.31541470108113895
0.06516513445605905,0.5713708336889765,1.5321633774409522,0.09829881524742227,0.3825750409088168,-0.7693177038035366,-0.4424116035629445,0.31541470108113895
0.06516513445605905,-1.3833703010663312,1.5321633774409522,0.041174910524373554,0.3593847394692502,-0.7693177038035366,1.5777327049436507,0.07268998449856622
-1.1415966147302186,0.5713708336889765,1.5321633774409522,-0.872807565044406,0.15067202651315148,1.299853097174238,-0.4424116035629445,0.31541470108113895
0.06516513445605905,-0.08020954456279278,1.5321633774409522,-0.47294023198306495,0.15067202651315148,-0.7693177038035366,-0.4424116035629445,0.4114932347284073
-1.1415966147302186,0.5713708336889765,1.5321633774409522,0.155422719970471,0.173862327952718,1.299853097174238,-0.4424116035629445,0.31541470108113895
-1.1415966147302186,-1.3833703010663312,1.5321633774409522,-0.5300641367061136,0.05791082075488536,1.299853097174238,-0.4424116035629445,0.07268998449856622
1.2719268836423367,1.5487414010666303,1.5321633774409522,-0.6443119461522111,0.7072392610627481,-0.7693177038035366,-0.4424116035629445,0.113144103928995
-1.1415966147302186,1.5487414010666303,1.5321633774409522,0.555290053031812,0.15067202651315148,1.299853097174238,-0.4424116035629445,0.113144103928995
-1.1415966147302186,1.5487414010666303,1.5321633774409522,-0.07307289892172389,0.3593847394692502,1.299853097174238,-0.4424116035629445,0.113144103928995
1.2719268836423367,-0.08020954456279278,1.5321633774409522,-0.07307289892172389,-0.19718249508034646,-0.7693177038035366,-0.4424116035629445,0.4114932347284073
-1.1415966147302186,-0.08020954456279278,1.5321633774409522,1.5263964333236404,-0.12761159076164688,1.299853097174238,-0.4424116035629445,0.4114932347284073
-1.1415966147302186,1.5487414010666303,1.5321633774409522,1.412148623877543,0.6608586581836151,1.299853097174238,-0.4424116035629445,0.113144103928995
-1.1415966147302186,-0.731789922814562,1.5321633774409522,-0.872807565044406,0.6608586581836151,1.299853097174238,1.5777327049436507,0.2092226375762634
0.06516513445605905,0.5713708336889765,1.5321633774409522,1.6406442427697379,0.15067202651315148,-0.7693177038035366,-0.4424116035629445,0.31541470108113895
0.06516513445605905,1.5487414010666303,1.5321633774409522,0.8980334813701044,0.3593847394692502,-0.7693177038035366,-0.4424116035629445,0.113144103928995
-1.1415966147302186,1.5487414010666303,1.5321633774409522,-0.6443119461522111,0.7072392610627481,1.299853097174238,-0.4424116035629445,0.113144103928995
1.2719268836423367,-1.3833703010663312,1.5321633774409522,2.497502813615468,0.3593847394692502,-0.7693177038035366,-0.4424116035629445,0.07268998449856622
-1.1415966147302186,-1.3833703010663312,1.5321633774409522,1.0694051955392505,0.45214594522751633,1.299853097174238,-0.4424116035629445,0.07268998449856622
0.06516513445605905,-0.08020954456279278,1.5321633774409522,-0.872807565044406,0.173862327952718,-0.7693177038035366,-0.4424116035629445,0.4114932347284073
-1.1415966147302186,-1.3833703010663312,1.5321633774409522,-0.9299314697674548,0.3593847394692502,1.299853097174238,-0.4424116035629445,0.07268998449856622
1.2719268836423367,0.5713708336889765,1.5321633774409522,0.4981661483087633,0.7072392610627481,-0.7693177038035366,-0.4424116035629445,0.31541470108113895
-1.1415966147302186,-0.08020954456279278,1.5321633774409522,-0.24444461309087007,0.3593847394692502,1.299853097174238,-0.4424116035629445,0.4114932347284073
0.06516513445605905,0.5713708336889765,1.5321633774409522,-0.7585597555983086,0.6608586581836151,-0.7693177038035366,-0.4424116035629445,0.31541470108113895
-1.1415966147302186,1.5487414010666303,1.5321633774409522,-0.8156836603213573,0.3593847394692502,1.299853097174238,1.5777327049436507,0.113144103928995
1.2719268836423367,1.5487414010666303,1.5321633774409522,-0.872807565044406,0.45214594522751633,-0.7693177038035366,1.5777327049436507,0.113144103928995
-1.1415966147302186,-0.731789922814562,1.5321633774409522,1.0122812908162018,-0.19718249508034646,1.299853097174238,-0.4424116035629445,0.2092226375762634
1.2719268836423367,-1.3833703010663312,1.5321633774409522,-0.6443119461522111,0.7072392610627481,-0.7693177038035366,-0.4424116035629445,0.07268998449856622
0.06516513445605905,1.5487414010666303,1.5321633774409522,-0.7585597555983086,0.3361944380296837,-0.7693177038035366,-0.4424116035629445,0.113144103928995
0.06516513445605905,0.5713708336889765,1.5321633774409522,-0.6443119461522111,0.15067202651315148,-0.7693177038035366,-0.4424116035629445,0.31541470108113895
-1.1415966147302186,-0.731789922814562,1.5321633774409522,-0.3586924225369675,0.173862327952718,1.299853097174238,-0.4424116035629445,0.2092226375762634
-1.1415966147302186,-0.731789922814562,1.5321633774409522,-0.872807565044406,0.3825750409088168,1.299853097174238,-0.4424116035629445,0.2092226375762634
0.06516513445605905,0.5713708336889765,1.5321633774409522,0.4410422435857146,-0.7305594281903766,-0.7693177038035366,-0.4424116035629445,0.31541470108113895
0.06516513445605905,0.5713708336889765,1.5321633774409522,0.09829881524742227,0.3361944380296837,-0.7693177038035366,-0.4424116035629445,0.31541470108113895
0.06516513445605905,0.5713708336889765,1.5321633774409522,0.4981661483087633,0.0115302178757523,-0.7693177038035366,-0.4424116035629445,0.31541470108113895
1.2719268836423367,-0.731789922814562,1.6709462920642268,0.09829881524742227,0.15067202651315148,-0.7693177038035366,-0.4424116035629445,0.2092226375762634
0.06516513445605905,-0.731789922814562,1.6709462920642268,-0.8156836603213573,0.6608586581836151,-0.7693177038035366,-0.4424116035629445,0.2092226375762634
0.06516513445605905,0.5713708336889765,1.6709462920642268,1.3550247191544942,0.3825750409088168,-0.7693177038035366,-0.4424116035629445,0.31541470108113895
0.06516513445605905,-1.3833703010663312,1.6709462920642268,-0.872807565044406,0.26662353371098413,-0.7693177038035366,-0.4424116035629445,0.07268998449856622
-1.1415966147302186,0.5713708336889765,1.6709462920642268,-0.01594899419867517,0.24343323227141758,1.299853097174238,-0.4424116035629445,0.31541470108113895
1.2719268836423367,-0.08020954456279278,1.6709462920642268,-0.47294023198306495,0.3593847394692502,-0.7693177038035366,-0.4424116035629445,0.4114932347284073
0.06516513445605905,-0.731789922814562,1.6709462920642268,1.2407769097083967,0.24343323227141758,-0.7693177038035366,1.5777327049436507,0.2092226375762634
1.2719268836423367,0.5713708336889765,1.6709462920642268,0.6695378624779095,0.3593847394692502,-0.7693177038035366,-0.4424116035629445,0.31541470108113895
0.06516513445605905,0.5713708336889765,1.6709462920642268,0.09829881524742227,0.3361944380296837,-0.7693177038035366,-0.4424116035629445,0.31541470108113895
-1.1415966147302186,0.5713708336889765,1.6709462920642268,-0.5871880414291624,0.6608586581836151,1.299853097174238,-0.4424116035629445,0.31541470108113895
0.06516513445605905,-1.3833703010663312,1.6709462920642268,-0.18732070836782133,-0.12761159076164688,-0.7693177038035366,-0.4424116035629445,0.07268998449856622
1.2719268836423367,-1.3833703010663312,1.6709462920642268,-0.872807565044406,0.3361944380296837,-0.7693177038035366,1.5777327049436507,0.07268998449856622
1.2719268836423367,-0.08020954456279278,1.6709462920642268,0.4981661483087633,0.0115302178757523,-0.7693177038035366,-0.4424116035629445,0.4114932347284073
1.2719268836423367,-0.08020954456279278,1.6709462920642268,1.4692725286005917,0.6608586581836151,-0.7693177038035366,-0.4424116035629445,0.4114932347284073
1.2719268836423367,0.5713708336889765,1.6709462920642268,-0.9299314697674548,0.15067202651315148,-0.7693177038035366,-0.4424116035629445,0.31541470108113895
-1.1415966147302186,-1.3833703010663312,1.6709462920642268,-0.9299314697674548,0.3593847394692502,1.299853097174238,-0.4424116035629445,0.07268998449856622
1.2719268836423367,-1.3833703010663312,1.6709462920642268,-0.3586924225369675,-0.7305594281903766,-0.7693177038035366,-0.4424116035629445,0.07268998449856622
1.2719268836423367,-0.08020954456279278,1.6709462920642268,-0.8156836603213573,0.15067202651315148,-0.7693177038035366,-0.4424116035629445,0.4114932347284073
1.2719268836423367,-1.3833703010663312,1.6709462920642268,0.3839183388626659,0.45214594522751633,-0.7693177038035366,-0.4424116035629445,0.07268998449856622
1.2719268836423367,1.5487414010666303,1.6709462920642268,-0.7585597555983086,0.7072392610627481,-0.7693177038035366,-0.4424116035629445,0.113144103928995
0.06516513445605905,-1.3833703010663312,1.6709462920642268,-0.872807565044406,0.24343323227141758,-0.7693177038035366,-0.4424116035629445,0.07268998449856622
1.2719268836423367,-0.08020954456279278,1.6709462920642268,-0.13019680364477262,-0.12761159076164688,-0.7693177038035366,-0.4424116035629445,0.4114932347284073
-1.1415966147302186,0.5713708336889765,1.6709462920642268,-0.5300641367061136,0.45214594522751633,1.299853097174238,1.5777327049436507,0.31541470108113895
0.06516513445605905,-0.731789922814562,1.6709462920642268,-0.47294023198306495,0.6608586581836151,-0.7693177038035366,-0.4424116035629445,0.2092226375762634
0.06516513445605905,-0.731789922814562,1.6709462920642268,2.040511575831079,-0.12761159076164688,-0.7693177038035366,-0.4424116035629445,0.2092226375762634
-1.1415966147302186,1.5487414010666303,1.6709462920642268,-0.47294023198306495,0.3593847394692502,1.299853097174238,-0.4424116035629445,0.113144103928995
-1.1415966147302186,-0.731789922814562,1.6709462920642268,-0.47294023198306495,-0.17399219364077992,1.299853097174238,-0.4424116035629445,0.2092226375762634
1.2719268836423367,0.5713708336889765,1.6709462920642268,0.9551573860931531,0.24343323227141758,-0.7693177038035366,-0.4424116035629445,0.31541470108113895
1.2719268836423367,-0.08020954456279278,1.6709462920642268,0.7837856719240069,0.173862327952718,-0.7693177038035366,-0.4424116035629445,0.4114932347284073
0.06516513445605905,-0.731789922814562,1.6709462920642268,-0.9299314697674548,-0.19718249508034646,-0.7693177038035366,-0.4424116035629445,0.2092226375762634
1.2719268836423367,0.5713708336889765,1.6709462920642268,0.9551573860931531,0.3593847394692502,-0.7693177038035366,-0.4424116035629445,0.31541470108113895
-1.1415966147302186,-0.731789922814562,1.6709462920642268,-0.01594899419867517,0.6608586581836151,1.299853097174238,-0.4424116035629445,0.2092226375762634
0.06516513445605905,-0.731789922814562,1.6709462920642268,1.5263964333236404,0.6608586581836151,-0.7693177038035366,-0.4424116035629445,0.2092226375762634
1.2719268836423367,-0.08020954456279278,1.6709462920642268,1.4692725286005917,0.24343323227141758,-0.7693177038035366,-0.4424116035629445,0.4114932347284073
1.2719268836423367,-0.731789922814562,1.6709462920642268,0.7837856719240069,0.15067202651315148,-0.7693177038035366,-0.4424116035629445,0.2092226375762634
-1.1415966147302186,-0.08020954456279278,1.6709462920642268,-0.7014358508752598,0.173862327952718,1.299853097174238,-0.4424116035629445,0.4114932347284073
0.06516513445605905,-0.731789922814562,1.6709462920642268,-0.8156836603213573,-0.19718249508034646,-0.7693177038035366,-0.4424116035629445,0.2092226375762634
1.2719268836423367,-1.3833703010663312,1.6709462920642268,0.09829881524742227,0.7072392610627481,-0.7693177038035366,-0.4424116035629445,0.07268998449856622
0.06516513445605905,-1.3833703010663312,1.6709462920642268,4.039848241137784,0.6608586581836151,-0.7693177038035366,-0.4424116035629445,0.07268998449856622
0.06516513445605905,-0.731789922814562,1.6709462920642268,-0.8156836603213573,0.7072392610627481,-0.7693177038035366,-0.4424116035629445,0.2092226375762634
1.2719268836423367,-1.3833703010663312,1.6709462920642268,-0.13019680364477262,0.15067202651315148,-0.7693177038035366,-0.4424116035629445,0.07268998449856622
-1.1415966147302186,-0.08020954456279278,1.6709462920642268,-0.872807565044406,0.15067202651315148,1.299853097174238,1.5777327049436507,0.4114932347284073
-1.1415966147302186,-0.731789922814562,1.6709462920642268,0.155422719970471,0.05791082075488536,1.299853097174238,-0.4424116035629445,0.2092226375762634
1.2719268836423367,0.5713708336889765,1.6709462920642268,-0.8156836603213573,0.24343323227141758,-0.7693177038035366,-0.4424116035629445,0.31541470108113895
0.06516513445605905,1.5487414010666303,1.6709462920642268,-0.7014358508752598,0.15067202651315148,-0.7693177038035366,-0.4424116035629445,0.113144103928995
0.06516513445605905,1.5487414010666303,1.6709462920642268,0.041174910524373554,0.7072392610627481,-0.7693177038035366,-0.4424116035629445,0.113144103928995
0.06516513445605905,-0.731789922814562,1.6709462920642268,-0.24444461309087007,0.7072392610627481,-0.7693177038035366,1.5777327049436507,0.2092226375762634
1.2719268836423367,-0.08020954456279278,1.6709462920642268,-0.9299314697674548,0.45214594522751633,-0.7693177038035366,-0.4424116035629445,0.4114932347284073
1.2719268836423367,-1.3833703010663312,1.6709462920642268,-0.01594899419867517,0.3593847394692502,-0.7693177038035366,-0.4424116035629445,0.07268998449856622
1.2719268836423367,0.5713708336889765,1.6709462920642268,0.555290053031812,0.6608586581836151,-0.7693177038035366,-0.4424116035629445,0.31541470108113895
0.06516513445605905,-1.3833703010663312,1.6709462920642268,-0.47294023198306495,0.6608586581836151,-0.7693177038035366,1.5777327049436507,0.07268998449856622
0.06516513445605905,-0.731789922814562,1.6709462920642268,-0.6443119461522111,-0.12761159076164688,-0.7693177038035366,-0.4424116035629445,0.2092226375762634
0.06516513445605905,-0.08020954456279278,1.6709462920642268,-0.01594899419867517,-0.17399219364077992,-0.7693177038035366,-0.4424116035629445,0.4114932347284073
-1.1415966147302186,-0.731789922814562,1.6709462920642268,0.3839183388626659,0.6608586581836151,1.299853097174238,3.597877013450246,0.2092226375762634
1.2719268836423367,-1.3833703010663312,1.6709462920642268,0.2125466246935197,0.3825750409088168,-0.7693177038035366,-0.4424116035629445,0.07268998449856622
1.2719268836423367,-0.731789922814562,1.6709462920642268,0.555290053031812,0.3593847394692502,-0.7693177038035366,-0.4424116035629445,0.2092226375762634
0.06516513445605905,0.5713708336889765,1.6709462920642268,-0.18732070836782133,-0.19718249508034646,-0.7693177038035366,-0.4424116035629445,0.31541470108113895
0.06516513445605905,-0.08020954456279278,1.6709462920642268,-0.6443119461522111,0.45214594522751633,-0.7693177038035366,-0.4424116035629445,0.4114932347284073
-1.1415966147302186,-0.731789922814562,1.6709462920642268,1.4692725286005917,0.0115302178757523,1.299853097174238,-0.4424116035629445,0.2092226375762634
-1.1415966147302186,1.5487414010666303,1.6709462920642268,1.5263964333236404,0.15067202651315148,1.299853097174238,-0.4424116035629445,0.113144103928995
1.2719268836423367,1.5487414010666303,1.6709462920642268,-0.9299314697674548,0.173862327952718,-0.7693177038035366,-0.4424116035629445,0.113144103928995
-1.1415966147302186,1.5487414010666303,1.6709462920642268,1.1265291002622992,-0.19718249508034646,1.299853097174238,-0.4424116035629445,0.113144103928995
-1.1415966147302186,-1.3833703010663312,1.6709462920642268,-0.13019680364477262,0.05791082075488536,1.299853097174238,-0.4424116035629445,0.07268998449856622
0.06516513445605905,0.5713708336889765,1.6709462920642268,-0.872807565044406,0.45214594522751633,-0.7693177038035366,-0.4424116035629445,0.31541470108113895
0.06516513445605905,0.5713708336889765,1.6709462920642268,-0.47294023198306495,0.173862327952718,-0.7693177038035366,-0.4424116035629445,0.31541470108113895
-1.1415966147302186,-0.08020954456279278,1.6709462920642268,1.926263766384981,0.7072392610627481,1.299853097174238,-0.4424116035629445,0.4114932347284073
0.06516513445605905,-0.08020954456279278,1.6709462920642268,-0.3015685178139188,-0.19718249508034646,-0.7693177038035366,-0.4424116035629445,0.4114932347284073
1.2719268836423367,-1.3833703010663312,1.6709462920642268,-0.4158163272600162,0.3593847394692502,-0.7693177038035366,-0.4424116035629445,0.07268998449856622
-1.1415966147302186,-0.08020954456279278,1.6709462920642268,0.4981661483087633,0.0115302178757523,1.299853097174238,-0.4424116035629445,0.4114932347284073
0.06516513445605905,0.5713708336889765,1.6709462920642268,-0.8156836603213573,0.3593847394692502,-0.7693177038035366,1.5777327049436507,0.31541470108113895
-1.1415966147302186,-0.731789922814562,1.6709462920642268,-0.5871880414291624,-0.7305594281903766,1.299853097174238,-0.4424116035629445,0.2092226375762634
-1.1415966147302186,0.5713708336889765,1.6709462920642268,-0.47294023198306495,0.3593847394692502,1.299853097174238,-0.4424116035629445,0.31541470108113895
-1.1415966147302186,1.5487414010666303,1.6709462920642268,-0.5871880414291624,0.6608586581836151,1.299853097174238,-0.4424116035629445,0.113144103928995
-1.1415966147302186,-0.731789922814562,1.6709462920642268,0.8980334813701044,0.24343323227141758,1.299853097174238,-0.4424116035629445,0.2092226375762634
-1.1415966147302186,-0.731789922814562,1.6709462920642268,-0.7014358508752598,0.3825750409088168,1.299853097174238,-0.4424116035629445,0.2092226375762634
1.2719268836423367,-0.731789922814562,1.6709462920642268,-0.8156836603213573,0.173862327952718,-0.7693177038035366,-0.4424116035629445,0.2092226375762634
0.06516513445605905,0.5713708336889765,1.6709462920642268,2.211883290000225,0.6608586581836151,-0.7693177038035366,-0.4424116035629445,0.31541470108113895
0.06516513445605905,-0.08020954456279278,1.6709462920642268,-0.8156836603213573,0.24343323227141758,-0.7693177038035366,-0.4424116035629445,0.4114932347284073
-1.1415966147302186,1.5487414010666303,1.6709462920642268,0.09829881524742227,0.24343323227141758,1.299853097174238,1.5777327049436507,0.113144103928995
1.2719268836423367,1.5487414010666303,1.6709462920642268,-0.6443119461522111,0.6608586581836151,-0.7693177038035366,-0.4424116035629445,0.113144103928995
0.06516513445605905,-1.3833703010663312,1.6709462920642268,-0.24444461309087007,0.26662353371098413,-0.7693177038035366,-0.4424116035629445,0.07268998449856622
-1.1415966147302186,0.5713708336889765,1.6709462920642268,1.754892052215835,0.3361944380296837,1.299853097174238,-0.4424116035629445,0.31541470108113895
-1.1415966147302186,-1.3833703010663312,1.6709462920642268,1.3550247191544942,-0.7305594281903766,1.299853097174238,-0.4424116035629445,0.07268998449856622
-1.1415966147302186,-1.3833703010663312,1.6709462920642268,-0.9299314697674548,0.3825750409088168,1.299853097174238,1.5777327049436507,0.07268998449856622
1.2719268836423367,-0.731789922814562,1.6709462920642268,-0.9870553744905034,0.3825750409088168,-0.7693177038035366,-0.4424116035629445,0.2092226375762634
0.06516513445605905,-0.08020954456279278,1.6709462920642268,-0.3586924225369675,-0.12761159076164688,-0.7693177038035366,-0.4424116035629445,0.4114932347284073
-1.1415966147302186,1.5487414010666303,1.6709462920642268,-0.47294023198306495,-0.12761159076164688,1.299853097174238,1.5777327049436507,0.113144103928995
1.2719268836423367,1.5487414010666303,1.6709462920642268,0.3267944341396172,0.3361944380296837,-0.7693177038035366,-0.4424116035629445,0.113144103928995
0.06516513445605905,-1.3833703010663312,1.6709462920642268,0.6695378624779095,-0.17399219364077992,-0.7693177038035366,-0.4424116035629445,0.07268998449856622
0.06516513445605905,1.5487414010666303,1.6709462920642268,2.211883290000225,0.15067202651315148,-0.7693177038035366,-0.4424116035629445,0.113144103928995
0.06516513445605905,-0.731789922814562,1.6709462920642268,0.4410422435857146,0.6608586581836151,-0.7693177038035366,-0.4424116035629445,0.2092226375762634
-1.1415966147302186,0.5713708336889765,1.6709462920642268,0.4410422435857146,0.45214594522751633,1.299853097174238,-0.4424116035629445,0.31541470108113895
1.2719268836423367,-1.3833703010663312,1.6709462920642268,-0.9870553744905034,0.3593847394692502,-0.7693177038035366,-0.4424116035629445,0.07268998449856622
0.06516513445605905,-0.731789922814562,1.6709462920642268,-0.872807565044406,0.173862327952718,-0.7693177038035366,-0.4424116035629445,0.2092226375762634
1.2719268836423367,-0.08020954456279278,1.6709462920642268,0.041174910524373554,0.15067202651315148,-0.7693177038035366,-0.4424116035629445,0.4114932347284073
1.2719268836423367,-1.3833703010663312,1.6709462920642268,-0.9299314697674548,0.3361944380296837,-0.7693177038035366,-0.4424116035629445,0.07268998449856622
-1.1415966147302186,0.5713708336889765,1.6709462920642268,-0.872807565044406,-0.19718249508034646,1.299853097174238,-0.4424116035629445,0.31541470108113895
-1.1415966147302186,1.5487414010666303,1.6709462920642268,-0.872807565044406,0.3825750409088168,1.299853097174238,-0.4424116035629445,0.113144103928995
-1.1415966147302186,0.5713708336889765,1.6709462920642268,0.26967052941656844,0.3825750409088168,1.299853097174238,1.5777327049436507,0.31541470108113895
1.2719268836423367,-0.08020954456279278,1.6709462920642268,-0.18732070836782133,0.3825750409088168,-0.7693177038035366,3.597877013450246,0.4114932347284073
0.06516513445605905,1.5487414010666303,1.6709462920642268,-0.8156836603213573,0.05791082075488536,-0.7693177038035366,-0.4424116035629445,0.113144103928995
-1.1415966147302186,-0.08020954456279278,1.6709462920642268,1.3550247191544942,0.45214594522751633,1.299853097174238,-0.4424116035629445,0.4114932347284073
0.06516513445605905,-0.08020954456279278,1.6709462920642268,-0.3586924225369675,0.6608586581836151,-0.7693177038035366,-0.4424116035629445,0.4114932347284073
0.06516513445605905,-0.08020954456279278,1.6709462920642268,-0.8156836603213573,0.6608586581836151,-0.7693177038035366,-0.4424116035629445,0.4114932347284073
0.06516513445605905,1.5487414010666303,1.6709462920642268,1.5263964333236404,0.0115302178757523,-0.7693177038035366,-0.4424116035629445,0.113144103928995
1.2719268836423367,-0.731789922814562,1.6709462920642268,-0.4158163272600162,0.3825750409088168,-0.7693177038035366,-0.4424116035629445,0.2092226375762634
-1.1415966147302186,-0.731789922814562,1.6709462920642268,-0.6443119461522111,0.0115302178757523,1.299853097174238,1.5777327049436507,0.2092226375762634
1.2719268836423367,-1.3833703010663312,1.6709462920642268,-0.6443119461522111,0.3825750409088168,-0.7693177038035366,1.5777327049436507,0.07268998449856622
1.2719268836423367,0.5713708336889765,1.6709462920642268,0.3839183388626659,0.3593847394692502,-0.7693177038035366,-0.4424116035629445,0.31541470108113895
1.2719268836423367,-0.731789922814562,1.6709462920642268,-0.5300641367061136,0.3825750409088168,-0.7693177038035366,3.597877013450246,0.2092226375762634
0.06516513445605905,0.5713708336889765,1.6709462920642268,1.8691398616619324,0.24343323227141758,-0.7693177038035366,-0.4424116035629445,0.31541470108113895
0.06516513445605905,-0.731789922814562,1.6709462920642268,0.6124139577548607,0.6608586581836151,-0.7693177038035366,-0.4424116035629445,0.2092226375762634
-1.1415966147302186,-1.3833703010663312,1.6709462920642268,-0.4158163272600162,0.15067202651315148,1.299853097174238,-0.4424116035629445,0.07268998449856622
-1.1415966147302186,-0.731789922814562,1.6709462920642268,-0.07307289892172389,0.3825750409088168,1.299853097174238,-0.4424116035629445,0.2092226375762634
-1.1415966147302186,1.5487414010666303,1.6709462920642268,-0.872807565044406,0.6608586581836151,1.299853097174238,1.5777327049436507,0.113144103928995
-1.1415966147302186,1.5487414010666303,1.6709462920642268,-0.7585597555983086,0.6608586581836151,1.299853097174238,-0.4424116035629445,0.113144103928995
1.2719268836423367,-0.08020954456279278,1.6709462920642268,-0.5871880414291624,0.15067202651315148,-0.7693177038035366,-0.4424116035629445,0.4114932347284073
-1.1415966147302186,0.5713708336889765,1.6709462920642268,-0.9299314697674548,0.45214594522751633,1.299853097174238,-0.4424116035629445,0.31541470108113895
1.2719268836423367,1.5487414010666303,1.6709462920642268,-0.9299314697674548,0.45214594522751633,-0.7693177038035366,1.5777327049436507,0.113144103928995
-1.1415966147302186,0.5713708336889765,1.6709462920642268,-0.18732070836782133,0.173862327952718,1.299853097174238,-0.4424116035629445,0.31541470108113895
0.06516513445605905,0.5713708336889765,1.6709462920642268,-0.7014358508752598,0.6608586581836151,-0.7693177038035366,1.5777327049436507,0.31541470108113895
1.2719268836423367,0.5713708336889765,1.6709462920642268,0.3839183388626659,-0.19718249508034646,-0.7693177038035366,-0.4424116035629445,0.31541470108113895
-1.1415966147302186,-0.08020954456279278,1.6709462920642268,-0.6443119461522111,0.6608586581836151,1.299853097174238,1.5777327049436507,0.4114932347284073
0.06516513445605905,-1.3833703010663312,1.6709462920642268,2.211883290000225,0.0115302178757523,-0.7693177038035366,-0.4424116035629445,0.07268998449856622
-1.1415966147302186,1.5487414010666303,1.6709462920642268,1.2407769097083967,0.15067202651315148,1.299853097174238,-0.4424116035629445,0.113144103928995
0.06516513445605905,-0.08020954456279278,1.6709462920642268,-0.6443119461522111,0.6608586581836151,-0.7693177038035366,-0.4424116035629445,0.4114932347284073
-1.1415966147302186,0.5713708336889765,1.6709462920642268,-0.4158163272600162,0.05791082075488536,1.299853097174238,-0.4424116035629445,0.31541470108113895
1.2719268836423367,-0.731789922814562,1.6709462920642268,0.26967052941656844,0.3593847394692502,-0.7693177038035366,-0.4424116035629445,0.2092226375762634
0.06516513445605905,-0.08020954456279278,1.6709462920642268,-0.9870553744905034,-0.17399219364077992,-0.7693177038035366,-0.4424116035629445,0.4114932347284073
1.2719268836423367,0.5713708336889765,1.6709462920642268,-0.8156836603213573,0.3593847394692502,-0.7693177038035366,-0.4424116035629445,0.31541470108113895
1.2719268836423367,1.5487414010666303,1.6709462920642268,-0.47294023198306495,0.3593847394692502,-0.7693177038035366,1.5777327049436507,0.113144103928995
1.2719268836423367,0.5713708336889765,1.6709462920642268,-0.7014358508752598,0.6608586581836151,-0.7693177038035366,-0.4424116035629445,0.31541470108113895
0.06516513445605905,-0.731789922814562,1.6709462920642268,-0.3015685178139188,0.7072392610627481,-0.7693177038035366,-0.4424116035629445,0.2092226375762634
1.2719268836423367,-0.08020954456279278,1.6709462920642268,-0.47294023198306495,0.3593847394692502,-0.7693177038035366,3.597877013450246,0.4114932347284073
1.2719268836423367,-0.731789922814562,1.6709462920642268,-0.07307289892172389,0.26662353371098413,-0.7693177038035366,-0.4424116035629445,0.2092226375762634
1.2719268836423367,-0.08020954456279278,1.6709462920642268,0.4981661483087633,-0.12761159076164688,-0.7693177038035366,-0.4424116035629445,0.4114932347284073
0.06516513445605905,-0.731789922814562,1.6709462920642268,2.783122337230712,0.6608586581836151,-0.7693177038035366,-0.4424116035629445,0.2092226375762634
0.06516513445605905,-0.08020954456279278,1.6709462920642268,-0.7585597555983086,0.3825750409088168,-0.7693177038035366,-0.4424116035629445,0.4114932347284073
1.2719268836423367,-1.3833703010663312,1.6709462920642268,-0.18732070836782133,0.24343323227141758,-0.7693177038035366,-0.4424116035629445,0.07268998449856622
0.06516513445605905,0.5713708336889765,1.6709462920642268,0.09829881524742227,0.24343323227141758,-0.7693177038035366,1.5777327049436507,0.31541470108113895
0.06516513445605905,-0.08020954456279278,1.6709462920642268,0.2125466246935197,0.26662353371098413,-0.7693177038035366,-0.4424116035629445,0.4114932347284073
0.06516513445605905,0.5713708336889765,1.6709462920642268,-0.7014358508752598,0.6608586581836151,-0.7693177038035366,-0.4424116035629445,0.31541470108113895
1.2719268836423367,-1.3833703010663312,1.6709462920642268,-0.7585597555983086,0.6608586581836151,-0.7693177038035366,-0.4424116035629445,0.07268998449856622
0.06516513445605905,-0.08020954456279278,1.6709462920642268,-0.7585597555983086,0.3593847394692502,-0.7693177038035366,-0.4424116035629445,0.4114932347284073
0.06516513445605905,-1.3833703010663312,1.6709462920642268,-0.872807565044406,0.7072392610627481,-0.7693177038035366,-0.4424116035629445,0.07268998449856622
0.06516513445605905,0.5713708336889765,1.6709462920642268,0.8409095766470557,0.173862327952718,-0.7693177038035366,-0.4424116035629445,0.31541470108113895
0.06516513445605905,0.5713708336889765,1.6709462920642268,-0.9870553744905034,0.3825750409088168,-0.7693177038035366,-0.4424116035629445,0.31541470108113895
1.2719268836423367,-0.731789922814562,1.6709462920642268,1.754892052215835,0.3593847394692502,-0.7693177038035366,-0.4424116035629445,0.2092226375762634
0.06516513445605905,-1.3833703010663312,1.6709462920642268,1.5263964333236404,0.3593847394692502,-0.7693177038035366,-0.4424116035629445,0.07268998449856622
0.06516513445605905,-1.3833703010663312,1.6709462920642268,1.183653004985348,0.3361944380296837,-0.7693177038035366,-0.4424116035629445,0.07268998449856622
1.2719268836423367,0.5713708336889765,1.6709462920642268,-0.9299314697674548,-0.12761159076164688,-0.7693177038035366,-0.4424116035629445,0.31541470108113895
1.2719268836423367,1.5487414010666303,1.6709462920642268,-0.6443119461522111,-0.12761159076164688,-0.7693177038035366,1.5777327049436507,0.113144103928995
0.06516513445605905,1.5487414010666303,1.6709462920642268,-0.13019680364477262,0.6608586581836151,-0.7693177038035366,-0.4424116035629445,0.113144103928995
1.2719268836423367,-1.3833703010663312,1.6709462920642268,-0.9299314697674548,0.173862327952718,-0.7693177038035366,-0.4424116035629445,0.07268998449856622
-1.1415966147302186,1.5487414010666303,1.6709462920642268,2.2690071947232737,-0.19718249508034646,1.299853097174238,-0.4424116035629445,0.113144103928995
-1.1415966147302186,-1.3833703010663312,1.6709462920642268,0.2125466246935197,-0.17399219364077992,1.299853097174238,-0.4424116035629445,0.07268998449856622
-1.1415966147302186,-0.08020954456279278,1.6709462920642268,0.4981661483087633,0.3593847394692502,1.299853097174238,-0.4424116035629445,0.4114932347284073
0.06516513445605905,-1.3833703010663312,1.6709462920642268,0.041174910524373554,0.45214594522751633,-0.7693177038035366,-0.4424116035629445,0.07268998449856622
-1.1415966147302186,-0.08020954456279278,1.6709462920642268,0.9551573860931531,0.45214594522751633,1.299853097174238,1.5777327049436507,0.4114932347284073
-1.1415966147302186,1.5487414010666303,1.6709462920642268,0.041174910524373554,-0.19718249508034646,1.299853097174238,-0.4424116035629445,0.113144103928995
1.2719268836423367,-0.731789922814562,1.6709462920642268,0.8409095766470557,0.15067202651315148,-0.7693177038035366,-0.4424116035629445,0.2092226375762634
-1.1415966147302186,-0.08020954456279278,1.6709462920642268,-0.5300641367061136,-0.7305594281903766,1.299853097174238,-0.4424116035629445,0.4114932347284073
1.2719268836423367,-0.731789922814562,1.6709462920642268,0.4981661483087633,0.7072392610627481,-0.7693177038035366,-0.4424116035629445,0.2092226375762634
0.06516513445605905,1.5487414010666303,1.6709462920642268,-0.3015685178139188,0.173862327952718,-0.7693177038035366,-0.4424116035629445,0.113144103928995
-1.1415966147302186,-0.08020954456279278,1.6709462920642268,0.3839183388626659,0.173862327952718,1.299853097174238,1.5777327049436507,0.4114932347284073
0.06516513445605905,-0.08020954456279278,1.6709462920642268,0.09829881524742227,0.3825750409088168,-0.7693177038035366,-0.4424116035629445,0.4114932347284073
-1.1415966147302186,-1.3833703010663312,1.6709462920642268,-0.872807565044406,-0.19718249508034646,1.299853097174238,-0.4424116035629445,0.07268998449856622
0.06516513445605905,-0.731789922814562,1.6709462920642268,-0.47294023198306495,0.3593847394692502,-0.7693177038035366,-0.4424116035629445,0.2092226375762634
-1.1415966147302186,-0.08020954456279278,1.6709462920642268,1.2979008144314454,0.3825750409088168,1.299853097174238,1.5777327049436507,0.4114932347284073
0.06516513445605905,-0.731789922814562,1.6709462920642268,1.183653004985348,0.26662353371098413,-0.7693177038035366,-0.4424116035629445,0.2092226375762634
1.2719268836423367,-1.3833703010663312,1.6709462920642268,0.26967052941656844,-0.12761159076164688,-0.7693177038035366,-0.4424116035629445,0.07268998449856622
0.06516513445605905,-1.3833703010663312,1.6709462920642268,-0.13019680364477262,0.15067202651315148,-0.7693177038035366,-0.4424116035629445,0.07268998449856622
-1.1415966147302186,0.5713708336889765,1.6709462920642268,0.3839183388626659,-0.19718249508034646,1.299853097174238,-0.4424116035629445,0.31541470108113895
1.2719268836423367,0.5713708336889765,1.6709462920642268,0.3267944341396172,0.6608586581836151,-0.7693177038035366,-0.4424116035629445,0.31541470108113895
0.06516513445605905,1.5487414010666303,1.6709462920642268,-0.872807565044406,-0.12761159076164688,-0.7693177038035366,-0.4424116035629445,0.113144103928995
1.2719268836423367,-0.08020954456279278,1.6709462920642268,0.09829881524742227,0.3825750409088168,-0.7693177038035366,-0.4424116035629445,0.4114932347284073
-1.1415966147302186,-0.731789922814562,1.6709462920642268,0.155422719970471,0.26662353371098413,1.299853097174238,-0.4424116035629445,0.2092226375762634
1.2719268836423367,-0.731789922814562,1.6709462920642268,1.1265291002622992,-0.19718249508034646,-0.7693177038035366,-0.4424116035629445,0.2092226375762634
0.06516513445605905,-0.731789922814562,1.6709462920642268,-0.8156836603213573,0.6608586581836151,-0.7693177038035366,-0.4424116035629445,0.2092226375762634
-1.1415966147302186,0.5713708336889765,1.6709462920642268,-0.7014358508752598,0.26662353371098413,1.299853097174238,1.5777327049436507,0.31541470108113895
-1.1415966147302186,0.5713708336889765,1.6709462920642268,0.7837856719240069,0.24343323227141758,1.299853097174238,-0.4424116035629445,0.31541470108113895
0.06516513445605905,-0.731789922814562,1.6709462920642268,-0.872807565044406,0.3593847394692502,-0.7693177038035366,-0.4424116035629445,0.2092226375762634
0.06516513445605905,-0.08020954456279278,1.6709462920642268,-0.4158163272600162,0.26662353371098413,-0.7693177038035366,1.5777327049436507,0.4114932347284073
1.2719268836423367,-0.731789922814562,1.6709462920642268,-0.872807565044406,0.0115302178757523,-0.7693177038035366,-0.4424116035629445,0.2092226375762634
0.06516513445605905,-1.3833703010663312,1.6709462920642268,3.411485289184248,-0.7305594281903766,-0.7693177038035366,-0.4424116035629445,0.07268998449856622
0.06516513445605905,-0.731789922814562,1.6709462920642268,-0.872807565044406,0.26662353371098413,-0.7693177038035366,-0.4424116035629445,0.2092226375762634
0.06516513445605905,-0.731789922814562,1.6709462920642268,-0.5300641367061136,0.173862327952718,-0.7693177038035366,-0.4424116035629445,0.2092226375762634
0.06516513445605905,-0.731789922814562,1.6709462920642268,2.6688745277846144,0.3825750409088168,-0.7693177038035366,-0.4424116035629445,0.2092226375762634
0.06516513445605905,1.5487414010666303,1.6709462920642268,0.155422719970471,0.45214594522751633,-0.7693177038035366,-0.4424116035629445,0.113144103928995
-1.1415966147302186,-0.731789922814562,1.6709462920642268,-0.8156836603213573,0.3593847394692502,1.299853097174238,-0.4424116035629445,0.2092226375762634
-1.1415966147302186,-0.08020954456279278,1.6709462920642268,-0.5871880414291624,0.24343323227141758,1.299853097174238,-0.4424116035629445,0.4114932347284073
-1.1415966147302186,1.5487414010666303,1.6709462920642268,-0.8156836603213573,0.6608586581836151,1.299853097174238,-0.4424116035629445,0.113144103928995
1.2719268836423367,-1.3833703010663312,1.6709462920642268,-0.3586924225369675,0.26662353371098413,-0.7693177038035366,-0.4424116035629445,0.07268998449856622
0.06516513445605905,1.5487414010666303,1.6709462920642268,0.8409095766470557,0.3361944380296837,-0.7693177038035366,-0.4424116035629445,0.113144103928995
-1.1415966147302186,1.5487414010666303,1.6709462920642268,-0.6443119461522111,0.0115302178757523,1.299853097174238,-0.4424116035629445,0.113144103928995
-1.1415966147302186,1.5487414010666303,1.6709462920642268,0.4981661483087633,0.0115302178757523,1.299853097174238,1.5777327049436507,0.113144103928995
-1.1415966147302186,-0.08020954456279278,1.6709462920642268,-0.7014358508752598,0.173862327952718,1.299853097174238,-0.4424116035629445,0.4114932347284073
-1.1415966147302186,0.5713708336889765,1.6709462920642268,-0.872807565044406,0.15067202651315148,1.299853097174238,-0.4424116035629445,0.31541470108113895
1.2719268836423367,-1.3833703010663312,1.6709462920642268,-0.24444461309087007,0.6608586581836151,-0.7693177038035366,-0.4424116035629445,0.07268998449856622
1.2719268836423367,1.5487414010666303,1.6709462920642268,-0.7014358508752598,0.3825750409088168,-0.7693177038035366,-0.4424116035629445,0.113144103928995
-1.1415966147302186,1.5487414010666303,1.6709462920642268,-0.18732070836782133,0.45214594522751633,1.299853097174238,-0.4424116035629445,0.113144103928995
-1.1415966147302186,-1.3833703010663312,1.6709462920642268,0.3839183388626659,0.3361944380296837,1.299853097174238,-0.4424116035629445,0.07268998449856622
1.2719268836423367,-0.08020954456279278,1.6709462920642268,0.09829881524742227,-0.12761159076164688,-0.7693177038035366,-0.4424116035629445,0.4114932347284073
1.2719268836423367,-0.08020954456279278,1.6709462920642268,-0.18732070836782133,0.3593847394692502,-0.7693177038035366,-0.4424116035629445,0.4114932347284073
-1.1415966147302186,-0.731789922814562,1.6709462920642268,0.3267944341396172,0.24343323227141758,1.299853097174238,-0.4424116035629445,0.2092226375762634
